-- ============================================================
-- 백화점 리테일 (Department Store Retail)
-- 현대백화점 기본반 · 미니프로젝트 연습용 데이터셋 (MySQL)
-- ============================================================
SET NAMES utf8mb4;

SET FOREIGN_KEY_CHECKS = 0;
DROP TABLE IF EXISTS regions;
DROP TABLE IF EXISTS stores;
DROP TABLE IF EXISTS membership_grades;
DROP TABLE IF EXISTS categories;
DROP TABLE IF EXISTS brands;
DROP TABLE IF EXISTS suppliers;
DROP TABLE IF EXISTS products;
DROP TABLE IF EXISTS inventory;
DROP TABLE IF EXISTS employees;
DROP TABLE IF EXISTS members;
DROP TABLE IF EXISTS orders;
DROP TABLE IF EXISTS order_items;
DROP TABLE IF EXISTS payments;
DROP TABLE IF EXISTS reviews;
SET FOREIGN_KEY_CHECKS = 1;

CREATE TABLE regions (region_id INT PRIMARY KEY, region_name VARCHAR(20));

INSERT INTO regions VALUES
(1,'서울'),
(2,'부산'),
(3,'인천'),
(4,'대구'),
(5,'대전'),
(6,'광주'),
(7,'울산'),
(8,'수원'),
(9,'성남'),
(10,'고양'),
(11,'용인'),
(12,'창원'),
(13,'청주'),
(14,'전주'),
(15,'천안');

CREATE TABLE stores (store_id INT PRIMARY KEY, store_name VARCHAR(30), region_id INT, opened_date DATE);

INSERT INTO stores VALUES
(1,'압구정본점',10,'2014-09-01'),
(2,'무역센터점',15,'2019-08-01'),
(3,'판교점',1,'2014-10-01'),
(4,'천호점',4,'2017-08-01'),
(5,'목동점',12,'2014-06-01'),
(6,'중동점',8,'2010-05-01'),
(7,'킨텍스점',4,'2013-02-01'),
(8,'대구점',8,'2019-04-01'),
(9,'부산점',8,'2018-04-01'),
(10,'더현대서울',11,'2020-07-01'),
(11,'울산점',4,'2010-07-01'),
(12,'충청점',8,'2017-04-01');

CREATE TABLE membership_grades (grade_id INT PRIMARY KEY, grade_name VARCHAR(20), min_amount INT);

INSERT INTO membership_grades VALUES
(1,'WELCOME',0),
(2,'GREEN',1000000),
(3,'GOLD',4000000),
(4,'BLACK',10000000),
(5,'VIP',30000000);

CREATE TABLE categories (category_id INT PRIMARY KEY, category_name VARCHAR(20));

INSERT INTO categories VALUES
(1,'여성패션'),
(2,'남성패션'),
(3,'명품'),
(4,'뷰티'),
(5,'리빙'),
(6,'식품'),
(7,'유아동'),
(8,'스포츠'),
(9,'가전'),
(10,'주얼리');

CREATE TABLE brands (brand_id INT PRIMARY KEY, brand_name VARCHAR(30), tier INT);

INSERT INTO brands VALUES
(1,'루미에르',1),
(2,'아틀리에K',5),
(3,'노블레스',3),
(4,'데일리원',3),
(5,'그린필드',4),
(6,'수아상회',4),
(7,'모던하우스',2),
(8,'어반핏',4),
(9,'라보엠',1),
(10,'센텀',4),
(11,'피크닉',4),
(12,'코지홈',1),
(13,'벨라',4),
(14,'스튜디오H',2),
(15,'제인',5),
(16,'오로라',1),
(17,'미니멀',3),
(18,'포레스트',1),
(19,'하루',3),
(20,'엘레강스',3);

CREATE TABLE suppliers (supplier_id INT PRIMARY KEY, supplier_name VARCHAR(30), city VARCHAR(20));

INSERT INTO suppliers VALUES
(1,'김주원 상사','고양'),
(2,'정서연 상사','울산'),
(3,'강주원 상사','부산'),
(4,'정다은 상사','용인'),
(5,'오준서 상사','고양'),
(6,'황지우 상사','수원'),
(7,'안지호 상사','전주'),
(8,'강윤서 상사','성남'),
(9,'김도윤 상사','부산'),
(10,'이유진 상사','광주'),
(11,'송윤서 상사','천안'),
(12,'권하은 상사','용인'),
(13,'홍지아 상사','고양'),
(14,'권준서 상사','인천'),
(15,'강예준 상사','창원');

CREATE TABLE products (product_id INT PRIMARY KEY, product_name VARCHAR(40), category_id INT, brand_id INT, supplier_id INT, price INT);

INSERT INTO products VALUES
(1,'럭셔리 향수',2,5,15,69000),
(2,'데일리 시계',2,2,9,250000),
(3,'데일리 에코백',1,7,5,590000),
(4,'데일리 핸드백',5,5,5,180000),
(5,'클래식 로션',2,17,13,89000),
(6,'클래식 스니커즈',5,6,1,19000),
(7,'컴포트 에코백',10,2,13,89000),
(8,'클래식 팬츠',8,7,9,390000),
(9,'데일리 머플러',1,5,5,89000),
(10,'데일리 시계',7,2,12,49000),
(11,'베이직 원피스',3,4,3,89000),
(12,'베이직 선글라스',1,15,14,590000),
(13,'클래식 선글라스',9,18,4,39000),
(14,'럭셔리 파우치',9,11,5,590000),
(15,'리미티드 팬츠',4,14,4,180000),
(16,'리미티드 니트',4,2,10,89000),
(17,'럭셔리 에코백',1,9,9,890000),
(18,'클래식 니트',8,20,15,19000),
(19,'프리미엄 로션',8,9,13,390000),
(20,'시그니처 텀블러',1,2,12,69000),
(21,'베이직 핸드백',10,15,6,250000),
(22,'베이직 향수',8,14,2,69000),
(23,'프리미엄 셔츠',6,7,11,250000),
(24,'베이직 셔츠',4,6,3,890000),
(25,'클래식 에코백',3,2,4,250000),
(26,'클래식 스니커즈',10,17,15,19000),
(27,'데일리 담요',3,19,11,180000),
(28,'시그니처 스니커즈',2,2,8,390000),
(29,'베이직 팬츠',7,5,12,19000),
(30,'베이직 주방세트',9,2,2,69000),
(31,'리미티드 셔츠',3,13,11,250000),
(32,'컴포트 향수',6,2,4,69000),
(33,'컴포트 셔츠',8,8,4,120000),
(34,'시그니처 쿠션',8,15,8,49000),
(35,'리미티드 코트',4,11,13,19000),
(36,'클래식 주방세트',9,9,1,120000),
(37,'시그니처 팬츠',10,20,6,180000),
(38,'리미티드 니트',8,10,2,39000),
(39,'프리미엄 선글라스',8,2,14,120000),
(40,'프리미엄 선글라스',1,8,1,120000),
(41,'시그니처 텀블러',7,4,15,890000),
(42,'시그니처 로션',8,9,6,890000),
(43,'클래식 주방세트',7,5,13,39000),
(44,'럭셔리 주방세트',4,14,15,250000),
(45,'프리미엄 니트',9,4,12,890000),
(46,'프리미엄 텀블러',5,15,11,89000),
(47,'리미티드 향수',6,16,4,39000),
(48,'럭셔리 핸드백',7,4,10,180000),
(49,'베이직 파우치',1,15,5,89000),
(50,'컴포트 쿠션',2,18,13,49000),
(51,'컴포트 로션',3,2,6,890000),
(52,'베이직 코트',3,9,14,890000),
(53,'시그니처 담요',3,18,12,69000),
(54,'클래식 파우치',10,3,4,39000),
(55,'프리미엄 파우치',4,16,2,390000),
(56,'시그니처 텀블러',8,10,3,39000),
(57,'시그니처 쿠션',8,14,8,19000),
(58,'시그니처 선글라스',2,19,5,39000),
(59,'프리미엄 코트',6,2,3,69000),
(60,'클래식 쿠션',7,8,11,49000),
(61,'데일리 향수',10,11,6,890000),
(62,'컴포트 머플러',4,19,5,69000),
(63,'리미티드 담요',7,6,11,39000),
(64,'프리미엄 시계',2,17,7,39000),
(65,'리미티드 원피스',8,16,15,390000),
(66,'클래식 향수',2,3,7,590000),
(67,'컴포트 코트',5,6,10,39000),
(68,'컴포트 니트',10,12,10,29000),
(69,'시그니처 원피스',9,10,13,19000),
(70,'시그니처 니트',7,12,12,250000),
(71,'클래식 담요',8,5,4,89000),
(72,'시그니처 코트',8,15,13,590000),
(73,'클래식 주방세트',8,11,2,120000),
(74,'럭셔리 선글라스',1,12,8,19000),
(75,'베이직 선글라스',6,19,6,29000),
(76,'프리미엄 핸드백',8,13,5,49000),
(77,'리미티드 원피스',3,18,4,39000),
(78,'리미티드 팬츠',10,4,15,890000),
(79,'시그니처 선글라스',10,1,15,39000),
(80,'컴포트 머플러',10,10,6,390000),
(81,'데일리 향수',7,17,9,49000),
(82,'컴포트 니트',1,10,6,49000),
(83,'클래식 머플러',3,3,11,69000),
(84,'베이직 주방세트',9,9,3,89000),
(85,'프리미엄 셔츠',4,2,9,19000),
(86,'리미티드 시계',2,15,6,29000),
(87,'컴포트 시계',7,11,12,120000),
(88,'베이직 스니커즈',5,10,9,180000),
(89,'베이직 로션',4,5,1,49000),
(90,'럭셔리 쿠션',2,3,9,39000),
(91,'리미티드 원피스',7,15,2,39000),
(92,'리미티드 머플러',3,3,13,49000),
(93,'리미티드 니트',3,12,10,890000),
(94,'프리미엄 시계',1,6,7,590000),
(95,'프리미엄 파우치',4,5,4,180000),
(96,'베이직 시계',3,14,3,120000),
(97,'데일리 담요',2,4,9,19000),
(98,'컴포트 향수',9,15,11,590000),
(99,'시그니처 팬츠',9,19,9,180000),
(100,'베이직 쿠션',2,15,3,49000),
(101,'클래식 니트',9,20,12,19000),
(102,'시그니처 주방세트',4,11,4,180000),
(103,'베이직 스니커즈',1,7,10,590000),
(104,'클래식 텀블러',9,15,2,890000),
(105,'데일리 핸드백',4,11,5,39000),
(106,'프리미엄 에코백',3,9,10,29000),
(107,'프리미엄 니트',2,3,2,39000),
(108,'컴포트 주방세트',1,2,15,890000),
(109,'시그니처 파우치',2,16,7,590000),
(110,'리미티드 스니커즈',8,11,13,39000),
(111,'데일리 에코백',10,20,12,49000),
(112,'데일리 향수',3,15,7,890000),
(113,'리미티드 니트',9,8,4,19000),
(114,'시그니처 에코백',8,11,9,250000),
(115,'리미티드 스니커즈',8,9,6,69000),
(116,'리미티드 로션',4,14,6,49000),
(117,'데일리 코트',9,6,6,49000),
(118,'베이직 로션',10,17,12,390000),
(119,'럭셔리 쿠션',6,9,4,250000),
(120,'프리미엄 코트',6,7,7,250000);

CREATE TABLE inventory (inventory_id INT PRIMARY KEY, store_id INT, product_id INT, stock_qty INT);

INSERT INTO inventory VALUES
(1,1,92,125),
(2,1,14,200),
(3,1,33,118),
(4,1,109,160),
(5,1,23,105),
(6,1,60,38),
(7,1,2,50),
(8,1,94,70),
(9,1,36,139),
(10,1,18,148),
(11,1,86,104),
(12,1,102,163),
(13,1,69,143),
(14,1,51,163),
(15,1,104,178),
(16,1,73,158),
(17,1,88,162),
(18,1,100,87),
(19,1,37,176),
(20,1,108,45),
(21,1,9,105),
(22,1,71,124),
(23,1,119,172),
(24,1,117,29),
(25,1,120,62),
(26,1,111,93),
(27,1,74,96),
(28,1,99,130),
(29,1,1,119),
(30,1,24,24),
(31,1,64,6),
(32,1,11,70),
(33,1,32,110),
(34,1,3,122),
(35,1,47,81),
(36,1,34,94),
(37,1,85,178),
(38,1,90,154),
(39,1,103,148),
(40,1,29,125),
(41,2,92,115),
(42,2,23,95),
(43,2,101,181),
(44,2,42,139),
(45,2,17,118),
(46,2,91,14),
(47,2,86,132),
(48,2,76,93),
(49,2,98,136),
(50,2,16,145),
(51,2,40,96),
(52,2,20,174),
(53,2,79,39),
(54,2,103,108),
(55,2,72,72),
(56,2,106,93),
(57,2,84,42),
(58,2,71,148),
(59,2,70,131),
(60,2,54,164),
(61,2,96,100),
(62,2,112,126),
(63,2,61,81),
(64,2,33,123),
(65,2,110,130),
(66,2,67,192),
(67,2,111,193),
(68,2,102,157),
(69,2,6,183),
(70,2,99,187),
(71,2,8,135),
(72,2,30,103),
(73,2,48,20),
(74,2,117,180),
(75,2,80,29),
(76,2,29,1),
(77,2,59,18),
(78,2,97,24),
(79,2,35,57),
(80,2,87,123),
(81,3,29,179),
(82,3,42,40),
(83,3,101,138),
(84,3,26,78),
(85,3,8,128),
(86,3,1,140),
(87,3,96,50),
(88,3,118,200),
(89,3,120,75),
(90,3,116,107),
(91,3,32,163),
(92,3,81,59),
(93,3,36,44),
(94,3,64,17),
(95,3,33,105),
(96,3,76,56),
(97,3,106,157),
(98,3,57,127),
(99,3,10,155),
(100,3,47,161),
(101,3,5,38),
(102,3,18,122),
(103,3,74,116),
(104,3,69,94),
(105,3,6,81),
(106,3,107,199),
(107,3,19,76),
(108,3,82,140),
(109,3,9,42),
(110,3,53,164),
(111,3,62,186),
(112,3,52,71),
(113,3,99,88),
(114,3,80,69),
(115,3,68,161),
(116,3,114,124),
(117,3,27,132),
(118,3,79,66),
(119,3,22,128),
(120,3,15,154),
(121,4,26,128),
(122,4,97,90),
(123,4,69,122),
(124,4,62,185),
(125,4,25,193),
(126,4,54,48),
(127,4,7,168),
(128,4,53,157),
(129,4,81,41),
(130,4,10,44),
(131,4,58,33),
(132,4,11,12),
(133,4,2,93),
(134,4,48,11),
(135,4,106,128),
(136,4,103,90),
(137,4,119,83),
(138,4,112,92),
(139,4,110,31),
(140,4,43,24),
(141,4,52,36),
(142,4,29,92),
(143,4,36,163),
(144,4,4,149),
(145,4,37,32),
(146,4,30,56),
(147,4,3,131),
(148,4,79,184),
(149,4,44,47),
(150,4,120,105),
(151,4,28,110),
(152,4,64,2),
(153,4,77,175),
(154,4,74,163),
(155,4,105,28),
(156,4,99,123),
(157,4,66,4),
(158,4,76,72),
(159,4,9,90),
(160,4,38,191),
(161,5,49,169),
(162,5,103,194),
(163,5,67,101),
(164,5,68,186),
(165,5,73,16),
(166,5,79,58),
(167,5,55,20),
(168,5,58,180),
(169,5,27,30),
(170,5,107,89),
(171,5,111,62),
(172,5,59,106),
(173,5,90,155),
(174,5,113,192),
(175,5,96,25),
(176,5,106,27),
(177,5,13,85),
(178,5,104,140),
(179,5,74,182),
(180,5,23,183),
(181,5,110,87),
(182,5,108,188),
(183,5,95,106),
(184,5,47,46),
(185,5,6,20),
(186,5,24,61),
(187,5,115,196),
(188,5,42,9),
(189,5,14,193),
(190,5,100,130),
(191,5,50,180),
(192,5,36,4),
(193,5,77,131),
(194,5,76,183),
(195,5,92,46),
(196,5,105,193),
(197,5,4,110),
(198,5,12,165),
(199,5,18,2),
(200,5,53,138);
INSERT INTO inventory VALUES
(201,6,82,85),
(202,6,102,89),
(203,6,105,115),
(204,6,89,67),
(205,6,32,152),
(206,6,37,101),
(207,6,115,176),
(208,6,46,186),
(209,6,95,130),
(210,6,14,74),
(211,6,100,88),
(212,6,80,160),
(213,6,30,130),
(214,6,88,192),
(215,6,111,123),
(216,6,79,15),
(217,6,52,112),
(218,6,50,198),
(219,6,2,21),
(220,6,113,111),
(221,6,34,36),
(222,6,116,61),
(223,6,18,0),
(224,6,26,80),
(225,6,12,75),
(226,6,71,67),
(227,6,58,137),
(228,6,119,155),
(229,6,65,57),
(230,6,103,89),
(231,6,85,49),
(232,6,72,97),
(233,6,15,139),
(234,6,87,199),
(235,6,33,28),
(236,6,29,80),
(237,6,120,83),
(238,6,91,135),
(239,6,96,150),
(240,6,61,1),
(241,7,45,93),
(242,7,86,89),
(243,7,101,63),
(244,7,116,94),
(245,7,81,197),
(246,7,71,4),
(247,7,55,47),
(248,7,85,39),
(249,7,105,134),
(250,7,30,184),
(251,7,42,29),
(252,7,110,172),
(253,7,3,169),
(254,7,39,100),
(255,7,89,150),
(256,7,40,48),
(257,7,60,113),
(258,7,87,52),
(259,7,117,196),
(260,7,91,24),
(261,7,18,176),
(262,7,16,11),
(263,7,41,65),
(264,7,51,85),
(265,7,70,61),
(266,7,97,31),
(267,7,38,61),
(268,7,72,62),
(269,7,79,132),
(270,7,107,77),
(271,7,20,158),
(272,7,104,183),
(273,7,1,64),
(274,7,62,104),
(275,7,15,178),
(276,7,12,182),
(277,7,68,16),
(278,7,10,13),
(279,7,108,35),
(280,7,7,72),
(281,8,116,127),
(282,8,103,172),
(283,8,72,62),
(284,8,44,147),
(285,8,52,95),
(286,8,7,169),
(287,8,112,60),
(288,8,60,177),
(289,8,108,199),
(290,8,21,102),
(291,8,105,122),
(292,8,53,9),
(293,8,117,125),
(294,8,91,63),
(295,8,83,45),
(296,8,65,82),
(297,8,70,135),
(298,8,36,110),
(299,8,66,196),
(300,8,77,28),
(301,8,94,94),
(302,8,58,18),
(303,8,102,19),
(304,8,98,110),
(305,8,16,42),
(306,8,90,6),
(307,8,43,143),
(308,8,19,67),
(309,8,2,178),
(310,8,13,197),
(311,8,29,175),
(312,8,57,147),
(313,8,37,103),
(314,8,64,175),
(315,8,68,12),
(316,8,56,22),
(317,8,67,191),
(318,8,45,69),
(319,8,46,39),
(320,8,35,29),
(321,9,25,186),
(322,9,61,47),
(323,9,31,49),
(324,9,10,141),
(325,9,26,154),
(326,9,82,1),
(327,9,93,53),
(328,9,78,117),
(329,9,64,151),
(330,9,114,118),
(331,9,105,70),
(332,9,106,169),
(333,9,72,15),
(334,9,9,62),
(335,9,43,136),
(336,9,6,106),
(337,9,47,87),
(338,9,57,3),
(339,9,65,114),
(340,9,67,195),
(341,9,63,131),
(342,9,92,195),
(343,9,85,23),
(344,9,109,90),
(345,9,11,17),
(346,9,56,104),
(347,9,69,94),
(348,9,117,82),
(349,9,100,141),
(350,9,36,38),
(351,9,87,40),
(352,9,45,131),
(353,9,22,132),
(354,9,24,185),
(355,9,14,101),
(356,9,51,140),
(357,9,4,152),
(358,9,7,72),
(359,9,77,86),
(360,9,58,121),
(361,10,86,163),
(362,10,45,146),
(363,10,70,143),
(364,10,1,107),
(365,10,112,27),
(366,10,93,195),
(367,10,16,103),
(368,10,90,6),
(369,10,119,137),
(370,10,7,167),
(371,10,56,71),
(372,10,80,120),
(373,10,99,33),
(374,10,40,61),
(375,10,19,70),
(376,10,29,123),
(377,10,34,58),
(378,10,61,126),
(379,10,95,68),
(380,10,87,148),
(381,10,79,9),
(382,10,13,146),
(383,10,43,66),
(384,10,5,191),
(385,10,115,48),
(386,10,59,50),
(387,10,49,182),
(388,10,85,105),
(389,10,103,23),
(390,10,22,141),
(391,10,38,136),
(392,10,15,184),
(393,10,12,9),
(394,10,50,132),
(395,10,111,84),
(396,10,48,55),
(397,10,14,69),
(398,10,97,24),
(399,10,71,140),
(400,10,20,192);
INSERT INTO inventory VALUES
(401,11,30,140),
(402,11,119,46),
(403,11,47,190),
(404,11,116,103),
(405,11,38,198),
(406,11,79,29),
(407,11,65,120),
(408,11,8,87),
(409,11,101,24),
(410,11,103,116),
(411,11,23,157),
(412,11,87,83),
(413,11,3,59),
(414,11,50,65),
(415,11,80,104),
(416,11,60,70),
(417,11,90,52),
(418,11,107,41),
(419,11,35,23),
(420,11,4,0),
(421,11,49,97),
(422,11,109,81),
(423,11,25,83),
(424,11,31,29),
(425,11,13,101),
(426,11,92,192),
(427,11,39,73),
(428,11,105,104),
(429,11,43,61),
(430,11,29,175),
(431,11,37,30),
(432,11,32,62),
(433,11,45,80),
(434,11,58,176),
(435,11,56,37),
(436,11,61,153),
(437,11,51,23),
(438,11,88,177),
(439,11,6,182),
(440,11,63,127),
(441,12,35,159),
(442,12,42,164),
(443,12,23,186),
(444,12,113,9),
(445,12,54,124),
(446,12,68,133),
(447,12,119,146),
(448,12,38,144),
(449,12,30,141),
(450,12,117,75),
(451,12,102,60),
(452,12,3,24),
(453,12,39,20),
(454,12,32,108),
(455,12,67,46),
(456,12,47,109),
(457,12,14,175),
(458,12,82,30),
(459,12,66,60),
(460,12,118,145),
(461,12,89,97),
(462,12,105,48),
(463,12,74,3),
(464,12,36,176),
(465,12,34,78),
(466,12,75,88),
(467,12,78,29),
(468,12,98,129),
(469,12,114,175),
(470,12,85,189),
(471,12,83,152),
(472,12,1,176),
(473,12,52,164),
(474,12,104,127),
(475,12,10,12),
(476,12,103,86),
(477,12,112,193),
(478,12,79,151),
(479,12,95,166),
(480,12,24,183);

CREATE TABLE employees (employee_id INT PRIMARY KEY, employee_name VARCHAR(20), store_id INT, role VARCHAR(20), hire_date DATE, salary INT);

INSERT INTO employees VALUES
(1,'안지아',10,'MD','2015-07-01',3200000),
(2,'권현우',4,'점장','2020-07-01',3800000),
(3,'임하은',7,'CS','2017-07-01',4500000),
(4,'정유진',10,'판매','2022-04-01',3800000),
(5,'임유진',2,'CS','2024-01-01',4500000),
(6,'류윤서',9,'매니저','2016-03-01',5500000),
(7,'윤지호',7,'판매','2017-07-01',3200000),
(8,'서현우',4,'MD','2017-05-01',4500000),
(9,'권주원',2,'MD','2021-10-01',5500000),
(10,'권서윤',1,'CS','2021-08-01',5500000),
(11,'조시우',3,'점장','2017-12-01',2800000),
(12,'박시윤',12,'판매','2016-12-01',3800000),
(13,'신은우',9,'MD','2017-11-01',5500000),
(14,'안민준',5,'매니저','2022-06-01',5500000),
(15,'윤우진',1,'MD','2020-04-01',4500000),
(16,'임지우',8,'매니저','2021-07-01',3800000),
(17,'박서연',4,'점장','2022-11-01',5500000),
(18,'윤은우',6,'점장','2015-10-01',3800000),
(19,'정은우',6,'CS','2016-04-01',5500000),
(20,'오도윤',8,'판매','2018-11-01',2800000),
(21,'류건우',6,'MD','2018-05-01',4500000),
(22,'한준서',4,'매니저','2022-04-01',4500000),
(23,'김수아',11,'CS','2016-06-01',4500000),
(24,'정다은',8,'매니저','2017-07-01',2800000),
(25,'서주원',4,'매니저','2019-04-01',2800000),
(26,'정도윤',7,'매니저','2017-08-01',5500000),
(27,'권주원',1,'MD','2016-07-01',3800000),
(28,'김가은',8,'MD','2019-07-01',3200000),
(29,'신윤서',9,'매니저','2016-04-01',2800000),
(30,'김지아',3,'점장','2016-11-01',4500000),
(31,'권하은',3,'CS','2022-04-01',2800000),
(32,'정은우',11,'매니저','2022-07-01',4500000),
(33,'오지아',3,'MD','2020-09-01',3200000),
(34,'홍은우',7,'점장','2022-07-01',3800000),
(35,'신하린',2,'판매','2018-03-01',3200000),
(36,'안현우',3,'MD','2020-02-01',2800000),
(37,'김서연',8,'점장','2022-06-01',5500000),
(38,'정하은',3,'판매','2021-11-01',5500000),
(39,'신은우',11,'MD','2015-09-01',4500000),
(40,'장서연',3,'매니저','2021-05-01',5500000);

CREATE TABLE members (member_id INT PRIMARY KEY, member_name VARCHAR(20), gender CHAR(1), grade_id INT, city VARCHAR(20), joined_date DATE);

INSERT INTO members VALUES
(1,'한지호','M',3,'서울','2019-08-26'),
(2,'신건우','M',2,'울산','2023-07-18'),
(3,'안시우','F',1,'대전','2022-02-11'),
(4,'강하은','F',5,'광주','2020-06-18'),
(5,'장민준','F',1,'용인','2023-10-25'),
(6,'최다은','M',2,'대구','2024-02-11'),
(7,'박은우','M',1,'인천','2024-10-03'),
(8,'류예준','F',2,'대전','2024-10-21'),
(9,'윤도윤','F',1,'용인','2018-10-16'),
(10,'조다은','M',1,'전주','2022-03-16'),
(11,'김서윤','M',1,'인천','2018-11-15'),
(12,'조건우','M',1,'전주','2022-12-06'),
(13,'최도윤','M',4,'광주','2019-06-27'),
(14,'임민준','F',1,'대구','2022-04-27'),
(15,'박유진','F',4,'전주','2021-01-23'),
(16,'서다은','F',3,'인천','2024-04-02'),
(17,'강준서','F',2,'용인','2023-06-22'),
(18,'안채원','M',3,'청주','2018-12-12'),
(19,'김다은','M',3,'울산','2019-07-25'),
(20,'류도윤','M',5,'용인','2021-06-10'),
(21,'한서연','F',2,'울산','2020-06-01'),
(22,'정예준','M',1,'대구','2023-03-13'),
(23,'오서연','M',1,'청주','2021-03-22'),
(24,'장서윤','M',4,'용인','2024-05-15'),
(25,'정지훈','F',1,'천안','2019-12-15'),
(26,'권채원','M',2,'고양','2024-09-02'),
(27,'서서윤','M',1,'천안','2021-09-26'),
(28,'정은우','F',4,'성남','2024-06-25'),
(29,'한시윤','M',1,'대전','2023-03-13'),
(30,'장지아','M',1,'창원','2024-05-13'),
(31,'윤현우','M',5,'대전','2023-09-02'),
(32,'송민준','F',2,'천안','2019-06-11'),
(33,'장서연','F',1,'고양','2019-12-26'),
(34,'강준서','M',1,'울산','2020-09-13'),
(35,'임우진','M',4,'부산','2021-01-26'),
(36,'황서연','M',4,'대전','2018-12-22'),
(37,'윤수아','M',1,'청주','2021-11-22'),
(38,'권하린','M',3,'고양','2019-11-04'),
(39,'한서연','M',1,'광주','2022-06-19'),
(40,'송현우','M',1,'대구','2021-09-14'),
(41,'임우진','M',5,'창원','2018-01-03'),
(42,'최현우','F',1,'용인','2021-10-21'),
(43,'권하린','F',4,'광주','2023-07-14'),
(44,'윤건우','F',3,'대구','2018-12-04'),
(45,'서가은','M',3,'성남','2021-01-21'),
(46,'안민준','F',1,'수원','2024-09-23'),
(47,'황우진','M',2,'용인','2020-11-18'),
(48,'신시우','M',2,'부산','2021-10-14'),
(49,'황지아','M',4,'인천','2020-03-20'),
(50,'안시우','F',1,'인천','2018-12-28'),
(51,'한수아','F',1,'전주','2023-05-02'),
(52,'신서연','F',1,'부산','2020-04-22'),
(53,'강서윤','F',1,'울산','2023-01-01'),
(54,'서도윤','M',3,'서울','2022-10-10'),
(55,'임시윤','M',1,'광주','2022-08-17'),
(56,'조지아','F',3,'고양','2024-10-03'),
(57,'황다은','M',1,'전주','2020-07-22'),
(58,'강수아','F',2,'대구','2024-12-04'),
(59,'박유진','M',1,'고양','2018-02-02'),
(60,'홍다은','F',3,'창원','2022-02-11'),
(61,'서은우','F',2,'광주','2021-01-09'),
(62,'임준서','F',3,'성남','2022-11-15'),
(63,'권서연','M',3,'울산','2019-06-03'),
(64,'김우진','F',1,'대전','2021-02-13'),
(65,'송시윤','F',1,'천안','2023-04-08'),
(66,'황유진','F',2,'전주','2018-02-27'),
(67,'황서연','F',5,'천안','2018-12-28'),
(68,'장도윤','F',4,'성남','2021-11-25'),
(69,'최지우','M',2,'서울','2024-12-27'),
(70,'윤지훈','F',1,'청주','2024-03-24'),
(71,'홍지호','M',2,'천안','2020-03-10'),
(72,'홍채원','F',5,'성남','2024-07-11'),
(73,'장현우','F',1,'대전','2018-06-14'),
(74,'오가은','F',1,'천안','2020-06-27'),
(75,'윤우진','F',3,'서울','2024-11-05'),
(76,'안지우','F',3,'울산','2022-03-03'),
(77,'홍준서','F',5,'수원','2024-11-10'),
(78,'최지훈','F',1,'창원','2024-02-20'),
(79,'송서연','F',2,'울산','2020-10-01'),
(80,'박주원','F',2,'대전','2023-07-24'),
(81,'정하린','M',1,'성남','2021-06-21'),
(82,'임민준','M',3,'천안','2024-03-28'),
(83,'황서연','F',3,'수원','2023-08-26'),
(84,'윤하은','F',4,'대전','2021-01-09'),
(85,'조우진','M',1,'부산','2022-01-28'),
(86,'신하린','M',1,'고양','2024-03-25'),
(87,'최지호','F',1,'서울','2018-05-21'),
(88,'서지아','F',3,'울산','2019-05-12'),
(89,'정준서','M',2,'천안','2021-06-21'),
(90,'송수아','F',1,'대전','2018-12-13'),
(91,'이하은','M',2,'천안','2021-01-04'),
(92,'장유진','F',1,'대전','2024-09-13'),
(93,'박서연','F',3,'광주','2020-01-19'),
(94,'김유진','F',4,'천안','2020-06-09'),
(95,'안하은','M',1,'광주','2019-05-25'),
(96,'황서윤','M',2,'창원','2018-04-28'),
(97,'조하린','F',1,'울산','2023-09-17'),
(98,'류유진','M',3,'창원','2024-08-17'),
(99,'안지호','F',3,'서울','2024-09-05'),
(100,'장도윤','M',3,'성남','2018-08-18'),
(101,'권서연','F',4,'대전','2020-10-24'),
(102,'황지훈','M',2,'서울','2023-07-05'),
(103,'김서연','M',2,'대전','2024-10-26'),
(104,'정시윤','F',1,'고양','2020-02-11'),
(105,'오도윤','M',3,'서울','2019-05-10'),
(106,'김주원','M',3,'대전','2021-07-19'),
(107,'안건우','F',3,'대구','2020-05-25'),
(108,'홍지우','F',3,'고양','2018-10-16'),
(109,'장지호','F',1,'용인','2018-11-27'),
(110,'임하린','F',2,'고양','2018-05-21'),
(111,'신주원','F',3,'용인','2021-09-07'),
(112,'서서윤','F',1,'천안','2023-03-20'),
(113,'서준서','M',3,'부산','2022-12-03'),
(114,'장시윤','F',4,'수원','2022-04-02'),
(115,'안채원','M',4,'천안','2024-05-23'),
(116,'송하은','F',2,'전주','2023-05-25'),
(117,'서은우','M',2,'인천','2023-02-22'),
(118,'김윤서','M',2,'대전','2023-10-19'),
(119,'황주원','F',2,'천안','2018-01-10'),
(120,'권채원','M',3,'광주','2023-03-16'),
(121,'조예준','M',2,'수원','2023-03-24'),
(122,'송다은','F',4,'창원','2024-04-04'),
(123,'한시우','M',3,'창원','2023-06-02'),
(124,'김시우','F',2,'서울','2023-08-24'),
(125,'임은우','F',1,'인천','2022-02-15'),
(126,'강하은','M',3,'대전','2023-08-16'),
(127,'권수아','M',1,'인천','2023-10-01'),
(128,'임다은','F',2,'대구','2021-05-14'),
(129,'한하은','M',1,'전주','2021-12-21'),
(130,'이시우','M',2,'천안','2022-12-27'),
(131,'서가은','M',4,'천안','2019-03-24'),
(132,'정도윤','M',2,'대구','2021-01-26'),
(133,'정은우','F',3,'고양','2023-08-03'),
(134,'서가은','M',1,'울산','2020-05-20'),
(135,'황가은','M',1,'수원','2018-04-16'),
(136,'임지훈','F',1,'성남','2020-10-15'),
(137,'박유진','M',2,'광주','2023-06-16'),
(138,'조지우','F',2,'성남','2022-05-27'),
(139,'권하린','M',3,'부산','2024-08-19'),
(140,'강우진','M',2,'천안','2021-08-06'),
(141,'서다은','F',2,'천안','2019-12-12'),
(142,'안건우','M',3,'전주','2022-10-20'),
(143,'류하린','M',3,'청주','2023-01-28'),
(144,'최지호','M',2,'용인','2023-06-04'),
(145,'강지우','M',2,'부산','2020-12-18'),
(146,'이은우','F',2,'고양','2021-12-18'),
(147,'박지훈','F',1,'대전','2022-04-28'),
(148,'서예준','M',1,'부산','2023-04-15'),
(149,'송시우','F',2,'창원','2021-06-07'),
(150,'안다은','M',2,'인천','2021-10-20'),
(151,'황예준','F',4,'천안','2023-09-12'),
(152,'김채원','F',2,'인천','2022-10-12'),
(153,'서우진','M',2,'서울','2019-05-27'),
(154,'류도윤','F',4,'부산','2022-07-01'),
(155,'한준서','F',1,'인천','2024-10-09'),
(156,'서지우','M',2,'용인','2023-02-08'),
(157,'강수아','F',1,'전주','2022-06-14'),
(158,'송윤서','M',1,'천안','2024-11-17'),
(159,'신지아','F',1,'창원','2022-01-09'),
(160,'홍지우','F',2,'천안','2022-08-17'),
(161,'송시우','M',2,'대전','2022-12-11'),
(162,'안지우','F',1,'대구','2020-09-04'),
(163,'송하린','M',2,'울산','2024-03-05'),
(164,'오채원','M',2,'울산','2022-11-05'),
(165,'임하린','M',3,'대전','2021-01-09'),
(166,'장민준','F',4,'수원','2023-05-04'),
(167,'임민준','M',2,'청주','2020-03-03'),
(168,'신가은','F',3,'청주','2024-07-11'),
(169,'조지훈','F',2,'대구','2022-01-24'),
(170,'신가은','F',1,'광주','2022-08-17'),
(171,'권민준','F',2,'대구','2021-03-25'),
(172,'한시윤','F',5,'대전','2020-10-23'),
(173,'장서윤','F',1,'서울','2024-05-09'),
(174,'정서윤','M',3,'용인','2024-12-17'),
(175,'권예준','F',1,'부산','2019-01-16'),
(176,'황지호','F',2,'용인','2024-10-06'),
(177,'윤서윤','M',1,'대전','2024-05-27'),
(178,'황하린','M',1,'전주','2022-08-07'),
(179,'류지아','F',3,'성남','2023-07-26'),
(180,'정예준','F',2,'성남','2023-07-04'),
(181,'신우진','F',2,'고양','2023-08-13'),
(182,'정하은','M',2,'부산','2018-07-04'),
(183,'정하린','M',3,'대전','2021-12-22'),
(184,'권서윤','M',1,'서울','2021-01-12'),
(185,'오민준','M',3,'고양','2022-07-28'),
(186,'최가은','F',3,'용인','2021-04-26'),
(187,'김서윤','F',4,'천안','2023-01-24'),
(188,'윤서연','M',4,'광주','2023-07-24'),
(189,'장은우','F',2,'대구','2019-12-23'),
(190,'정현우','M',4,'천안','2023-11-08'),
(191,'오시우','M',1,'청주','2020-10-03'),
(192,'박준서','F',2,'서울','2023-11-28'),
(193,'조지훈','M',2,'청주','2019-03-04'),
(194,'최예준','M',4,'천안','2024-08-17'),
(195,'신하은','M',3,'인천','2021-01-24'),
(196,'김주원','M',5,'용인','2019-03-19'),
(197,'류시윤','M',2,'천안','2021-08-24'),
(198,'박하은','F',2,'대전','2018-11-22'),
(199,'김시우','M',1,'울산','2024-12-22'),
(200,'이주원','F',3,'부산','2023-09-22');

CREATE TABLE orders (order_id INT PRIMARY KEY, member_id INT, store_id INT, employee_id INT, order_date DATE, total_amount INT);

INSERT INTO orders VALUES
(1,127,2,28,'2024-01-04',727000),
(2,37,12,29,'2024-07-04',538000),
(3,65,8,23,'2024-11-25',653000),
(4,122,9,10,'2024-05-06',676000),
(5,99,6,38,'2024-08-04',138000),
(6,183,12,22,'2024-03-25',1194000),
(7,58,12,25,'2024-03-17',1398000),
(8,42,12,20,'2024-12-27',723000),
(9,124,12,39,'2024-05-09',57000),
(10,123,8,6,'2024-04-03',890000),
(11,149,12,6,'2024-04-26',756000),
(12,103,8,11,'2024-07-01',628000),
(13,128,3,1,'2024-01-01',240000),
(14,180,12,19,'2024-03-28',305000),
(15,130,7,28,'2024-06-21',1790000),
(16,165,11,15,'2024-03-05',5380000),
(17,121,2,12,'2024-01-11',2850000),
(18,29,12,18,'2024-08-23',3127000),
(19,41,2,31,'2024-10-08',138000),
(20,107,10,26,'2024-03-18',668000),
(21,59,1,13,'2024-05-17',3144000),
(22,10,2,8,'2024-10-14',2817000),
(23,198,3,2,'2024-02-05',890000),
(24,188,8,19,'2024-07-26',968000),
(25,118,7,26,'2024-09-24',574000),
(26,122,12,30,'2024-02-23',846000),
(27,99,5,24,'2024-09-25',78000),
(28,26,12,39,'2024-12-14',216000),
(29,6,10,28,'2024-06-27',1067000),
(30,73,12,30,'2024-08-14',39000),
(31,86,8,33,'2024-05-14',2670000),
(32,178,6,16,'2024-09-24',857000),
(33,72,2,31,'2024-02-27',3067000),
(34,54,5,10,'2024-10-01',4174000),
(35,175,11,1,'2024-06-03',905000),
(36,138,7,14,'2024-07-09',1046000),
(37,118,2,21,'2024-11-27',116000),
(38,50,12,20,'2024-02-25',390000),
(39,19,6,37,'2024-10-11',256000),
(40,69,1,35,'2024-11-20',1808000),
(41,151,10,16,'2024-09-20',1339000),
(42,199,7,24,'2024-01-04',1770000),
(43,177,1,10,'2024-07-06',115000),
(44,110,5,25,'2024-10-22',135000),
(45,164,8,15,'2024-09-19',358000),
(46,50,6,5,'2024-08-06',4269000),
(47,40,7,35,'2024-08-08',2117000),
(48,196,7,2,'2024-03-01',3276000),
(49,32,9,29,'2024-10-01',830000),
(50,126,4,20,'2024-03-19',1218000),
(51,67,2,19,'2024-05-14',750000),
(52,189,9,28,'2024-02-16',2168000),
(53,50,8,4,'2024-05-05',288000),
(54,5,2,24,'2024-07-22',204000),
(55,95,2,35,'2024-07-15',78000),
(56,81,6,22,'2024-05-04',1809000),
(57,81,6,40,'2024-07-21',968000),
(58,35,8,36,'2024-11-26',116000),
(59,146,7,4,'2024-02-20',554000),
(60,126,6,4,'2024-08-21',502000),
(61,167,9,9,'2024-07-22',245000),
(62,159,10,30,'2024-10-03',500000),
(63,195,10,10,'2024-08-27',1930000),
(64,70,6,14,'2024-11-24',5320000),
(65,79,5,24,'2024-01-24',2350000),
(66,128,4,18,'2024-07-01',540000),
(67,38,10,2,'2024-07-11',417000),
(68,23,6,36,'2024-12-27',117000),
(69,193,7,25,'2024-11-28',917000),
(70,177,8,34,'2024-10-27',801000),
(71,185,1,19,'2024-10-16',1495000),
(72,103,3,39,'2024-09-11',58000),
(73,6,11,19,'2024-02-06',236000),
(74,78,1,29,'2024-08-05',5870000),
(75,10,11,3,'2024-10-06',1897000),
(76,8,11,7,'2024-04-04',516000),
(77,38,2,18,'2024-08-14',2053000),
(78,57,8,3,'2024-03-23',39000),
(79,86,11,27,'2024-11-15',618000),
(80,160,5,22,'2024-10-23',1204000),
(81,135,11,8,'2024-06-06',1267000),
(82,186,1,29,'2024-03-21',78000),
(83,166,7,28,'2024-01-05',19000),
(84,19,4,23,'2024-01-07',857000),
(85,66,12,7,'2024-09-26',360000),
(86,54,1,40,'2024-01-26',356000),
(87,9,3,27,'2024-02-21',1409000),
(88,103,8,40,'2024-07-21',2934000),
(89,89,2,7,'2024-03-16',988000),
(90,57,10,33,'2024-03-11',3780000),
(91,104,4,11,'2024-11-28',1251000),
(92,79,1,24,'2024-12-07',3298000),
(93,111,9,38,'2024-09-11',2217000),
(94,160,10,12,'2024-01-18',1354000),
(95,130,1,14,'2024-05-12',2727000),
(96,83,6,6,'2024-09-04',2709000),
(97,192,6,27,'2024-08-13',1505000),
(98,189,1,35,'2024-06-14',120000),
(99,192,4,8,'2024-10-19',3130000),
(100,71,6,4,'2024-05-15',540000),
(101,12,10,33,'2024-02-16',2148000),
(102,197,7,36,'2024-12-01',838000),
(103,1,12,8,'2024-04-07',3098000),
(104,175,1,14,'2024-10-25',1180000),
(105,163,4,4,'2024-07-17',98000),
(106,109,7,5,'2024-11-24',436000),
(107,17,1,17,'2024-01-26',477000),
(108,64,3,3,'2024-12-28',3676000),
(109,111,1,10,'2024-05-06',1314000),
(110,10,11,25,'2024-05-05',3928000),
(111,120,2,31,'2024-10-27',383000),
(112,185,9,16,'2024-03-13',447000),
(113,162,3,30,'2024-09-09',387000),
(114,38,8,37,'2024-12-06',207000),
(115,29,7,16,'2024-12-22',2310000),
(116,32,2,4,'2024-03-22',97000),
(117,79,5,9,'2024-06-22',180000),
(118,47,12,36,'2024-07-19',1390000),
(119,39,10,16,'2024-03-25',954000),
(120,54,8,33,'2024-08-23',278000),
(121,186,7,7,'2024-02-19',886000),
(122,99,3,39,'2024-04-12',2347000),
(123,115,1,20,'2024-05-16',120000),
(124,42,6,19,'2024-06-22',1269000),
(125,168,10,13,'2024-03-18',237000),
(126,25,2,40,'2024-02-05',685000),
(127,102,9,34,'2024-06-19',1096000),
(128,64,7,10,'2024-11-01',704000),
(129,24,9,7,'2024-06-22',2969000),
(130,51,11,4,'2024-02-08',1250000),
(131,79,4,22,'2024-11-12',1257000),
(132,60,11,28,'2024-06-09',477000),
(133,113,8,30,'2024-05-26',1052000),
(134,12,7,3,'2024-05-25',774000),
(135,98,10,35,'2024-05-06',38000),
(136,85,7,17,'2024-01-16',2245000),
(137,113,2,3,'2024-07-02',245000),
(138,179,10,13,'2024-04-19',1226000),
(139,142,3,36,'2024-06-13',1459000),
(140,157,3,11,'2024-12-13',3699000),
(141,157,2,31,'2024-07-02',1505000),
(142,161,3,17,'2024-05-23',174000),
(143,70,2,19,'2024-10-13',1268000),
(144,106,2,21,'2024-09-13',89000),
(145,98,1,27,'2024-04-11',890000),
(146,147,12,32,'2024-06-16',338000),
(147,101,2,15,'2024-07-22',207000),
(148,51,5,26,'2024-01-28',4016000),
(149,89,1,23,'2024-07-19',590000),
(150,172,4,29,'2024-11-23',78000),
(151,125,7,22,'2024-08-13',1856000),
(152,117,9,31,'2024-08-13',474000),
(153,86,3,20,'2024-09-05',1749000),
(154,125,9,31,'2024-01-21',76000),
(155,180,2,3,'2024-06-12',975000),
(156,50,8,24,'2024-10-11',779000),
(157,49,11,40,'2024-09-07',1197000),
(158,21,5,21,'2024-01-13',3088000),
(159,183,7,9,'2024-07-19',3038000),
(160,134,11,2,'2024-05-10',528000),
(161,55,8,36,'2024-07-21',2200000),
(162,76,5,8,'2024-08-20',4746000),
(163,8,5,39,'2024-05-23',402000),
(164,16,10,21,'2024-01-16',1679000),
(165,200,5,11,'2024-04-22',39000),
(166,80,7,2,'2024-12-13',890000),
(167,189,4,26,'2024-02-18',1970000),
(168,171,12,15,'2024-06-17',1596000),
(169,73,10,10,'2024-12-27',438000),
(170,59,12,27,'2024-01-14',867000),
(171,52,10,30,'2024-09-28',1130000),
(172,97,8,16,'2024-08-11',3755000),
(173,164,3,21,'2024-03-05',156000),
(174,101,7,7,'2024-11-02',1670000),
(175,170,1,24,'2024-06-08',39000),
(176,167,10,11,'2024-11-25',749000),
(177,125,10,13,'2024-04-12',500000),
(178,22,6,1,'2024-10-20',1986000),
(179,1,5,15,'2024-09-19',2998000),
(180,129,4,35,'2024-12-10',725000),
(181,69,3,38,'2024-05-02',3516000),
(182,6,5,38,'2024-01-16',3859000),
(183,150,3,28,'2024-07-07',1196000),
(184,137,4,32,'2024-03-24',750000),
(185,75,8,26,'2024-11-26',442000),
(186,93,4,37,'2024-08-21',2372000),
(187,82,4,9,'2024-11-22',3617000),
(188,137,8,14,'2024-10-03',199000),
(189,28,12,20,'2024-08-24',390000),
(190,92,9,19,'2024-08-16',986000),
(191,36,12,25,'2024-05-25',517000),
(192,112,3,18,'2024-04-05',165000),
(193,71,7,9,'2024-05-13',108000),
(194,145,7,28,'2024-10-18',886000),
(195,27,1,8,'2024-08-17',4889000),
(196,114,12,35,'2024-12-12',286000),
(197,142,1,31,'2024-12-15',97000),
(198,65,12,19,'2024-05-12',2270000),
(199,104,7,27,'2024-04-01',1770000),
(200,158,11,19,'2024-08-22',78000);
INSERT INTO orders VALUES
(201,32,9,29,'2024-03-21',1780000),
(202,79,3,10,'2024-06-15',2916000),
(203,180,9,20,'2024-06-28',2820000),
(204,145,3,9,'2024-11-18',49000),
(205,196,12,8,'2024-03-05',4018000),
(206,136,9,31,'2024-02-25',38000),
(207,142,3,37,'2024-08-24',39000),
(208,28,8,3,'2024-10-17',1957000),
(209,22,10,9,'2024-05-03',908000),
(210,141,11,12,'2024-04-28',246000),
(211,174,7,16,'2024-06-17',78000),
(212,44,2,24,'2024-07-04',2457000),
(213,190,2,5,'2024-04-24',38000),
(214,14,11,29,'2024-03-22',4397000),
(215,32,8,13,'2024-01-28',49000),
(216,119,6,39,'2024-05-07',1485000),
(217,135,12,40,'2024-04-19',147000),
(218,166,9,19,'2024-03-03',289000),
(219,106,8,10,'2024-02-22',955000),
(220,112,6,29,'2024-09-20',39000),
(221,194,2,25,'2024-11-21',1957000),
(222,90,9,19,'2024-07-08',565000),
(223,86,9,2,'2024-12-15',1918000),
(224,129,7,23,'2024-11-01',1799000),
(225,132,3,5,'2024-05-07',3188000),
(226,129,8,6,'2024-05-16',204000),
(227,17,10,37,'2024-07-10',947000),
(228,44,2,16,'2024-03-13',796000),
(229,54,4,14,'2024-12-03',147000),
(230,7,3,9,'2024-05-12',1780000),
(231,64,9,25,'2024-08-13',727000),
(232,111,6,2,'2024-04-27',998000),
(233,90,1,38,'2024-11-07',1578000),
(234,35,3,18,'2024-12-01',590000),
(235,181,10,37,'2024-07-20',474000),
(236,6,4,23,'2024-03-19',414000),
(237,104,5,31,'2024-03-24',325000),
(238,138,7,1,'2024-11-11',365000),
(239,188,12,19,'2024-12-18',1780000),
(240,133,9,29,'2024-04-11',4100000),
(241,41,12,35,'2024-04-20',1350000),
(242,19,3,33,'2024-06-12',2670000),
(243,99,1,38,'2024-11-10',789000),
(244,114,10,38,'2024-09-09',645000),
(245,65,4,2,'2024-10-10',445000),
(246,92,6,20,'2024-11-19',158000),
(247,87,4,24,'2024-01-21',2113000),
(248,119,8,14,'2024-12-06',305000),
(249,58,10,15,'2024-06-05',3033000),
(250,117,9,33,'2024-10-01',178000),
(251,97,2,23,'2024-02-26',3297000),
(252,81,4,40,'2024-10-24',215000),
(253,162,2,5,'2024-10-24',88000),
(254,73,3,31,'2024-07-18',1187000),
(255,93,4,18,'2024-12-27',175000),
(256,91,5,37,'2024-10-21',39000),
(257,93,7,2,'2024-05-12',87000),
(258,51,2,40,'2024-07-12',629000),
(259,175,12,28,'2024-04-18',756000),
(260,71,2,28,'2024-06-02',787000),
(261,196,1,39,'2024-01-21',557000),
(262,3,9,7,'2024-06-05',88000),
(263,162,11,6,'2024-09-26',807000),
(264,18,1,21,'2024-10-06',39000),
(265,135,1,3,'2024-09-09',1799000),
(266,45,2,1,'2024-11-06',756000),
(267,20,6,12,'2024-12-16',1000000),
(268,24,10,39,'2024-12-16',2950000),
(269,156,8,21,'2024-10-08',750000),
(270,108,4,6,'2024-04-20',178000),
(271,135,5,3,'2024-09-11',595000),
(272,26,4,17,'2024-02-20',5629000),
(273,125,8,40,'2024-04-01',1187000),
(274,151,8,24,'2024-10-20',1954000),
(275,85,11,19,'2024-02-24',58000),
(276,66,3,16,'2024-07-12',146000),
(277,124,9,30,'2024-04-18',500000),
(278,143,12,1,'2024-10-25',227000),
(279,25,4,18,'2024-12-13',2060000),
(280,191,2,40,'2024-12-24',2525000),
(281,178,6,33,'2024-03-19',1036000),
(282,53,1,26,'2024-12-10',2357000),
(283,88,6,6,'2024-07-26',152000),
(284,9,4,30,'2024-04-28',1007000),
(285,154,8,39,'2024-12-14',3074000),
(286,19,11,1,'2024-02-23',507000),
(287,32,2,3,'2024-09-25',324000),
(288,182,12,40,'2024-12-26',1697000),
(289,36,3,12,'2024-03-23',250000),
(290,54,5,27,'2024-09-20',49000),
(291,111,12,21,'2024-01-01',934000),
(292,91,9,33,'2024-08-09',2107000),
(293,23,11,16,'2024-07-09',668000),
(294,22,1,30,'2024-06-12',2608000),
(295,37,2,14,'2024-04-16',474000),
(296,179,6,29,'2024-08-23',720000),
(297,199,7,4,'2024-03-01',1739000),
(298,9,1,20,'2024-07-25',158000),
(299,119,11,9,'2024-09-08',398000),
(300,113,2,12,'2024-03-27',207000),
(301,138,1,36,'2024-05-22',240000),
(302,63,9,19,'2024-05-07',360000),
(303,133,9,1,'2024-03-14',394000),
(304,119,9,19,'2024-11-16',178000),
(305,149,9,11,'2024-05-10',698000),
(306,189,4,25,'2024-12-21',968000),
(307,7,5,35,'2024-03-27',98000),
(308,140,7,15,'2024-05-18',296000),
(309,173,5,32,'2024-03-23',120000),
(310,174,1,1,'2024-07-09',186000),
(311,84,4,2,'2024-04-22',1696000),
(312,131,12,12,'2024-02-27',835000),
(313,121,9,2,'2024-02-09',576000),
(314,100,11,32,'2024-08-10',215000),
(315,52,4,38,'2024-04-03',215000),
(316,162,1,2,'2024-04-09',2670000),
(317,66,9,34,'2024-04-26',1057000),
(318,14,6,31,'2024-04-28',3609000),
(319,90,7,24,'2024-05-06',1170000),
(320,54,9,28,'2024-12-06',2028000),
(321,97,10,18,'2024-05-26',1819000),
(322,76,2,38,'2024-09-14',500000),
(323,88,7,6,'2024-01-11',779000),
(324,26,9,39,'2024-01-17',3099000),
(325,197,4,14,'2024-09-16',3288000),
(326,171,8,18,'2024-12-15',1107000),
(327,38,4,23,'2024-09-02',116000),
(328,168,7,6,'2024-04-10',39000),
(329,146,4,8,'2024-05-12',2147000),
(330,195,3,15,'2024-08-20',39000),
(331,145,7,25,'2024-04-23',416000),
(332,63,12,9,'2024-08-14',500000),
(333,89,6,31,'2024-09-06',2867000),
(334,175,10,3,'2024-05-10',829000),
(335,53,7,18,'2024-10-27',58000),
(336,7,12,22,'2024-08-17',890000),
(337,74,5,9,'2024-03-18',78000),
(338,185,2,26,'2024-05-15',858000),
(339,114,7,6,'2024-10-08',4068000),
(340,43,12,36,'2024-05-08',5580000),
(341,14,9,36,'2024-03-07',590000),
(342,154,7,11,'2024-01-27',613000),
(343,142,1,40,'2024-05-05',159000),
(344,187,1,36,'2024-09-10',472000),
(345,20,5,31,'2024-03-17',3417000),
(346,65,10,34,'2024-08-15',78000),
(347,57,4,6,'2024-07-23',58000),
(348,169,6,21,'2024-03-16',275000),
(349,136,4,10,'2024-02-12',1954000),
(350,160,5,28,'2024-11-05',720000),
(351,49,10,27,'2024-09-16',240000),
(352,180,12,37,'2024-04-20',930000),
(353,179,7,23,'2024-12-03',289000),
(354,102,5,14,'2024-03-03',1108000),
(355,176,12,14,'2024-11-14',263000),
(356,9,12,13,'2024-05-09',39000),
(357,71,12,22,'2024-10-04',267000),
(358,106,1,20,'2024-09-08',298000),
(359,186,10,36,'2024-12-09',267000),
(360,193,10,36,'2024-05-14',76000),
(361,182,3,40,'2024-12-01',367000),
(362,188,12,16,'2024-01-22',687000),
(363,156,7,31,'2024-09-11',750000),
(364,66,3,32,'2024-05-01',3560000),
(365,107,12,39,'2024-11-04',658000),
(366,170,10,29,'2024-09-17',416000),
(367,146,4,16,'2024-08-11',624000),
(368,189,2,36,'2024-05-03',597000),
(369,17,2,21,'2024-08-09',49000),
(370,107,4,8,'2024-11-28',1770000),
(371,115,8,36,'2024-03-25',147000),
(372,79,11,31,'2024-10-18',421000),
(373,95,1,36,'2024-01-12',58000),
(374,56,7,9,'2024-12-23',2837000),
(375,57,1,4,'2024-07-04',276000),
(376,118,8,6,'2024-09-13',155000),
(377,49,6,27,'2024-01-16',429000),
(378,159,11,28,'2024-12-27',868000),
(379,50,6,31,'2024-06-03',78000),
(380,139,11,27,'2024-12-01',1589000),
(381,184,12,11,'2024-09-01',750000),
(382,20,11,36,'2024-07-12',433000),
(383,38,3,18,'2024-02-02',2939000),
(384,17,9,2,'2024-04-19',250000),
(385,156,6,25,'2024-06-11',2476000),
(386,100,5,34,'2024-10-15',2959000),
(387,21,1,35,'2024-06-25',1979000),
(388,191,5,15,'2024-03-12',138000),
(389,74,11,18,'2024-05-07',890000),
(390,50,2,14,'2024-03-25',156000),
(391,23,5,13,'2024-09-11',120000),
(392,72,10,33,'2024-09-04',777000),
(393,20,2,5,'2024-11-01',834000),
(394,177,11,37,'2024-01-28',727000),
(395,113,2,39,'2024-08-12',572000),
(396,77,9,36,'2024-08-07',2183000),
(397,40,12,22,'2024-08-23',207000),
(398,109,8,16,'2024-07-04',1530000),
(399,120,12,5,'2024-04-16',2113000),
(400,123,2,13,'2024-01-14',1398000);
INSERT INTO orders VALUES
(401,31,6,40,'2024-11-19',1927000),
(402,143,7,38,'2024-01-14',2077000),
(403,33,3,29,'2024-02-13',29000),
(404,23,1,27,'2024-03-21',1180000),
(405,80,12,18,'2024-03-06',531000),
(406,138,8,33,'2024-12-21',39000),
(407,120,8,2,'2024-01-11',780000),
(408,29,9,21,'2024-04-07',500000),
(409,141,4,22,'2024-03-24',454000),
(410,145,7,2,'2024-09-12',1169000),
(411,55,4,1,'2024-08-08',473000),
(412,150,7,1,'2024-03-18',1828000),
(413,185,11,14,'2024-11-11',1028000),
(414,117,8,14,'2024-11-10',947000),
(415,137,4,25,'2024-03-07',307000),
(416,30,2,28,'2024-11-17',116000),
(417,181,11,25,'2024-07-24',300000),
(418,79,5,20,'2024-06-27',267000),
(419,6,2,1,'2024-01-19',147000),
(420,155,6,8,'2024-01-17',39000),
(421,112,3,37,'2024-08-07',780000),
(422,20,11,37,'2024-05-19',207000),
(423,195,10,18,'2024-02-25',225000),
(424,164,3,22,'2024-04-15',117000),
(425,113,6,40,'2024-09-21',474000),
(426,9,4,20,'2024-07-22',720000),
(427,150,12,15,'2024-08-02',1326000),
(428,163,3,21,'2024-10-25',1617000),
(429,137,1,8,'2024-05-05',2865000),
(430,145,5,6,'2024-12-09',1215000),
(431,93,6,2,'2024-09-08',2315000),
(432,169,4,18,'2024-04-02',2416000),
(433,135,9,7,'2024-04-10',3979000),
(434,185,1,26,'2024-07-06',3030000),
(435,107,9,8,'2024-09-11',294000),
(436,88,3,21,'2024-10-20',389000),
(437,193,11,31,'2024-04-13',6230000),
(438,3,9,19,'2024-09-02',120000),
(439,119,7,28,'2024-05-20',950000),
(440,173,2,1,'2024-08-04',203000),
(441,143,1,32,'2024-04-25',1898000),
(442,184,10,8,'2024-09-14',2237000),
(443,65,7,23,'2024-04-22',1780000),
(444,172,4,19,'2024-04-28',38000),
(445,197,4,18,'2024-10-03',120000),
(446,91,3,11,'2024-12-05',289000),
(447,51,7,35,'2024-08-10',196000),
(448,11,3,15,'2024-07-19',1747000),
(449,85,8,14,'2024-03-14',1337000),
(450,51,3,13,'2024-12-06',1297000),
(451,100,4,16,'2024-10-10',1208000),
(452,47,3,33,'2024-11-21',2085000),
(453,182,4,8,'2024-12-23',247000),
(454,38,3,20,'2024-05-04',1709000),
(455,130,9,27,'2024-07-20',1077000),
(456,120,3,25,'2024-12-22',395000),
(457,66,3,9,'2024-05-04',807000),
(458,153,4,7,'2024-07-19',1145000),
(459,195,10,23,'2024-05-11',825000),
(460,86,8,26,'2024-03-23',414000),
(461,33,3,34,'2024-03-05',19000),
(462,173,6,40,'2024-10-18',1770000),
(463,168,3,25,'2024-05-12',19000),
(464,169,6,36,'2024-10-23',57000),
(465,190,3,4,'2024-03-01',57000),
(466,57,8,30,'2024-02-12',279000),
(467,139,11,32,'2024-06-08',666000),
(468,153,4,36,'2024-02-15',796000),
(469,175,5,6,'2024-04-27',1335000),
(470,88,10,40,'2024-07-23',108000),
(471,38,11,7,'2024-10-11',667000),
(472,174,8,35,'2024-11-18',360000),
(473,42,5,13,'2024-06-11',638000),
(474,73,4,32,'2024-10-18',2013000),
(475,53,10,11,'2024-01-12',1040000),
(476,144,2,9,'2024-03-13',2937000),
(477,25,7,24,'2024-12-15',417000),
(478,47,7,1,'2024-10-16',2199000),
(479,129,1,7,'2024-11-12',366000),
(480,120,12,6,'2024-06-24',896000),
(481,192,4,33,'2024-10-20',4018000),
(482,198,8,9,'2024-01-16',573000),
(483,156,4,13,'2024-01-08',1935000),
(484,112,6,15,'2024-05-18',2660000),
(485,24,2,4,'2024-05-22',974000),
(486,81,9,39,'2024-02-19',2670000),
(487,85,2,12,'2024-12-08',750000),
(488,179,2,1,'2024-02-08',219000),
(489,124,8,35,'2024-07-07',1269000),
(490,121,7,11,'2024-09-16',959000),
(491,191,8,4,'2024-02-27',250000),
(492,100,4,10,'2024-12-17',629000),
(493,87,11,5,'2024-01-27',108000),
(494,30,5,29,'2024-11-19',117000),
(495,55,11,35,'2024-02-01',3696000),
(496,81,9,22,'2024-06-22',1458000),
(497,45,10,39,'2024-01-19',574000),
(498,176,9,28,'2024-03-11',1405000),
(499,100,1,38,'2024-04-18',1507000),
(500,146,6,8,'2024-07-22',2130000),
(501,173,8,2,'2024-02-02',1334000),
(502,88,9,32,'2024-10-10',902000),
(503,180,4,26,'2024-02-06',500000),
(504,93,6,8,'2024-09-17',1528000),
(505,94,2,35,'2024-10-13',1825000),
(506,99,5,39,'2024-09-23',58000),
(507,13,9,27,'2024-08-11',480000),
(508,128,11,35,'2024-10-01',780000),
(509,33,1,37,'2024-04-07',384000),
(510,61,7,17,'2024-12-24',928000),
(511,75,4,18,'2024-11-09',959000),
(512,98,12,20,'2024-04-28',673000),
(513,141,6,33,'2024-11-10',147000),
(514,178,4,40,'2024-07-01',868000),
(515,161,7,19,'2024-02-15',838000),
(516,120,8,13,'2024-10-28',867000),
(517,38,8,18,'2024-08-18',474000),
(518,145,9,4,'2024-04-07',495000),
(519,37,2,22,'2024-11-20',267000),
(520,19,7,34,'2024-02-05',1170000),
(521,51,9,12,'2024-08-09',57000),
(522,55,9,20,'2024-12-19',1180000),
(523,51,5,1,'2024-09-09',1560000),
(524,72,11,37,'2024-12-22',1780000),
(525,71,1,4,'2024-08-15',1770000),
(526,179,10,13,'2024-02-25',180000),
(527,64,11,20,'2024-07-22',327000),
(528,62,3,11,'2024-11-11',49000),
(529,9,6,4,'2024-02-15',1037000),
(530,149,5,5,'2024-10-09',276000),
(531,102,8,38,'2024-07-18',354000),
(532,18,3,36,'2024-01-08',126000),
(533,90,7,8,'2024-01-04',3177000),
(534,158,12,6,'2024-12-24',428000),
(535,8,2,29,'2024-09-14',3109000),
(536,181,3,4,'2024-10-20',274000),
(537,69,9,18,'2024-08-01',756000),
(538,60,7,33,'2024-09-06',234000),
(539,159,7,7,'2024-03-19',117000),
(540,73,1,36,'2024-02-06',987000),
(541,104,1,31,'2024-10-13',1738000),
(542,19,7,33,'2024-11-10',590000),
(543,107,11,23,'2024-02-14',3060000),
(544,185,8,39,'2024-11-21',396000),
(545,12,3,29,'2024-11-28',49000),
(546,14,10,3,'2024-12-05',5790000),
(547,136,8,37,'2024-08-06',2287000),
(548,128,5,38,'2024-06-24',2487000),
(549,84,4,24,'2024-05-08',1780000),
(550,151,2,20,'2024-11-08',840000),
(551,107,1,25,'2024-03-26',885000),
(552,180,10,38,'2024-01-15',438000),
(553,176,9,4,'2024-12-04',1465000),
(554,91,2,13,'2024-04-14',988000),
(555,93,4,7,'2024-06-25',1180000),
(556,180,5,8,'2024-12-12',154000),
(557,162,7,18,'2024-07-27',6810000),
(558,157,12,29,'2024-03-07',1780000),
(559,45,7,37,'2024-11-25',1144000),
(560,126,10,9,'2024-09-23',922000),
(561,117,12,9,'2024-04-14',769000),
(562,45,7,23,'2024-01-14',799000),
(563,91,5,1,'2024-03-09',1915000),
(564,176,10,32,'2024-06-26',858000),
(565,182,6,24,'2024-09-22',474000),
(566,181,12,11,'2024-07-04',3319000),
(567,80,9,25,'2024-07-10',1146000),
(568,133,4,11,'2024-10-27',225000),
(569,50,3,37,'2024-02-19',1327000),
(570,21,10,24,'2024-04-03',2727000),
(571,165,4,9,'2024-02-24',617000),
(572,171,8,33,'2024-12-15',250000),
(573,15,11,19,'2024-02-17',956000),
(574,106,7,21,'2024-10-25',309000),
(575,54,5,29,'2024-08-24',29000),
(576,194,3,32,'2024-09-08',1407000),
(577,93,6,24,'2024-03-19',1847000),
(578,94,1,10,'2024-02-11',1316000),
(579,35,12,1,'2024-05-04',1185000),
(580,4,2,16,'2024-12-05',725000),
(581,3,9,33,'2024-04-18',2926000),
(582,122,2,19,'2024-07-28',267000),
(583,129,2,32,'2024-08-26',1088000),
(584,184,6,16,'2024-09-13',78000),
(585,38,2,26,'2024-05-07',298000),
(586,11,12,40,'2024-08-07',966000),
(587,114,4,30,'2024-03-04',156000),
(588,116,5,20,'2024-04-08',1099000),
(589,48,12,13,'2024-05-16',933000),
(590,102,2,32,'2024-01-19',351000),
(591,28,11,28,'2024-06-16',39000),
(592,34,8,9,'2024-05-12',2815000),
(593,136,9,6,'2024-03-01',1886000),
(594,32,9,9,'2024-12-01',1858000),
(595,153,10,31,'2024-12-02',795000),
(596,162,8,40,'2024-06-24',240000),
(597,146,11,36,'2024-01-03',828000),
(598,35,6,38,'2024-05-09',837000),
(599,183,6,6,'2024-02-27',854000),
(600,104,3,1,'2024-11-22',1305000);

CREATE TABLE order_items (item_id INT PRIMARY KEY, order_id INT, product_id INT, quantity INT, unit_price INT);

INSERT INTO order_items VALUES
(1,1,2,2,250000),
(2,1,30,2,69000),
(3,1,16,1,89000),
(4,2,99,2,180000),
(5,2,11,2,89000),
(6,3,38,2,39000),
(7,3,79,3,39000),
(8,3,92,2,49000),
(9,3,27,2,180000),
(10,4,87,3,120000),
(11,4,116,1,49000),
(12,4,11,3,89000),
(13,5,115,2,69000),
(14,6,88,1,180000),
(15,6,44,3,250000),
(16,6,91,3,39000),
(17,6,76,3,49000),
(18,7,65,2,390000),
(19,7,99,3,180000),
(20,7,43,2,39000),
(21,8,46,3,89000),
(22,8,48,1,180000),
(23,8,115,1,69000),
(24,8,1,3,69000),
(25,9,26,3,19000),
(26,10,112,1,890000),
(27,11,82,3,49000),
(28,11,18,1,19000),
(29,11,3,1,590000),
(30,12,29,2,19000),
(31,12,14,1,590000),
(32,13,39,2,120000),
(33,14,53,3,69000),
(34,14,116,2,49000),
(35,15,27,3,180000),
(36,15,96,3,120000),
(37,15,93,1,890000),
(38,16,73,3,120000),
(39,16,72,2,590000),
(40,16,52,3,890000),
(41,16,80,3,390000),
(42,17,88,1,180000),
(43,17,45,3,890000),
(44,18,20,3,69000),
(45,18,17,3,890000),
(46,18,44,1,250000),
(47,19,30,2,69000),
(48,20,103,1,590000),
(49,20,58,1,39000),
(50,20,107,1,39000),
(51,21,32,3,69000),
(52,21,45,3,890000),
(53,21,84,3,89000),
(54,22,45,3,890000),
(55,22,82,3,49000),
(56,23,51,1,890000),
(57,24,42,1,890000),
(58,24,43,2,39000),
(59,25,113,3,19000),
(60,25,120,1,250000),
(61,25,46,3,89000),
(62,26,85,1,19000),
(63,26,44,3,250000),
(64,26,29,2,19000),
(65,26,91,1,39000),
(66,27,90,2,39000),
(67,28,79,2,39000),
(68,28,59,2,69000),
(69,29,25,2,250000),
(70,29,33,3,120000),
(71,29,22,3,69000),
(72,30,79,1,39000),
(73,31,108,3,890000),
(74,32,103,1,590000),
(75,32,49,3,89000),
(76,33,76,3,49000),
(77,33,108,2,890000),
(78,33,25,3,250000),
(79,33,65,1,390000),
(80,34,43,3,39000),
(81,34,51,3,890000),
(82,34,98,2,590000),
(83,34,20,3,69000),
(84,35,76,2,49000),
(85,35,97,3,19000),
(86,35,120,3,250000),
(87,36,77,1,39000),
(88,36,89,2,49000),
(89,36,93,1,890000),
(90,36,6,1,19000),
(91,37,63,2,39000),
(92,37,26,2,19000),
(93,38,80,1,390000),
(94,39,34,1,49000),
(95,39,20,3,69000),
(96,40,57,2,19000),
(97,40,12,3,590000),
(98,41,64,1,39000),
(99,41,103,2,590000),
(100,41,36,1,120000),
(101,42,72,3,590000),
(102,43,6,3,19000),
(103,43,106,2,29000),
(104,44,38,2,39000),
(105,44,101,1,19000),
(106,44,74,2,19000),
(107,45,83,1,69000),
(108,45,87,2,120000),
(109,45,117,1,49000),
(110,46,93,3,890000),
(111,46,40,3,120000),
(112,46,65,3,390000),
(113,46,1,1,69000),
(114,47,69,3,19000),
(115,47,80,2,390000),
(116,47,114,2,250000),
(117,47,28,2,390000),
(118,48,30,3,69000),
(119,48,58,1,39000),
(120,48,112,3,890000),
(121,48,36,3,120000),
(122,49,40,2,120000),
(123,49,3,1,590000),
(124,50,47,2,39000),
(125,50,15,2,180000),
(126,50,102,3,180000),
(127,50,39,2,120000),
(128,51,120,3,250000),
(129,52,10,2,49000),
(130,52,51,1,890000),
(131,52,109,2,590000),
(132,53,101,1,19000),
(133,53,87,2,120000),
(134,53,86,1,29000),
(135,54,111,3,49000),
(136,54,113,3,19000),
(137,55,38,2,39000),
(138,56,12,3,590000),
(139,56,38,1,39000),
(140,57,38,2,39000),
(141,57,41,1,890000),
(142,58,35,2,19000),
(143,58,56,2,39000),
(144,59,74,2,19000),
(145,59,20,1,69000),
(146,59,68,3,29000),
(147,59,73,3,120000),
(148,60,106,2,29000),
(149,60,48,1,180000),
(150,60,63,3,39000),
(151,60,92,3,49000),
(152,61,76,3,49000),
(153,61,111,2,49000),
(154,62,70,2,250000),
(155,63,114,3,250000),
(156,63,109,2,590000),
(157,64,72,3,590000),
(158,64,66,3,590000),
(159,64,41,2,890000),
(160,65,72,2,590000),
(161,65,8,3,390000),
(162,66,88,3,180000),
(163,67,18,3,19000),
(164,67,102,2,180000),
(165,68,64,3,39000),
(166,69,74,3,19000),
(167,69,31,2,250000),
(168,69,37,2,180000),
(169,70,4,2,180000),
(170,70,79,3,39000),
(171,70,38,3,39000),
(172,70,83,3,69000),
(173,71,9,1,89000),
(174,71,19,3,390000),
(175,71,116,3,49000),
(176,71,16,1,89000),
(177,72,75,2,29000),
(178,73,71,1,89000),
(179,73,81,3,49000),
(180,74,96,2,120000),
(181,74,61,2,890000),
(182,74,12,2,590000),
(183,74,93,3,890000),
(184,75,3,3,590000),
(185,75,11,1,89000),
(186,75,29,2,19000),
(187,76,99,2,180000),
(188,76,75,2,29000),
(189,76,34,2,49000),
(190,77,52,2,890000),
(191,77,79,2,39000),
(192,77,90,2,39000),
(193,77,38,3,39000),
(194,78,67,1,39000),
(195,79,1,2,69000),
(196,79,40,2,120000),
(197,79,87,2,120000),
(198,80,75,3,29000),
(199,80,17,1,890000),
(200,80,84,1,89000);
INSERT INTO order_items VALUES
(201,80,30,2,69000),
(202,81,79,2,39000),
(203,81,74,1,19000),
(204,81,65,3,390000),
(205,82,13,2,39000),
(206,83,113,1,19000),
(207,84,86,2,29000),
(208,84,92,1,49000),
(209,84,21,3,250000),
(210,85,27,2,180000),
(211,86,49,3,89000),
(212,86,9,1,89000),
(213,87,74,1,19000),
(214,87,95,2,180000),
(215,87,2,1,250000),
(216,87,19,2,390000),
(217,88,101,3,19000),
(218,88,112,3,890000),
(219,88,53,3,69000),
(220,89,81,2,49000),
(221,89,104,1,890000),
(222,90,23,3,250000),
(223,90,73,3,120000),
(224,90,104,3,890000),
(225,91,44,3,250000),
(226,91,13,3,39000),
(227,91,79,3,39000),
(228,91,71,3,89000),
(229,92,97,2,19000),
(230,92,14,1,590000),
(231,92,17,3,890000),
(232,93,102,1,180000),
(233,93,54,3,39000),
(234,93,23,3,250000),
(235,93,8,3,390000),
(236,94,67,3,39000),
(237,94,113,3,19000),
(238,94,98,2,590000),
(239,95,97,3,19000),
(240,95,41,3,890000),
(241,96,110,1,39000),
(242,96,78,3,890000),
(243,97,50,2,49000),
(244,97,3,2,590000),
(245,97,34,1,49000),
(246,97,7,2,89000),
(247,98,96,1,120000),
(248,99,98,3,590000),
(249,99,44,1,250000),
(250,99,119,3,250000),
(251,99,40,3,120000),
(252,100,37,3,180000),
(253,101,114,3,250000),
(254,101,113,2,19000),
(255,101,14,2,590000),
(256,101,15,1,180000),
(257,102,60,2,49000),
(258,102,40,2,120000),
(259,102,25,2,250000),
(260,103,69,1,19000),
(261,103,111,1,49000),
(262,103,45,3,890000),
(263,103,37,2,180000),
(264,104,12,2,590000),
(265,105,86,1,29000),
(266,105,30,1,69000),
(267,106,7,2,89000),
(268,106,87,1,120000),
(269,106,53,2,69000),
(270,107,43,2,39000),
(271,107,15,2,180000),
(272,107,64,1,39000),
(273,108,72,3,590000),
(274,108,112,2,890000),
(275,108,110,1,39000),
(276,108,75,3,29000),
(277,109,65,1,390000),
(278,109,28,1,390000),
(279,109,71,3,89000),
(280,109,11,3,89000),
(281,110,61,3,890000),
(282,110,38,2,39000),
(283,110,103,2,590000),
(284,111,77,2,39000),
(285,111,113,2,19000),
(286,111,84,3,89000),
(287,112,95,1,180000),
(288,112,16,3,89000),
(289,113,10,2,49000),
(290,113,25,1,250000),
(291,113,56,1,39000),
(292,114,22,3,69000),
(293,115,102,3,180000),
(294,115,98,1,590000),
(295,115,3,2,590000),
(296,116,29,1,19000),
(297,116,107,2,39000),
(298,117,48,1,180000),
(299,118,98,1,590000),
(300,118,36,1,120000),
(301,118,31,2,250000),
(302,118,15,1,180000),
(303,119,92,3,49000),
(304,119,119,3,250000),
(305,119,74,3,19000),
(306,120,33,2,120000),
(307,120,6,2,19000),
(308,121,58,3,39000),
(309,121,29,1,19000),
(310,121,70,3,250000),
(311,122,21,1,250000),
(312,122,73,1,120000),
(313,122,83,3,69000),
(314,122,66,3,590000),
(315,123,73,1,120000),
(316,124,11,1,89000),
(317,124,66,2,590000),
(318,125,33,1,120000),
(319,125,67,3,39000),
(320,126,6,1,19000),
(321,126,58,3,39000),
(322,126,25,2,250000),
(323,126,10,1,49000),
(324,127,115,1,69000),
(325,127,92,2,49000),
(326,127,56,1,39000),
(327,127,108,1,890000),
(328,128,7,1,89000),
(329,128,20,2,69000),
(330,128,77,3,39000),
(331,128,15,2,180000),
(332,129,69,1,19000),
(333,129,14,2,590000),
(334,129,98,3,590000),
(335,130,36,3,120000),
(336,130,61,1,890000),
(337,131,33,3,120000),
(338,131,91,3,39000),
(339,131,55,2,390000),
(340,132,62,2,69000),
(341,132,114,1,250000),
(342,132,84,1,89000),
(343,133,26,2,19000),
(344,133,21,3,250000),
(345,133,47,3,39000),
(346,133,100,3,49000),
(347,134,110,2,39000),
(348,134,9,3,89000),
(349,134,15,2,180000),
(350,134,62,1,69000),
(351,135,57,2,19000),
(352,136,58,2,39000),
(353,136,96,1,120000),
(354,136,5,3,89000),
(355,136,93,2,890000),
(356,137,38,1,39000),
(357,137,7,1,89000),
(358,137,91,3,39000),
(359,138,48,3,180000),
(360,138,43,3,39000),
(361,138,115,1,69000),
(362,138,23,2,250000),
(363,139,36,2,120000),
(364,139,66,2,590000),
(365,139,110,1,39000),
(366,140,40,2,120000),
(367,140,24,3,890000),
(368,140,79,1,39000),
(369,140,119,3,250000),
(370,141,70,2,250000),
(371,141,89,3,49000),
(372,141,8,2,390000),
(373,141,90,2,39000),
(374,142,97,3,19000),
(375,142,67,3,39000),
(376,143,118,3,390000),
(377,143,50,2,49000),
(378,144,9,1,89000),
(379,145,45,1,890000),
(380,146,81,2,49000),
(381,146,39,2,120000),
(382,147,22,3,69000),
(383,148,52,3,890000),
(384,148,55,3,390000),
(385,148,76,2,49000),
(386,148,64,2,39000),
(387,149,66,1,590000),
(388,150,107,2,39000),
(389,151,74,3,19000),
(390,151,94,3,590000),
(391,151,68,1,29000),
(392,152,105,3,39000),
(393,152,90,3,39000),
(394,152,36,2,120000),
(395,153,20,1,69000),
(396,153,96,3,120000),
(397,153,15,3,180000),
(398,153,55,2,390000),
(399,154,97,3,19000),
(400,154,18,1,19000);
INSERT INTO order_items VALUES
(401,155,118,2,390000),
(402,155,91,3,39000),
(403,155,63,2,39000),
(404,156,8,1,390000),
(405,156,106,1,29000),
(406,156,48,2,180000),
(407,157,95,1,180000),
(408,157,46,3,89000),
(409,157,114,3,250000),
(410,158,3,3,590000),
(411,158,66,2,590000),
(412,158,53,2,69000),
(413,159,58,2,39000),
(414,159,12,2,590000),
(415,159,108,2,890000),
(416,160,19,1,390000),
(417,160,22,2,69000),
(418,161,99,1,180000),
(419,161,61,2,890000),
(420,161,87,2,120000),
(421,162,91,1,39000),
(422,162,84,3,89000),
(423,162,94,3,590000),
(424,162,61,3,890000),
(425,163,34,3,49000),
(426,163,59,2,69000),
(427,163,107,3,39000),
(428,164,45,1,890000),
(429,164,63,1,39000),
(430,164,44,3,250000),
(431,165,67,1,39000),
(432,166,24,1,890000),
(433,167,31,1,250000),
(434,167,14,2,590000),
(435,167,15,3,180000),
(436,168,20,3,69000),
(437,168,109,1,590000),
(438,168,120,3,250000),
(439,168,116,1,49000),
(440,169,48,2,180000),
(441,169,105,2,39000),
(442,170,55,2,390000),
(443,170,100,1,49000),
(444,170,57,2,19000),
(445,171,109,1,590000),
(446,171,88,3,180000),
(447,172,42,1,890000),
(448,172,52,3,890000),
(449,172,38,3,39000),
(450,172,47,2,39000),
(451,173,79,3,39000),
(452,173,63,1,39000),
(453,174,55,3,390000),
(454,174,2,2,250000),
(455,175,67,1,39000),
(456,176,15,3,180000),
(457,176,71,1,89000),
(458,176,39,1,120000),
(459,177,119,2,250000),
(460,178,86,1,29000),
(461,178,100,1,49000),
(462,178,59,2,69000),
(463,178,109,3,590000),
(464,179,26,2,19000),
(465,179,42,2,890000),
(466,179,103,2,590000),
(467,180,79,2,39000),
(468,180,12,1,590000),
(469,180,101,3,19000),
(470,181,54,1,39000),
(471,181,23,3,250000),
(472,181,97,3,19000),
(473,181,51,3,890000),
(474,182,29,1,19000),
(475,182,52,3,890000),
(476,182,80,3,390000),
(477,183,10,2,49000),
(478,183,23,1,250000),
(479,183,120,3,250000),
(480,183,76,2,49000),
(481,184,21,3,250000),
(482,185,13,2,39000),
(483,185,16,2,89000),
(484,185,105,1,39000),
(485,185,34,3,49000),
(486,186,52,2,890000),
(487,186,115,3,69000),
(488,186,5,2,89000),
(489,186,83,3,69000),
(490,187,70,2,250000),
(491,187,17,3,890000),
(492,187,4,1,180000),
(493,187,11,3,89000),
(494,188,88,1,180000),
(495,188,35,1,19000),
(496,189,80,1,390000),
(497,190,83,2,69000),
(498,190,92,2,49000),
(499,190,70,3,250000),
(500,191,28,1,390000),
(501,191,85,2,19000),
(502,191,46,1,89000),
(503,192,77,1,39000),
(504,192,69,1,19000),
(505,192,101,2,19000),
(506,192,115,1,69000),
(507,193,1,1,69000),
(508,193,91,1,39000),
(509,194,19,1,390000),
(510,194,68,2,29000),
(511,194,37,2,180000),
(512,194,110,2,39000),
(513,195,72,3,590000),
(514,195,88,2,180000),
(515,195,84,1,89000),
(516,195,108,3,890000),
(517,196,113,1,19000),
(518,196,46,3,89000),
(519,197,18,1,19000),
(520,197,47,2,39000),
(521,198,72,3,590000),
(522,198,70,2,250000),
(523,199,66,3,590000),
(524,200,79,2,39000),
(525,201,78,2,890000),
(526,202,108,3,890000),
(527,202,32,2,69000),
(528,202,115,1,69000),
(529,202,38,1,39000),
(530,203,25,2,250000),
(531,203,99,3,180000),
(532,203,41,2,890000),
(533,204,111,1,49000),
(534,205,80,3,390000),
(535,205,9,2,89000),
(536,205,17,3,890000),
(537,206,35,2,19000),
(538,207,13,1,39000),
(539,208,41,2,890000),
(540,208,63,1,39000),
(541,208,115,2,69000),
(542,209,62,1,69000),
(543,209,119,3,250000),
(544,209,5,1,89000),
(545,210,67,1,39000),
(546,210,1,3,69000),
(547,211,38,2,39000),
(548,212,48,1,180000),
(549,212,118,1,390000),
(550,212,12,3,590000),
(551,212,38,3,39000),
(552,213,35,2,19000),
(553,214,29,3,19000),
(554,214,118,2,390000),
(555,214,45,2,890000),
(556,214,51,2,890000),
(557,215,10,1,49000),
(558,216,92,2,49000),
(559,216,115,3,69000),
(560,216,14,2,590000),
(561,217,81,3,49000),
(562,218,77,1,39000),
(563,218,23,1,250000),
(564,219,81,1,49000),
(565,219,59,1,69000),
(566,219,86,3,29000),
(567,219,25,3,250000),
(568,220,91,1,39000),
(569,221,103,1,590000),
(570,221,10,1,49000),
(571,221,72,2,590000),
(572,221,115,2,69000),
(573,222,92,3,49000),
(574,222,86,2,29000),
(575,222,40,3,120000),
(576,223,24,2,890000),
(577,223,62,2,69000),
(578,224,61,2,890000),
(579,224,26,1,19000),
(580,225,73,3,120000),
(581,225,62,1,69000),
(582,225,78,3,890000),
(583,225,11,1,89000),
(584,226,57,3,19000),
(585,226,34,3,49000),
(586,227,74,1,19000),
(587,227,11,2,89000),
(588,227,31,3,250000),
(589,228,7,2,89000),
(590,228,91,2,39000),
(591,228,88,3,180000),
(592,229,89,3,49000),
(593,230,45,2,890000),
(594,231,12,1,590000),
(595,231,10,2,49000),
(596,231,107,1,39000),
(597,232,30,1,69000),
(598,232,104,1,890000),
(599,232,91,1,39000),
(600,233,109,1,590000);
INSERT INTO order_items VALUES
(601,233,52,1,890000),
(602,233,116,2,49000),
(603,234,72,1,590000),
(604,235,71,2,89000),
(605,235,9,2,89000),
(606,235,111,1,49000),
(607,235,1,1,69000),
(608,236,71,3,89000),
(609,236,111,3,49000),
(610,237,67,1,39000),
(611,237,26,1,19000),
(612,237,11,2,89000),
(613,237,46,1,89000),
(614,238,9,3,89000),
(615,238,89,2,49000),
(616,239,24,2,890000),
(617,240,17,3,890000),
(618,240,108,1,890000),
(619,240,95,3,180000),
(620,241,87,2,120000),
(621,241,102,2,180000),
(622,241,44,3,250000),
(623,242,24,3,890000),
(624,243,79,1,39000),
(625,243,23,3,250000),
(626,244,96,2,120000),
(627,244,16,3,89000),
(628,244,62,2,69000),
(629,245,25,1,250000),
(630,245,69,3,19000),
(631,245,30,2,69000),
(632,246,87,1,120000),
(633,246,74,2,19000),
(634,247,72,3,590000),
(635,247,106,2,29000),
(636,247,30,3,69000),
(637,247,90,2,39000),
(638,248,97,2,19000),
(639,248,46,3,89000),
(640,249,6,2,19000),
(641,249,92,3,49000),
(642,249,41,3,890000),
(643,249,11,2,89000),
(644,250,49,2,89000),
(645,251,28,1,390000),
(646,251,73,1,120000),
(647,251,47,3,39000),
(648,251,61,3,890000),
(649,252,60,2,49000),
(650,252,43,3,39000),
(651,253,34,1,49000),
(652,253,110,1,39000),
(653,254,88,3,180000),
(654,254,116,3,49000),
(655,254,70,2,250000),
(656,255,111,1,49000),
(657,255,35,3,19000),
(658,255,62,1,69000),
(659,256,47,1,39000),
(660,257,81,1,49000),
(661,257,97,2,19000),
(662,258,64,1,39000),
(663,258,14,1,590000),
(664,259,70,2,250000),
(665,259,76,1,49000),
(666,259,59,3,69000),
(667,260,30,1,69000),
(668,260,15,1,180000),
(669,260,74,2,19000),
(670,260,25,2,250000),
(671,261,57,3,19000),
(672,261,70,2,250000),
(673,262,58,1,39000),
(674,262,10,1,49000),
(675,263,46,2,89000),
(676,263,84,1,89000),
(677,263,48,3,180000),
(678,264,63,1,39000),
(679,265,45,2,890000),
(680,265,6,1,19000),
(681,266,37,3,180000),
(682,266,49,2,89000),
(683,266,26,2,19000),
(684,267,119,1,250000),
(685,267,44,3,250000),
(686,268,28,3,390000),
(687,268,112,1,890000),
(688,268,112,1,890000),
(689,269,44,3,250000),
(690,270,5,2,89000),
(691,271,38,1,39000),
(692,271,117,1,49000),
(693,271,81,3,49000),
(694,271,40,3,120000),
(695,272,8,3,390000),
(696,272,101,1,19000),
(697,272,78,3,890000),
(698,272,14,3,590000),
(699,273,93,1,890000),
(700,273,74,3,19000),
(701,273,96,2,120000),
(702,274,17,2,890000),
(703,274,18,3,19000),
(704,274,91,3,39000),
(705,275,86,2,29000),
(706,276,58,3,39000),
(707,276,106,1,29000),
(708,277,120,2,250000),
(709,278,76,1,49000),
(710,278,16,2,89000),
(711,279,118,3,390000),
(712,279,61,1,890000),
(713,280,101,2,19000),
(714,280,104,2,890000),
(715,280,47,3,39000),
(716,280,12,1,590000),
(717,281,57,3,19000),
(718,281,49,1,89000),
(719,281,52,1,890000),
(720,282,95,1,180000),
(721,282,80,3,390000),
(722,282,54,3,39000),
(723,282,51,1,890000),
(724,283,85,2,19000),
(725,283,101,3,19000),
(726,283,18,3,19000),
(727,284,43,3,39000),
(728,284,41,1,890000),
(729,285,83,3,69000),
(730,285,7,2,89000),
(731,285,41,3,890000),
(732,285,18,1,19000),
(733,286,19,1,390000),
(734,286,58,3,39000),
(735,287,64,3,39000),
(736,287,115,3,69000),
(737,288,16,2,89000),
(738,288,72,1,590000),
(739,288,54,1,39000),
(740,288,52,1,890000),
(741,289,114,1,250000),
(742,290,89,1,49000),
(743,291,64,1,39000),
(744,291,9,3,89000),
(745,291,29,2,19000),
(746,291,109,1,590000),
(747,292,112,2,890000),
(748,292,116,3,49000),
(749,292,102,1,180000),
(750,293,56,2,39000),
(751,293,94,1,590000),
(752,294,93,1,890000),
(753,294,78,1,890000),
(754,294,31,3,250000),
(755,294,110,2,39000),
(756,295,115,1,69000),
(757,295,77,2,39000),
(758,295,73,1,120000),
(759,295,22,3,69000),
(760,296,15,2,180000),
(761,296,87,3,120000),
(762,297,57,1,19000),
(763,297,15,3,180000),
(764,297,98,2,590000),
(765,298,36,1,120000),
(766,298,97,2,19000),
(767,299,88,2,180000),
(768,299,113,2,19000),
(769,300,22,3,69000),
(770,301,96,2,120000),
(771,302,39,3,120000),
(772,303,97,2,19000),
(773,303,11,2,89000),
(774,303,49,2,89000),
(775,304,7,2,89000),
(776,305,99,3,180000),
(777,305,115,1,69000),
(778,305,5,1,89000),
(779,306,29,2,19000),
(780,306,27,1,180000),
(781,306,25,3,250000),
(782,307,100,2,49000),
(783,308,47,2,39000),
(784,308,34,2,49000),
(785,308,40,1,120000),
(786,309,96,1,120000),
(787,310,105,1,39000),
(788,310,92,3,49000),
(789,311,22,2,69000),
(790,311,1,2,69000),
(791,311,31,1,250000),
(792,311,19,3,390000),
(793,312,20,3,69000),
(794,312,18,2,19000),
(795,312,66,1,590000),
(796,313,54,1,39000),
(797,313,8,1,390000),
(798,313,76,3,49000),
(799,314,116,2,49000),
(800,314,38,3,39000);
INSERT INTO order_items VALUES
(801,315,13,3,39000),
(802,315,34,2,49000),
(803,316,41,3,890000),
(804,317,95,2,180000),
(805,317,26,1,19000),
(806,317,37,3,180000),
(807,317,53,2,69000),
(808,318,117,1,49000),
(809,318,51,1,890000),
(810,318,17,1,890000),
(811,318,78,2,890000),
(812,319,118,3,390000),
(813,320,2,3,250000),
(814,320,82,2,49000),
(815,320,72,2,590000),
(816,321,79,1,39000),
(817,321,17,2,890000),
(818,322,2,2,250000),
(819,323,86,1,29000),
(820,323,25,3,250000),
(821,324,51,3,890000),
(822,324,118,1,390000),
(823,324,38,1,39000),
(824,325,52,3,890000),
(825,325,63,2,39000),
(826,325,95,3,180000),
(827,326,110,3,39000),
(828,326,36,2,120000),
(829,326,21,3,250000),
(830,327,38,2,39000),
(831,327,18,2,19000),
(832,328,13,1,39000),
(833,329,70,1,250000),
(834,329,107,3,39000),
(835,329,78,2,890000),
(836,330,63,1,39000),
(837,331,31,1,250000),
(838,331,111,1,49000),
(839,331,38,3,39000),
(840,332,23,2,250000),
(841,333,55,3,390000),
(842,333,113,3,19000),
(843,333,23,3,250000),
(844,333,42,1,890000),
(845,334,8,2,390000),
(846,334,60,1,49000),
(847,335,86,2,29000),
(848,336,17,1,890000),
(849,337,13,2,39000),
(850,338,96,2,120000),
(851,338,27,3,180000),
(852,338,63,2,39000),
(853,339,3,2,590000),
(854,339,29,2,19000),
(855,339,78,3,890000),
(856,339,95,1,180000),
(857,340,87,2,120000),
(858,340,51,3,890000),
(859,340,61,3,890000),
(860,341,66,1,590000),
(861,342,32,2,69000),
(862,342,9,2,89000),
(863,342,43,3,39000),
(864,342,88,1,180000),
(865,343,107,1,39000),
(866,343,33,1,120000),
(867,344,68,3,29000),
(868,344,84,2,89000),
(869,344,30,3,69000),
(870,345,54,3,39000),
(871,345,66,3,590000),
(872,345,119,3,250000),
(873,345,65,2,390000),
(874,346,47,2,39000),
(875,347,75,2,29000),
(876,348,29,2,19000),
(877,348,87,1,120000),
(878,348,47,1,39000),
(879,348,64,2,39000),
(880,349,17,1,890000),
(881,349,62,3,69000),
(882,349,49,3,89000),
(883,349,66,1,590000),
(884,350,37,3,180000),
(885,350,88,1,180000),
(886,351,73,2,120000),
(887,352,80,1,390000),
(888,352,4,3,180000),
(889,353,36,2,120000),
(890,353,89,1,49000),
(891,354,15,1,180000),
(892,354,93,1,890000),
(893,354,26,2,19000),
(894,355,13,3,39000),
(895,355,35,1,19000),
(896,355,106,2,29000),
(897,355,83,1,69000),
(898,356,43,1,39000),
(899,357,16,3,89000),
(900,358,6,1,19000),
(901,358,110,1,39000),
(902,358,87,2,120000),
(903,359,49,3,89000),
(904,360,97,1,19000),
(905,360,85,3,19000),
(906,361,90,1,39000),
(907,361,38,1,39000),
(908,361,63,1,39000),
(909,361,44,1,250000),
(910,362,11,1,89000),
(911,362,10,2,49000),
(912,362,2,2,250000),
(913,363,114,2,250000),
(914,363,44,1,250000),
(915,364,61,2,890000),
(916,364,51,2,890000),
(917,365,39,1,120000),
(918,365,23,1,250000),
(919,365,74,2,19000),
(920,365,25,1,250000),
(921,366,54,2,39000),
(922,366,33,1,120000),
(923,366,95,1,180000),
(924,366,57,2,19000),
(925,367,1,3,69000),
(926,367,5,1,89000),
(927,367,90,2,39000),
(928,367,44,1,250000),
(929,368,55,1,390000),
(930,368,83,3,69000),
(931,369,50,1,49000),
(932,370,12,3,590000),
(933,371,10,3,49000),
(934,372,9,2,89000),
(935,372,26,3,19000),
(936,372,58,3,39000),
(937,372,20,1,69000),
(938,373,75,2,29000),
(939,374,1,3,69000),
(940,374,23,2,250000),
(941,374,109,3,590000),
(942,374,15,2,180000),
(943,375,29,3,19000),
(944,375,48,1,180000),
(945,375,38,1,39000),
(946,376,35,3,19000),
(947,376,81,2,49000),
(948,377,28,1,390000),
(949,377,38,1,39000),
(950,378,37,3,180000),
(951,378,120,1,250000),
(952,378,67,2,39000),
(953,379,54,2,39000),
(954,380,100,1,49000),
(955,380,14,2,590000),
(956,380,99,2,180000),
(957,381,120,3,250000),
(958,382,87,1,120000),
(959,382,115,3,69000),
(960,382,60,1,49000),
(961,382,35,3,19000),
(962,383,57,1,19000),
(963,383,119,1,250000),
(964,383,108,3,890000),
(965,384,21,1,250000),
(966,385,68,2,29000),
(967,385,90,2,39000),
(968,385,28,3,390000),
(969,385,8,3,390000),
(970,386,73,2,120000),
(971,386,41,3,890000),
(972,386,100,1,49000),
(973,387,50,1,49000),
(974,387,120,3,250000),
(975,387,3,2,590000),
(976,388,115,2,69000),
(977,389,17,1,890000),
(978,390,110,2,39000),
(979,390,90,2,39000),
(980,391,87,1,120000),
(981,392,33,3,120000),
(982,392,114,1,250000),
(983,392,105,2,39000),
(984,392,49,1,89000),
(985,393,69,2,19000),
(986,393,84,2,89000),
(987,393,13,2,39000),
(988,393,48,3,180000),
(989,394,10,2,49000),
(990,394,38,1,39000),
(991,394,103,1,590000),
(992,395,7,3,89000),
(993,395,97,2,19000),
(994,395,9,3,89000),
(995,396,78,2,890000),
(996,396,86,2,29000),
(997,396,67,2,39000),
(998,396,5,3,89000),
(999,397,53,3,69000),
(1000,398,114,3,250000);
INSERT INTO order_items VALUES
(1001,398,19,2,390000),
(1002,399,113,2,19000),
(1003,399,49,3,89000),
(1004,399,6,2,19000),
(1005,399,66,3,590000),
(1006,400,36,1,120000),
(1007,400,60,2,49000),
(1008,400,109,2,590000),
(1009,401,85,1,19000),
(1010,401,109,3,590000),
(1011,401,32,1,69000),
(1012,401,53,1,69000),
(1013,402,31,2,250000),
(1014,402,72,2,590000),
(1015,402,23,1,250000),
(1016,402,82,3,49000),
(1017,403,106,1,29000),
(1018,404,66,2,590000),
(1019,405,111,3,49000),
(1020,405,89,3,49000),
(1021,405,91,3,39000),
(1022,405,87,1,120000),
(1023,406,79,1,39000),
(1024,407,80,2,390000),
(1025,408,23,2,250000),
(1026,409,111,1,49000),
(1027,409,62,2,69000),
(1028,409,49,3,89000),
(1029,410,13,1,39000),
(1030,410,94,1,590000),
(1031,410,27,3,180000),
(1032,411,53,2,69000),
(1033,411,34,2,49000),
(1034,411,74,3,19000),
(1035,411,102,1,180000),
(1036,412,94,3,590000),
(1037,412,106,2,29000),
(1038,413,32,2,69000),
(1039,413,51,1,890000),
(1040,414,78,1,890000),
(1041,414,29,3,19000),
(1042,415,64,1,39000),
(1043,415,69,1,19000),
(1044,415,99,1,180000),
(1045,415,59,1,69000),
(1046,416,67,1,39000),
(1047,416,6,1,19000),
(1048,416,75,2,29000),
(1049,417,87,1,120000),
(1050,417,102,1,180000),
(1051,418,16,3,89000),
(1052,419,76,3,49000),
(1053,420,105,1,39000),
(1054,421,55,2,390000),
(1055,422,62,3,69000),
(1056,423,58,2,39000),
(1057,423,100,3,49000),
(1058,424,56,3,39000),
(1059,425,11,3,89000),
(1060,425,83,3,69000),
(1061,426,39,3,120000),
(1062,426,4,2,180000),
(1063,427,109,2,590000),
(1064,427,46,1,89000),
(1065,427,57,3,19000),
(1066,428,16,1,89000),
(1067,428,19,3,390000),
(1068,428,4,1,180000),
(1069,428,5,2,89000),
(1070,429,2,3,250000),
(1071,429,84,3,89000),
(1072,429,103,3,590000),
(1073,429,56,2,39000),
(1074,430,24,1,890000),
(1075,430,117,1,49000),
(1076,430,115,1,69000),
(1077,430,32,3,69000),
(1078,431,118,3,390000),
(1079,431,24,1,890000),
(1080,431,83,2,69000),
(1081,431,91,3,39000),
(1082,432,21,2,250000),
(1083,432,56,3,39000),
(1084,432,86,1,29000),
(1085,432,94,3,590000),
(1086,433,85,1,19000),
(1087,433,8,3,390000),
(1088,433,104,3,890000),
(1089,433,87,1,120000),
(1090,434,93,3,890000),
(1091,434,102,2,180000),
(1092,435,81,1,49000),
(1093,435,89,3,49000),
(1094,435,76,2,49000),
(1095,436,96,3,120000),
(1096,436,86,1,29000),
(1097,437,104,1,890000),
(1098,437,51,1,890000),
(1099,437,112,3,890000),
(1100,437,41,2,890000),
(1101,438,33,1,120000),
(1102,439,40,3,120000),
(1103,439,94,1,590000),
(1104,440,35,3,19000),
(1105,440,76,1,49000),
(1106,440,63,1,39000),
(1107,440,75,2,29000),
(1108,441,95,3,180000),
(1109,441,3,2,590000),
(1110,441,71,2,89000),
(1111,442,30,2,69000),
(1112,442,49,1,89000),
(1113,442,33,2,120000),
(1114,442,94,3,590000),
(1115,443,24,2,890000),
(1116,444,35,2,19000),
(1117,445,33,1,120000),
(1118,446,81,1,49000),
(1119,446,40,2,120000),
(1120,447,50,3,49000),
(1121,447,34,1,49000),
(1122,448,30,3,69000),
(1123,448,36,3,120000),
(1124,448,109,2,590000),
(1125,449,7,1,89000),
(1126,449,38,2,39000),
(1127,449,19,3,390000),
(1128,450,77,3,39000),
(1129,450,98,2,590000),
(1130,451,99,3,180000),
(1131,451,14,1,590000),
(1132,451,64,2,39000),
(1133,452,100,2,49000),
(1134,452,42,1,890000),
(1135,452,112,1,890000),
(1136,452,32,3,69000),
(1137,453,115,1,69000),
(1138,453,71,2,89000),
(1139,454,28,2,390000),
(1140,454,107,1,39000),
(1141,454,93,1,890000),
(1142,455,4,1,180000),
(1143,455,118,2,390000),
(1144,455,67,3,39000),
(1145,456,36,1,120000),
(1146,456,101,3,19000),
(1147,456,113,2,19000),
(1148,456,4,1,180000),
(1149,457,113,2,19000),
(1150,457,48,1,180000),
(1151,457,27,3,180000),
(1152,457,10,1,49000),
(1153,458,29,1,19000),
(1154,458,20,2,69000),
(1155,458,17,1,890000),
(1156,458,76,2,49000),
(1157,459,13,1,39000),
(1158,459,111,1,49000),
(1159,459,50,3,49000),
(1160,459,98,1,590000),
(1161,460,5,3,89000),
(1162,460,89,3,49000),
(1163,461,113,1,19000),
(1164,462,14,3,590000),
(1165,463,85,1,19000),
(1166,464,57,3,19000),
(1167,465,35,3,19000),
(1168,466,90,1,39000),
(1169,466,87,2,120000),
(1170,467,75,1,29000),
(1171,467,100,2,49000),
(1172,467,107,1,39000),
(1173,467,21,2,250000),
(1174,468,67,3,39000),
(1175,468,71,1,89000),
(1176,468,14,1,590000),
(1177,469,80,1,390000),
(1178,469,35,3,19000),
(1179,469,59,2,69000),
(1180,469,23,3,250000),
(1181,470,47,1,39000),
(1182,470,32,1,69000),
(1183,471,25,2,250000),
(1184,471,84,1,89000),
(1185,471,38,2,39000),
(1186,472,36,3,120000),
(1187,473,89,2,49000),
(1188,473,15,3,180000),
(1189,474,93,2,890000),
(1190,474,22,2,69000),
(1191,474,101,3,19000),
(1192,474,74,2,19000),
(1193,475,27,3,180000),
(1194,475,120,2,250000),
(1195,476,46,3,89000),
(1196,476,108,3,890000),
(1197,477,87,3,120000),
(1198,477,101,3,19000),
(1199,478,72,2,590000),
(1200,478,2,2,250000);
INSERT INTO order_items VALUES
(1201,478,23,2,250000),
(1202,478,69,1,19000),
(1203,479,106,1,29000),
(1204,479,25,1,250000),
(1205,479,68,3,29000),
(1206,480,11,1,89000),
(1207,480,97,3,19000),
(1208,480,114,3,250000),
(1209,481,11,2,89000),
(1210,481,28,3,390000),
(1211,481,108,3,890000),
(1212,482,96,2,120000),
(1213,482,32,1,69000),
(1214,482,91,3,39000),
(1215,482,10,3,49000),
(1216,483,101,2,19000),
(1217,483,77,3,39000),
(1218,483,112,2,890000),
(1219,484,42,1,890000),
(1220,484,12,3,590000),
(1221,485,82,3,49000),
(1222,485,58,1,39000),
(1223,485,101,2,19000),
(1224,485,120,3,250000),
(1225,486,41,3,890000),
(1226,487,55,1,390000),
(1227,487,48,2,180000),
(1228,488,13,1,39000),
(1229,488,15,1,180000),
(1230,489,7,1,89000),
(1231,489,103,2,590000),
(1232,490,104,1,890000),
(1233,490,62,1,69000),
(1234,491,31,1,250000),
(1235,492,107,1,39000),
(1236,492,94,1,590000),
(1237,493,6,1,19000),
(1238,493,5,1,89000),
(1239,494,58,3,39000),
(1240,495,29,2,19000),
(1241,495,51,2,890000),
(1242,495,42,2,890000),
(1243,495,92,2,49000),
(1244,496,65,1,390000),
(1245,496,48,1,180000),
(1246,496,119,3,250000),
(1247,496,59,2,69000),
(1248,497,56,3,39000),
(1249,497,21,1,250000),
(1250,497,115,3,69000),
(1251,498,60,2,49000),
(1252,498,85,3,19000),
(1253,498,48,2,180000),
(1254,498,52,1,890000),
(1255,499,8,3,390000),
(1256,499,40,2,120000),
(1257,499,91,2,39000),
(1258,499,69,1,19000),
(1259,500,14,3,590000),
(1260,500,73,3,120000),
(1261,501,15,1,180000),
(1262,501,111,3,49000),
(1263,501,108,1,890000),
(1264,501,105,3,39000),
(1265,502,113,2,19000),
(1266,502,83,3,69000),
(1267,502,46,3,89000),
(1268,502,55,1,390000),
(1269,503,31,2,250000),
(1270,504,65,3,390000),
(1271,504,27,1,180000),
(1272,504,16,2,89000),
(1273,505,109,2,590000),
(1274,505,54,3,39000),
(1275,505,8,1,390000),
(1276,505,83,2,69000),
(1277,506,106,2,29000),
(1278,507,39,2,120000),
(1279,507,36,2,120000),
(1280,508,80,2,390000),
(1281,509,20,1,69000),
(1282,509,50,2,49000),
(1283,509,107,1,39000),
(1284,509,84,2,89000),
(1285,510,120,3,250000),
(1286,510,71,2,89000),
(1287,511,52,1,890000),
(1288,511,30,1,69000),
(1289,512,11,3,89000),
(1290,512,105,3,39000),
(1291,512,73,2,120000),
(1292,512,10,1,49000),
(1293,513,116,1,49000),
(1294,513,60,2,49000),
(1295,514,97,2,19000),
(1296,514,94,1,590000),
(1297,514,40,2,120000),
(1298,515,23,2,250000),
(1299,515,76,1,49000),
(1300,515,39,2,120000),
(1301,515,81,1,49000),
(1302,516,13,2,39000),
(1303,516,63,1,39000),
(1304,516,119,3,250000),
(1305,517,69,2,19000),
(1306,517,26,1,19000),
(1307,517,74,3,19000),
(1308,517,102,2,180000),
(1309,518,47,1,39000),
(1310,518,96,3,120000),
(1311,518,6,3,19000),
(1312,518,77,1,39000),
(1313,519,9,3,89000),
(1314,520,19,3,390000),
(1315,521,29,3,19000),
(1316,522,103,2,590000),
(1317,523,65,3,390000),
(1318,523,118,1,390000),
(1319,524,104,2,890000),
(1320,525,98,3,590000),
(1321,526,4,1,180000),
(1322,527,10,2,49000),
(1323,527,117,1,49000),
(1324,527,15,1,180000),
(1325,528,111,1,49000),
(1326,529,10,2,49000),
(1327,529,51,1,890000),
(1328,529,92,1,49000),
(1329,530,7,2,89000),
(1330,530,92,2,49000),
(1331,531,111,3,49000),
(1332,531,22,3,69000),
(1333,532,53,1,69000),
(1334,532,29,3,19000),
(1335,533,41,3,890000),
(1336,533,88,2,180000),
(1337,533,89,3,49000),
(1338,534,31,1,250000),
(1339,534,5,2,89000),
(1340,535,104,3,890000),
(1341,535,37,1,180000),
(1342,535,87,2,120000),
(1343,535,113,1,19000),
(1344,536,75,1,29000),
(1345,536,59,3,69000),
(1346,536,101,2,19000),
(1347,537,82,3,49000),
(1348,537,12,1,590000),
(1349,537,74,1,19000),
(1350,538,110,3,39000),
(1351,538,77,3,39000),
(1352,539,91,3,39000),
(1353,540,98,1,590000),
(1354,540,116,3,49000),
(1355,540,119,1,250000),
(1356,541,28,2,390000),
(1357,541,76,1,49000),
(1358,541,74,1,19000),
(1359,541,104,1,890000),
(1360,542,14,1,590000),
(1361,543,65,1,390000),
(1362,543,17,2,890000),
(1363,543,42,1,890000),
(1364,544,53,1,69000),
(1365,544,96,2,120000),
(1366,544,89,1,49000),
(1367,544,69,2,19000),
(1368,545,50,1,49000),
(1369,546,108,3,890000),
(1370,546,31,3,250000),
(1371,546,103,1,590000),
(1372,546,108,2,890000),
(1373,547,52,2,890000),
(1374,547,5,3,89000),
(1375,547,73,2,120000),
(1376,548,104,2,890000),
(1377,548,110,3,39000),
(1378,548,98,1,590000),
(1379,549,45,2,890000),
(1380,550,39,1,120000),
(1381,550,15,2,180000),
(1382,550,4,2,180000),
(1383,551,18,3,19000),
(1384,551,43,2,39000),
(1385,551,70,2,250000),
(1386,551,25,1,250000),
(1387,552,38,2,39000),
(1388,552,36,3,120000),
(1389,553,107,2,39000),
(1390,553,22,3,69000),
(1391,553,14,2,590000),
(1392,554,100,2,49000),
(1393,554,52,1,890000),
(1394,555,103,2,590000),
(1395,556,97,3,19000),
(1396,556,86,2,29000),
(1397,556,110,1,39000),
(1398,557,41,2,890000),
(1399,557,78,3,890000),
(1400,557,66,2,590000);
INSERT INTO order_items VALUES
(1401,557,14,2,590000),
(1402,558,93,2,890000),
(1403,559,59,1,69000),
(1404,559,76,3,49000),
(1405,559,25,3,250000),
(1406,559,9,2,89000),
(1407,560,81,2,49000),
(1408,560,32,3,69000),
(1409,560,38,3,39000),
(1410,560,23,2,250000),
(1411,561,31,3,250000),
(1412,561,29,1,19000),
(1413,562,117,1,49000),
(1414,562,23,3,250000),
(1415,563,106,3,29000),
(1416,563,68,2,29000),
(1417,563,3,1,590000),
(1418,563,14,2,590000),
(1419,564,80,2,390000),
(1420,564,43,2,39000),
(1421,565,83,3,69000),
(1422,565,5,2,89000),
(1423,565,49,1,89000),
(1424,566,35,1,19000),
(1425,566,65,2,390000),
(1426,566,3,3,590000),
(1427,566,25,3,250000),
(1428,567,108,1,890000),
(1429,567,58,3,39000),
(1430,567,33,1,120000),
(1431,567,35,1,19000),
(1432,568,56,1,39000),
(1433,568,83,1,69000),
(1434,568,105,3,39000),
(1435,569,98,2,590000),
(1436,569,60,3,49000),
(1437,570,29,3,19000),
(1438,570,24,3,890000),
(1439,571,85,1,19000),
(1440,571,25,2,250000),
(1441,571,111,2,49000),
(1442,572,119,1,250000),
(1443,573,15,2,180000),
(1444,573,15,2,180000),
(1445,573,5,1,89000),
(1446,573,34,3,49000),
(1447,574,83,1,69000),
(1448,574,87,2,120000),
(1449,575,75,1,29000),
(1450,576,99,2,180000),
(1451,576,81,3,49000),
(1452,576,99,3,180000),
(1453,576,73,3,120000),
(1454,577,77,1,39000),
(1455,577,69,2,19000),
(1456,577,66,3,590000),
(1457,578,5,2,89000),
(1458,578,82,2,49000),
(1459,578,27,3,180000),
(1460,578,23,2,250000),
(1461,579,71,2,89000),
(1462,579,9,2,89000),
(1463,579,28,2,390000),
(1464,579,50,1,49000),
(1465,580,6,2,19000),
(1466,580,15,3,180000),
(1467,580,10,3,49000),
(1468,581,40,1,120000),
(1469,581,57,1,19000),
(1470,581,56,3,39000),
(1471,581,108,3,890000),
(1472,582,9,3,89000),
(1473,583,89,2,49000),
(1474,583,23,3,250000),
(1475,583,96,2,120000),
(1476,584,43,2,39000),
(1477,585,33,2,120000),
(1478,585,75,2,29000),
(1479,586,70,2,250000),
(1480,586,4,2,180000),
(1481,586,18,3,19000),
(1482,586,111,1,49000),
(1483,587,107,2,39000),
(1484,587,90,2,39000),
(1485,588,36,1,120000),
(1486,588,112,1,890000),
(1487,588,71,1,89000),
(1488,589,3,1,590000),
(1489,589,10,3,49000),
(1490,589,82,2,49000),
(1491,589,81,2,49000),
(1492,590,105,3,39000),
(1493,590,90,3,39000),
(1494,590,56,3,39000),
(1495,591,90,1,39000),
(1496,592,41,3,890000),
(1497,592,90,2,39000),
(1498,592,29,2,19000),
(1499,592,86,1,29000),
(1500,593,104,2,890000),
(1501,593,81,1,49000),
(1502,593,57,3,19000),
(1503,594,63,2,39000),
(1504,594,45,2,890000),
(1505,595,89,3,49000),
(1506,595,98,1,590000),
(1507,595,75,2,29000),
(1508,596,40,2,120000),
(1509,597,21,1,250000),
(1510,597,44,2,250000),
(1511,597,77,2,39000),
(1512,598,13,3,39000),
(1513,598,99,2,180000),
(1514,598,4,2,180000),
(1515,599,116,3,49000),
(1516,599,56,3,39000),
(1517,599,66,1,590000),
(1518,600,98,2,590000),
(1519,600,68,1,29000),
(1520,600,91,1,39000),
(1521,600,74,3,19000);

CREATE TABLE payments (order_id INT PRIMARY KEY, method VARCHAR(10), amount INT, paid_date DATE);

INSERT INTO payments VALUES
(1,'CASH',727000,'2024-01-04'),
(2,'MOBILE',538000,'2024-07-04'),
(3,'CARD',653000,'2024-11-25'),
(4,'MOBILE',676000,'2024-05-06'),
(5,'POINT',138000,'2024-08-04'),
(6,'CARD',1194000,'2024-03-25'),
(7,'CARD',1398000,'2024-03-17'),
(8,'POINT',723000,'2024-12-27'),
(9,'POINT',57000,'2024-05-09'),
(10,'POINT',890000,'2024-04-03'),
(11,'CARD',756000,'2024-04-26'),
(12,'CARD',628000,'2024-07-01'),
(13,'MOBILE',240000,'2024-01-01'),
(14,'MOBILE',305000,'2024-03-28'),
(15,'CASH',1790000,'2024-06-21'),
(16,'MOBILE',5380000,'2024-03-05'),
(17,'CASH',2850000,'2024-01-11'),
(18,'CARD',3127000,'2024-08-23'),
(19,'CARD',138000,'2024-10-08'),
(20,'MOBILE',668000,'2024-03-18'),
(21,'MOBILE',3144000,'2024-05-17'),
(22,'CARD',2817000,'2024-10-14'),
(23,'POINT',890000,'2024-02-05'),
(24,'CARD',968000,'2024-07-26'),
(25,'POINT',574000,'2024-09-24'),
(26,'CASH',846000,'2024-02-23'),
(27,'CARD',78000,'2024-09-25'),
(28,'MOBILE',216000,'2024-12-14'),
(29,'POINT',1067000,'2024-06-27'),
(30,'CARD',39000,'2024-08-14'),
(31,'POINT',2670000,'2024-05-14'),
(32,'POINT',857000,'2024-09-24'),
(33,'CARD',3067000,'2024-02-27'),
(34,'CARD',4174000,'2024-10-01'),
(35,'CARD',905000,'2024-06-03'),
(36,'POINT',1046000,'2024-07-09'),
(37,'CARD',116000,'2024-11-27'),
(38,'CARD',390000,'2024-02-25'),
(39,'MOBILE',256000,'2024-10-11'),
(40,'CARD',1808000,'2024-11-20'),
(41,'CARD',1339000,'2024-09-20'),
(42,'POINT',1770000,'2024-01-04'),
(43,'CARD',115000,'2024-07-06'),
(44,'CARD',135000,'2024-10-22'),
(45,'CARD',358000,'2024-09-19'),
(46,'CARD',4269000,'2024-08-06'),
(47,'CARD',2117000,'2024-08-08'),
(48,'MOBILE',3276000,'2024-03-01'),
(49,'CARD',830000,'2024-10-01'),
(50,'CARD',1218000,'2024-03-19'),
(51,'CARD',750000,'2024-05-14'),
(52,'CARD',2168000,'2024-02-16'),
(53,'CASH',288000,'2024-05-05'),
(54,'CARD',204000,'2024-07-22'),
(55,'POINT',78000,'2024-07-15'),
(56,'POINT',1809000,'2024-05-04'),
(57,'CARD',968000,'2024-07-21'),
(58,'CARD',116000,'2024-11-26'),
(59,'MOBILE',554000,'2024-02-20'),
(60,'MOBILE',502000,'2024-08-21'),
(61,'CARD',245000,'2024-07-22'),
(62,'CARD',500000,'2024-10-03'),
(63,'POINT',1930000,'2024-08-27'),
(64,'CARD',5320000,'2024-11-24'),
(65,'CARD',2350000,'2024-01-24'),
(66,'MOBILE',540000,'2024-07-01'),
(67,'CARD',417000,'2024-07-11'),
(68,'CASH',117000,'2024-12-27'),
(69,'CARD',917000,'2024-11-28'),
(70,'CARD',801000,'2024-10-27'),
(71,'CARD',1495000,'2024-10-16'),
(72,'CARD',58000,'2024-09-11'),
(73,'CARD',236000,'2024-02-06'),
(74,'MOBILE',5870000,'2024-08-05'),
(75,'MOBILE',1897000,'2024-10-06'),
(76,'CASH',516000,'2024-04-04'),
(77,'CARD',2053000,'2024-08-14'),
(78,'CASH',39000,'2024-03-23'),
(79,'CARD',618000,'2024-11-15'),
(80,'CASH',1204000,'2024-10-23'),
(81,'CARD',1267000,'2024-06-06'),
(82,'CARD',78000,'2024-03-21'),
(83,'CARD',19000,'2024-01-05'),
(84,'CARD',857000,'2024-01-07'),
(85,'CARD',360000,'2024-09-26'),
(86,'CARD',356000,'2024-01-26'),
(87,'CARD',1409000,'2024-02-21'),
(88,'POINT',2934000,'2024-07-21'),
(89,'CARD',988000,'2024-03-16'),
(90,'POINT',3780000,'2024-03-11'),
(91,'CARD',1251000,'2024-11-28'),
(92,'POINT',3298000,'2024-12-07'),
(93,'CARD',2217000,'2024-09-11'),
(94,'CARD',1354000,'2024-01-18'),
(95,'CASH',2727000,'2024-05-12'),
(96,'CARD',2709000,'2024-09-04'),
(97,'CARD',1505000,'2024-08-13'),
(98,'CASH',120000,'2024-06-14'),
(99,'MOBILE',3130000,'2024-10-19'),
(100,'CARD',540000,'2024-05-15'),
(101,'CARD',2148000,'2024-02-16'),
(102,'POINT',838000,'2024-12-01'),
(103,'CASH',3098000,'2024-04-07'),
(104,'CASH',1180000,'2024-10-25'),
(105,'CARD',98000,'2024-07-17'),
(106,'CARD',436000,'2024-11-24'),
(107,'MOBILE',477000,'2024-01-26'),
(108,'CARD',3676000,'2024-12-28'),
(109,'CASH',1314000,'2024-05-06'),
(110,'CARD',3928000,'2024-05-05'),
(111,'CASH',383000,'2024-10-27'),
(112,'POINT',447000,'2024-03-13'),
(113,'CARD',387000,'2024-09-09'),
(114,'MOBILE',207000,'2024-12-06'),
(115,'MOBILE',2310000,'2024-12-22'),
(116,'CARD',97000,'2024-03-22'),
(117,'CASH',180000,'2024-06-22'),
(118,'CARD',1390000,'2024-07-19'),
(119,'CARD',954000,'2024-03-25'),
(120,'CARD',278000,'2024-08-23'),
(121,'CASH',886000,'2024-02-19'),
(122,'POINT',2347000,'2024-04-12'),
(123,'CARD',120000,'2024-05-16'),
(124,'CARD',1269000,'2024-06-22'),
(125,'MOBILE',237000,'2024-03-18'),
(126,'CARD',685000,'2024-02-05'),
(127,'POINT',1096000,'2024-06-19'),
(128,'MOBILE',704000,'2024-11-01'),
(129,'POINT',2969000,'2024-06-22'),
(130,'CARD',1250000,'2024-02-08'),
(131,'CARD',1257000,'2024-11-12'),
(132,'MOBILE',477000,'2024-06-09'),
(133,'MOBILE',1052000,'2024-05-26'),
(134,'CARD',774000,'2024-05-25'),
(135,'CARD',38000,'2024-05-06'),
(136,'POINT',2245000,'2024-01-16'),
(137,'POINT',245000,'2024-07-02'),
(138,'CASH',1226000,'2024-04-19'),
(139,'MOBILE',1459000,'2024-06-13'),
(140,'POINT',3699000,'2024-12-13'),
(141,'CASH',1505000,'2024-07-02'),
(142,'MOBILE',174000,'2024-05-23'),
(143,'CASH',1268000,'2024-10-13'),
(144,'CARD',89000,'2024-09-13'),
(145,'CARD',890000,'2024-04-11'),
(146,'CARD',338000,'2024-06-16'),
(147,'CASH',207000,'2024-07-22'),
(148,'CARD',4016000,'2024-01-28'),
(149,'POINT',590000,'2024-07-19'),
(150,'CARD',78000,'2024-11-23'),
(151,'CASH',1856000,'2024-08-13'),
(152,'CARD',474000,'2024-08-13'),
(153,'MOBILE',1749000,'2024-09-05'),
(154,'CARD',76000,'2024-01-21'),
(155,'POINT',975000,'2024-06-12'),
(156,'CARD',779000,'2024-10-11'),
(157,'MOBILE',1197000,'2024-09-07'),
(158,'POINT',3088000,'2024-01-13'),
(159,'CARD',3038000,'2024-07-19'),
(160,'MOBILE',528000,'2024-05-10'),
(161,'POINT',2200000,'2024-07-21'),
(162,'CASH',4746000,'2024-08-20'),
(163,'CARD',402000,'2024-05-23'),
(164,'CARD',1679000,'2024-01-16'),
(165,'CARD',39000,'2024-04-22'),
(166,'CARD',890000,'2024-12-13'),
(167,'CARD',1970000,'2024-02-18'),
(168,'CASH',1596000,'2024-06-17'),
(169,'CARD',438000,'2024-12-27'),
(170,'CARD',867000,'2024-01-14'),
(171,'CARD',1130000,'2024-09-28'),
(172,'POINT',3755000,'2024-08-11'),
(173,'POINT',156000,'2024-03-05'),
(174,'CASH',1670000,'2024-11-02'),
(175,'CASH',39000,'2024-06-08'),
(176,'POINT',749000,'2024-11-25'),
(177,'POINT',500000,'2024-04-12'),
(178,'MOBILE',1986000,'2024-10-20'),
(179,'CARD',2998000,'2024-09-19'),
(180,'MOBILE',725000,'2024-12-10'),
(181,'CARD',3516000,'2024-05-02'),
(182,'CASH',3859000,'2024-01-16'),
(183,'CARD',1196000,'2024-07-07'),
(184,'CARD',750000,'2024-03-24'),
(185,'CARD',442000,'2024-11-26'),
(186,'CARD',2372000,'2024-08-21'),
(187,'CARD',3617000,'2024-11-22'),
(188,'CARD',199000,'2024-10-03'),
(189,'CARD',390000,'2024-08-24'),
(190,'CASH',986000,'2024-08-16'),
(191,'POINT',517000,'2024-05-25'),
(192,'MOBILE',165000,'2024-04-05'),
(193,'CARD',108000,'2024-05-13'),
(194,'CARD',886000,'2024-10-18'),
(195,'CARD',4889000,'2024-08-17'),
(196,'CARD',286000,'2024-12-12'),
(197,'CARD',97000,'2024-12-15'),
(198,'CARD',2270000,'2024-05-12'),
(199,'CARD',1770000,'2024-04-01'),
(200,'CASH',78000,'2024-08-22');
INSERT INTO payments VALUES
(201,'MOBILE',1780000,'2024-03-21'),
(202,'POINT',2916000,'2024-06-15'),
(203,'CARD',2820000,'2024-06-28'),
(204,'POINT',49000,'2024-11-18'),
(205,'CASH',4018000,'2024-03-05'),
(206,'POINT',38000,'2024-02-25'),
(207,'CARD',39000,'2024-08-24'),
(208,'MOBILE',1957000,'2024-10-17'),
(209,'CARD',908000,'2024-05-03'),
(210,'CARD',246000,'2024-04-28'),
(211,'CARD',78000,'2024-06-17'),
(212,'CARD',2457000,'2024-07-04'),
(213,'CARD',38000,'2024-04-24'),
(214,'MOBILE',4397000,'2024-03-22'),
(215,'POINT',49000,'2024-01-28'),
(216,'CARD',1485000,'2024-05-07'),
(217,'CARD',147000,'2024-04-19'),
(218,'CARD',289000,'2024-03-03'),
(219,'CARD',955000,'2024-02-22'),
(220,'CARD',39000,'2024-09-20'),
(221,'CARD',1957000,'2024-11-21'),
(222,'MOBILE',565000,'2024-07-08'),
(223,'POINT',1918000,'2024-12-15'),
(224,'POINT',1799000,'2024-11-01'),
(225,'CARD',3188000,'2024-05-07'),
(226,'CARD',204000,'2024-05-16'),
(227,'CARD',947000,'2024-07-10'),
(228,'POINT',796000,'2024-03-13'),
(229,'MOBILE',147000,'2024-12-03'),
(230,'CARD',1780000,'2024-05-12'),
(231,'MOBILE',727000,'2024-08-13'),
(232,'CARD',998000,'2024-04-27'),
(233,'CARD',1578000,'2024-11-07'),
(234,'CASH',590000,'2024-12-01'),
(235,'CARD',474000,'2024-07-20'),
(236,'POINT',414000,'2024-03-19'),
(237,'MOBILE',325000,'2024-03-24'),
(238,'CARD',365000,'2024-11-11'),
(239,'CARD',1780000,'2024-12-18'),
(240,'CARD',4100000,'2024-04-11'),
(241,'POINT',1350000,'2024-04-20'),
(242,'CARD',2670000,'2024-06-12'),
(243,'MOBILE',789000,'2024-11-10'),
(244,'CARD',645000,'2024-09-09'),
(245,'POINT',445000,'2024-10-10'),
(246,'CARD',158000,'2024-11-19'),
(247,'POINT',2113000,'2024-01-21'),
(248,'CARD',305000,'2024-12-06'),
(249,'CARD',3033000,'2024-06-05'),
(250,'CARD',178000,'2024-10-01'),
(251,'CARD',3297000,'2024-02-26'),
(252,'POINT',215000,'2024-10-24'),
(253,'CARD',88000,'2024-10-24'),
(254,'CARD',1187000,'2024-07-18'),
(255,'CASH',175000,'2024-12-27'),
(256,'MOBILE',39000,'2024-10-21'),
(257,'CARD',87000,'2024-05-12'),
(258,'CASH',629000,'2024-07-12'),
(259,'CARD',756000,'2024-04-18'),
(260,'CARD',787000,'2024-06-02'),
(261,'CARD',557000,'2024-01-21'),
(262,'POINT',88000,'2024-06-05'),
(263,'CARD',807000,'2024-09-26'),
(264,'CARD',39000,'2024-10-06'),
(265,'POINT',1799000,'2024-09-09'),
(266,'CASH',756000,'2024-11-06'),
(267,'CARD',1000000,'2024-12-16'),
(268,'CARD',2950000,'2024-12-16'),
(269,'CARD',750000,'2024-10-08'),
(270,'CARD',178000,'2024-04-20'),
(271,'CARD',595000,'2024-09-11'),
(272,'CARD',5629000,'2024-02-20'),
(273,'CASH',1187000,'2024-04-01'),
(274,'CARD',1954000,'2024-10-20'),
(275,'POINT',58000,'2024-02-24'),
(276,'POINT',146000,'2024-07-12'),
(277,'CARD',500000,'2024-04-18'),
(278,'CARD',227000,'2024-10-25'),
(279,'MOBILE',2060000,'2024-12-13'),
(280,'MOBILE',2525000,'2024-12-24'),
(281,'POINT',1036000,'2024-03-19'),
(282,'CARD',2357000,'2024-12-10'),
(283,'POINT',152000,'2024-07-26'),
(284,'CARD',1007000,'2024-04-28'),
(285,'CARD',3074000,'2024-12-14'),
(286,'CARD',507000,'2024-02-23'),
(287,'CASH',324000,'2024-09-25'),
(288,'MOBILE',1697000,'2024-12-26'),
(289,'CARD',250000,'2024-03-23'),
(290,'CARD',49000,'2024-09-20'),
(291,'CARD',934000,'2024-01-01'),
(292,'CARD',2107000,'2024-08-09'),
(293,'CARD',668000,'2024-07-09'),
(294,'MOBILE',2608000,'2024-06-12'),
(295,'POINT',474000,'2024-04-16'),
(296,'MOBILE',720000,'2024-08-23'),
(297,'CARD',1739000,'2024-03-01'),
(298,'CARD',158000,'2024-07-25'),
(299,'CARD',398000,'2024-09-08'),
(300,'CARD',207000,'2024-03-27'),
(301,'CASH',240000,'2024-05-22'),
(302,'CASH',360000,'2024-05-07'),
(303,'MOBILE',394000,'2024-03-14'),
(304,'POINT',178000,'2024-11-16'),
(305,'CASH',698000,'2024-05-10'),
(306,'CARD',968000,'2024-12-21'),
(307,'CARD',98000,'2024-03-27'),
(308,'POINT',296000,'2024-05-18'),
(309,'CARD',120000,'2024-03-23'),
(310,'MOBILE',186000,'2024-07-09'),
(311,'CASH',1696000,'2024-04-22'),
(312,'CARD',835000,'2024-02-27'),
(313,'CARD',576000,'2024-02-09'),
(314,'POINT',215000,'2024-08-10'),
(315,'MOBILE',215000,'2024-04-03'),
(316,'CARD',2670000,'2024-04-09'),
(317,'CARD',1057000,'2024-04-26'),
(318,'CARD',3609000,'2024-04-28'),
(319,'CARD',1170000,'2024-05-06'),
(320,'CARD',2028000,'2024-12-06'),
(321,'CARD',1819000,'2024-05-26'),
(322,'CARD',500000,'2024-09-14'),
(323,'CARD',779000,'2024-01-11'),
(324,'CASH',3099000,'2024-01-17'),
(325,'CASH',3288000,'2024-09-16'),
(326,'CARD',1107000,'2024-12-15'),
(327,'POINT',116000,'2024-09-02'),
(328,'CARD',39000,'2024-04-10'),
(329,'POINT',2147000,'2024-05-12'),
(330,'CARD',39000,'2024-08-20'),
(331,'CARD',416000,'2024-04-23'),
(332,'CASH',500000,'2024-08-14'),
(333,'CASH',2867000,'2024-09-06'),
(334,'CASH',829000,'2024-05-10'),
(335,'CARD',58000,'2024-10-27'),
(336,'CARD',890000,'2024-08-17'),
(337,'CARD',78000,'2024-03-18'),
(338,'MOBILE',858000,'2024-05-15'),
(339,'CARD',4068000,'2024-10-08'),
(340,'CARD',5580000,'2024-05-08'),
(341,'CASH',590000,'2024-03-07'),
(342,'CARD',613000,'2024-01-27'),
(343,'CARD',159000,'2024-05-05'),
(344,'POINT',472000,'2024-09-10'),
(345,'CARD',3417000,'2024-03-17'),
(346,'CARD',78000,'2024-08-15'),
(347,'CARD',58000,'2024-07-23'),
(348,'CARD',275000,'2024-03-16'),
(349,'POINT',1954000,'2024-02-12'),
(350,'MOBILE',720000,'2024-11-05'),
(351,'CARD',240000,'2024-09-16'),
(352,'MOBILE',930000,'2024-04-20'),
(353,'CARD',289000,'2024-12-03'),
(354,'POINT',1108000,'2024-03-03'),
(355,'POINT',263000,'2024-11-14'),
(356,'CARD',39000,'2024-05-09'),
(357,'CARD',267000,'2024-10-04'),
(358,'CARD',298000,'2024-09-08'),
(359,'POINT',267000,'2024-12-09'),
(360,'CASH',76000,'2024-05-14'),
(361,'MOBILE',367000,'2024-12-01'),
(362,'CARD',687000,'2024-01-22'),
(363,'CARD',750000,'2024-09-11'),
(364,'CARD',3560000,'2024-05-01'),
(365,'CARD',658000,'2024-11-04'),
(366,'CARD',416000,'2024-09-17'),
(367,'POINT',624000,'2024-08-11'),
(368,'CARD',597000,'2024-05-03'),
(369,'CARD',49000,'2024-08-09'),
(370,'CARD',1770000,'2024-11-28'),
(371,'CARD',147000,'2024-03-25'),
(372,'CARD',421000,'2024-10-18'),
(373,'CARD',58000,'2024-01-12'),
(374,'CASH',2837000,'2024-12-23'),
(375,'CASH',276000,'2024-07-04'),
(376,'POINT',155000,'2024-09-13'),
(377,'CARD',429000,'2024-01-16'),
(378,'CARD',868000,'2024-12-27'),
(379,'MOBILE',78000,'2024-06-03'),
(380,'CARD',1589000,'2024-12-01'),
(381,'POINT',750000,'2024-09-01'),
(382,'POINT',433000,'2024-07-12'),
(383,'MOBILE',2939000,'2024-02-02'),
(384,'CARD',250000,'2024-04-19'),
(385,'CASH',2476000,'2024-06-11'),
(386,'CARD',2959000,'2024-10-15'),
(387,'CASH',1979000,'2024-06-25'),
(388,'CARD',138000,'2024-03-12'),
(389,'MOBILE',890000,'2024-05-07'),
(390,'CARD',156000,'2024-03-25'),
(391,'POINT',120000,'2024-09-11'),
(392,'CASH',777000,'2024-09-04'),
(393,'POINT',834000,'2024-11-01'),
(394,'CARD',727000,'2024-01-28'),
(395,'CASH',572000,'2024-08-12'),
(396,'CARD',2183000,'2024-08-07'),
(397,'CASH',207000,'2024-08-23'),
(398,'CARD',1530000,'2024-07-04'),
(399,'CARD',2113000,'2024-04-16'),
(400,'CASH',1398000,'2024-01-14');
INSERT INTO payments VALUES
(401,'CARD',1927000,'2024-11-19'),
(402,'CASH',2077000,'2024-01-14'),
(403,'MOBILE',29000,'2024-02-13'),
(404,'MOBILE',1180000,'2024-03-21'),
(405,'CASH',531000,'2024-03-06'),
(406,'POINT',39000,'2024-12-21'),
(407,'CARD',780000,'2024-01-11'),
(408,'CASH',500000,'2024-04-07'),
(409,'CARD',454000,'2024-03-24'),
(410,'MOBILE',1169000,'2024-09-12'),
(411,'CARD',473000,'2024-08-08'),
(412,'CASH',1828000,'2024-03-18'),
(413,'MOBILE',1028000,'2024-11-11'),
(414,'CASH',947000,'2024-11-10'),
(415,'CARD',307000,'2024-03-07'),
(416,'MOBILE',116000,'2024-11-17'),
(417,'CARD',300000,'2024-07-24'),
(418,'CARD',267000,'2024-06-27'),
(419,'CARD',147000,'2024-01-19'),
(420,'MOBILE',39000,'2024-01-17'),
(421,'MOBILE',780000,'2024-08-07'),
(422,'CARD',207000,'2024-05-19'),
(423,'CARD',225000,'2024-02-25'),
(424,'POINT',117000,'2024-04-15'),
(425,'CARD',474000,'2024-09-21'),
(426,'MOBILE',720000,'2024-07-22'),
(427,'CASH',1326000,'2024-08-02'),
(428,'CARD',1617000,'2024-10-25'),
(429,'CARD',2865000,'2024-05-05'),
(430,'CARD',1215000,'2024-12-09'),
(431,'POINT',2315000,'2024-09-08'),
(432,'CARD',2416000,'2024-04-02'),
(433,'MOBILE',3979000,'2024-04-10'),
(434,'CARD',3030000,'2024-07-06'),
(435,'CARD',294000,'2024-09-11'),
(436,'CARD',389000,'2024-10-20'),
(437,'CASH',6230000,'2024-04-13'),
(438,'CARD',120000,'2024-09-02'),
(439,'CASH',950000,'2024-05-20'),
(440,'CARD',203000,'2024-08-04'),
(441,'CARD',1898000,'2024-04-25'),
(442,'CASH',2237000,'2024-09-14'),
(443,'CARD',1780000,'2024-04-22'),
(444,'MOBILE',38000,'2024-04-28'),
(445,'CARD',120000,'2024-10-03'),
(446,'CASH',289000,'2024-12-05'),
(447,'POINT',196000,'2024-08-10'),
(448,'MOBILE',1747000,'2024-07-19'),
(449,'CARD',1337000,'2024-03-14'),
(450,'POINT',1297000,'2024-12-06'),
(451,'CARD',1208000,'2024-10-10'),
(452,'POINT',2085000,'2024-11-21'),
(453,'CASH',247000,'2024-12-23'),
(454,'CARD',1709000,'2024-05-04'),
(455,'CARD',1077000,'2024-07-20'),
(456,'CASH',395000,'2024-12-22'),
(457,'CARD',807000,'2024-05-04'),
(458,'CARD',1145000,'2024-07-19'),
(459,'CASH',825000,'2024-05-11'),
(460,'CARD',414000,'2024-03-23'),
(461,'CARD',19000,'2024-03-05'),
(462,'CARD',1770000,'2024-10-18'),
(463,'CARD',19000,'2024-05-12'),
(464,'MOBILE',57000,'2024-10-23'),
(465,'CARD',57000,'2024-03-01'),
(466,'CARD',279000,'2024-02-12'),
(467,'CARD',666000,'2024-06-08'),
(468,'CARD',796000,'2024-02-15'),
(469,'MOBILE',1335000,'2024-04-27'),
(470,'CARD',108000,'2024-07-23'),
(471,'CARD',667000,'2024-10-11'),
(472,'CARD',360000,'2024-11-18'),
(473,'POINT',638000,'2024-06-11'),
(474,'CARD',2013000,'2024-10-18'),
(475,'MOBILE',1040000,'2024-01-12'),
(476,'CASH',2937000,'2024-03-13'),
(477,'CASH',417000,'2024-12-15'),
(478,'MOBILE',2199000,'2024-10-16'),
(479,'CASH',366000,'2024-11-12'),
(480,'CARD',896000,'2024-06-24'),
(481,'CARD',4018000,'2024-10-20'),
(482,'CARD',573000,'2024-01-16'),
(483,'CARD',1935000,'2024-01-08'),
(484,'CARD',2660000,'2024-05-18'),
(485,'CARD',974000,'2024-05-22'),
(486,'CASH',2670000,'2024-02-19'),
(487,'MOBILE',750000,'2024-12-08'),
(488,'MOBILE',219000,'2024-02-08'),
(489,'POINT',1269000,'2024-07-07'),
(490,'MOBILE',959000,'2024-09-16'),
(491,'CASH',250000,'2024-02-27'),
(492,'CARD',629000,'2024-12-17'),
(493,'CARD',108000,'2024-01-27'),
(494,'CARD',117000,'2024-11-19'),
(495,'CARD',3696000,'2024-02-01'),
(496,'CARD',1458000,'2024-06-22'),
(497,'CASH',574000,'2024-01-19'),
(498,'CARD',1405000,'2024-03-11'),
(499,'CARD',1507000,'2024-04-18'),
(500,'POINT',2130000,'2024-07-22'),
(501,'CARD',1334000,'2024-02-02'),
(502,'CARD',902000,'2024-10-10'),
(503,'CARD',500000,'2024-02-06'),
(504,'CARD',1528000,'2024-09-17'),
(505,'POINT',1825000,'2024-10-13'),
(506,'CARD',58000,'2024-09-23'),
(507,'CARD',480000,'2024-08-11'),
(508,'CARD',780000,'2024-10-01'),
(509,'CARD',384000,'2024-04-07'),
(510,'POINT',928000,'2024-12-24'),
(511,'CASH',959000,'2024-11-09'),
(512,'CARD',673000,'2024-04-28'),
(513,'CASH',147000,'2024-11-10'),
(514,'POINT',868000,'2024-07-01'),
(515,'POINT',838000,'2024-02-15'),
(516,'POINT',867000,'2024-10-28'),
(517,'CASH',474000,'2024-08-18'),
(518,'MOBILE',495000,'2024-04-07'),
(519,'CARD',267000,'2024-11-20'),
(520,'CARD',1170000,'2024-02-05'),
(521,'MOBILE',57000,'2024-08-09'),
(522,'CARD',1180000,'2024-12-19'),
(523,'CASH',1560000,'2024-09-09'),
(524,'CARD',1780000,'2024-12-22'),
(525,'CARD',1770000,'2024-08-15'),
(526,'MOBILE',180000,'2024-02-25'),
(527,'CARD',327000,'2024-07-22'),
(528,'CARD',49000,'2024-11-11'),
(529,'CARD',1037000,'2024-02-15'),
(530,'CARD',276000,'2024-10-09'),
(531,'CARD',354000,'2024-07-18'),
(532,'CARD',126000,'2024-01-08'),
(533,'MOBILE',3177000,'2024-01-04'),
(534,'CARD',428000,'2024-12-24'),
(535,'POINT',3109000,'2024-09-14'),
(536,'POINT',274000,'2024-10-20'),
(537,'CARD',756000,'2024-08-01'),
(538,'CARD',234000,'2024-09-06'),
(539,'CARD',117000,'2024-03-19'),
(540,'CARD',987000,'2024-02-06'),
(541,'CASH',1738000,'2024-10-13'),
(542,'POINT',590000,'2024-11-10'),
(543,'CASH',3060000,'2024-02-14'),
(544,'POINT',396000,'2024-11-21'),
(545,'CARD',49000,'2024-11-28'),
(546,'CARD',5790000,'2024-12-05'),
(547,'CARD',2287000,'2024-08-06'),
(548,'MOBILE',2487000,'2024-06-24'),
(549,'POINT',1780000,'2024-05-08'),
(550,'MOBILE',840000,'2024-11-08'),
(551,'CARD',885000,'2024-03-26'),
(552,'CARD',438000,'2024-01-15'),
(553,'CASH',1465000,'2024-12-04'),
(554,'CASH',988000,'2024-04-14'),
(555,'CASH',1180000,'2024-06-25'),
(556,'CASH',154000,'2024-12-12'),
(557,'CARD',6810000,'2024-07-27'),
(558,'POINT',1780000,'2024-03-07'),
(559,'CASH',1144000,'2024-11-25'),
(560,'CARD',922000,'2024-09-23'),
(561,'CASH',769000,'2024-04-14'),
(562,'CARD',799000,'2024-01-14'),
(563,'POINT',1915000,'2024-03-09'),
(564,'MOBILE',858000,'2024-06-26'),
(565,'CARD',474000,'2024-09-22'),
(566,'POINT',3319000,'2024-07-04'),
(567,'POINT',1146000,'2024-07-10'),
(568,'CARD',225000,'2024-10-27'),
(569,'CASH',1327000,'2024-02-19'),
(570,'CASH',2727000,'2024-04-03'),
(571,'CARD',617000,'2024-02-24'),
(572,'MOBILE',250000,'2024-12-15'),
(573,'MOBILE',956000,'2024-02-17'),
(574,'CARD',309000,'2024-10-25'),
(575,'POINT',29000,'2024-08-24'),
(576,'CASH',1407000,'2024-09-08'),
(577,'CARD',1847000,'2024-03-19'),
(578,'CARD',1316000,'2024-02-11'),
(579,'CASH',1185000,'2024-05-04'),
(580,'MOBILE',725000,'2024-12-05'),
(581,'CASH',2926000,'2024-04-18'),
(582,'CARD',267000,'2024-07-28'),
(583,'CARD',1088000,'2024-08-26'),
(584,'POINT',78000,'2024-09-13'),
(585,'CASH',298000,'2024-05-07'),
(586,'CARD',966000,'2024-08-07'),
(587,'MOBILE',156000,'2024-03-04'),
(588,'CASH',1099000,'2024-04-08'),
(589,'MOBILE',933000,'2024-05-16'),
(590,'CARD',351000,'2024-01-19'),
(591,'POINT',39000,'2024-06-16'),
(592,'CARD',2815000,'2024-05-12'),
(593,'CARD',1886000,'2024-03-01'),
(594,'CARD',1858000,'2024-12-01'),
(595,'MOBILE',795000,'2024-12-02'),
(596,'CASH',240000,'2024-06-24'),
(597,'MOBILE',828000,'2024-01-03'),
(598,'POINT',837000,'2024-05-09'),
(599,'CARD',854000,'2024-02-27'),
(600,'CARD',1305000,'2024-11-22');

CREATE TABLE reviews (review_id INT PRIMARY KEY, product_id INT, member_id INT, rating INT, review_date DATE);

INSERT INTO reviews VALUES
(1,63,13,5,'2024-09-17'),
(2,35,198,4,'2024-05-21'),
(3,23,172,2,'2024-07-09'),
(4,105,33,1,'2024-06-14'),
(5,76,120,4,'2024-07-06'),
(6,102,14,3,'2024-06-28'),
(7,12,93,2,'2024-05-23'),
(8,92,110,1,'2024-07-05'),
(9,33,26,4,'2024-07-27'),
(10,45,83,4,'2024-07-14'),
(11,118,53,5,'2024-01-27'),
(12,67,54,2,'2024-09-19'),
(13,97,32,2,'2024-01-04'),
(14,14,125,5,'2024-03-19'),
(15,18,41,5,'2024-10-03'),
(16,25,13,5,'2024-11-09'),
(17,53,117,2,'2024-02-04'),
(18,26,25,2,'2024-03-07'),
(19,74,122,3,'2024-10-20'),
(20,62,28,4,'2024-03-20'),
(21,86,199,1,'2024-01-07'),
(22,62,93,2,'2024-03-19'),
(23,73,162,3,'2024-11-01'),
(24,88,151,1,'2024-02-02'),
(25,76,92,1,'2024-03-19'),
(26,69,26,4,'2024-06-24'),
(27,87,13,3,'2024-11-13'),
(28,103,152,5,'2024-11-11'),
(29,29,98,4,'2024-06-19'),
(30,44,41,1,'2024-05-01'),
(31,31,100,5,'2024-07-28'),
(32,8,151,3,'2024-05-09'),
(33,72,51,2,'2024-09-22'),
(34,95,34,5,'2024-01-18'),
(35,35,134,2,'2024-06-17'),
(36,51,181,3,'2024-03-24'),
(37,29,66,2,'2024-04-02'),
(38,15,37,5,'2024-09-11'),
(39,23,28,4,'2024-04-18'),
(40,33,191,4,'2024-04-13'),
(41,3,176,4,'2024-10-02'),
(42,74,132,2,'2024-12-27'),
(43,5,176,3,'2024-12-22'),
(44,82,82,2,'2024-08-18'),
(45,19,9,2,'2024-04-14'),
(46,58,160,1,'2024-03-25'),
(47,113,84,1,'2024-10-18'),
(48,59,112,5,'2024-09-25'),
(49,44,112,2,'2024-02-24'),
(50,55,148,5,'2024-11-26'),
(51,23,67,1,'2024-07-28'),
(52,62,186,5,'2024-08-14'),
(53,95,98,4,'2024-12-15'),
(54,113,10,5,'2024-10-13'),
(55,113,100,4,'2024-01-01'),
(56,77,175,1,'2024-03-14'),
(57,106,33,5,'2024-09-12'),
(58,47,77,4,'2024-08-23'),
(59,25,19,4,'2024-12-07'),
(60,53,65,4,'2024-08-28'),
(61,100,86,5,'2024-05-17'),
(62,2,157,1,'2024-03-19'),
(63,63,197,5,'2024-09-17'),
(64,95,155,3,'2024-05-09'),
(65,91,191,5,'2024-04-26'),
(66,51,21,4,'2024-09-28'),
(67,15,106,2,'2024-11-28'),
(68,11,159,1,'2024-04-18'),
(69,76,107,5,'2024-08-06'),
(70,22,27,5,'2024-01-23'),
(71,27,113,5,'2024-03-26'),
(72,67,21,1,'2024-11-01'),
(73,61,88,1,'2024-01-06'),
(74,28,110,2,'2024-02-17'),
(75,14,87,2,'2024-03-27'),
(76,110,167,2,'2024-12-17'),
(77,35,164,3,'2024-03-17'),
(78,98,103,2,'2024-01-22'),
(79,1,62,2,'2024-01-08'),
(80,76,33,4,'2024-01-24'),
(81,87,82,5,'2024-08-11'),
(82,25,23,3,'2024-06-05'),
(83,92,61,4,'2024-05-27'),
(84,2,148,3,'2024-12-27'),
(85,44,87,4,'2024-05-27'),
(86,94,3,4,'2024-11-10'),
(87,104,99,3,'2024-09-01'),
(88,10,26,2,'2024-11-20'),
(89,29,75,5,'2024-06-26'),
(90,84,37,5,'2024-03-23'),
(91,25,186,1,'2024-04-28'),
(92,10,97,3,'2024-02-25'),
(93,84,191,4,'2024-09-21'),
(94,54,56,5,'2024-12-22'),
(95,67,73,1,'2024-06-03'),
(96,111,138,5,'2024-08-14'),
(97,111,153,5,'2024-10-14'),
(98,27,20,1,'2024-03-11'),
(99,25,23,2,'2024-06-08'),
(100,92,125,5,'2024-09-24'),
(101,112,168,3,'2024-08-03'),
(102,78,66,3,'2024-12-09'),
(103,48,149,2,'2024-10-06'),
(104,34,190,3,'2024-04-16'),
(105,90,178,5,'2024-12-23'),
(106,69,115,3,'2024-02-08'),
(107,63,58,2,'2024-09-28'),
(108,64,187,4,'2024-09-27'),
(109,72,5,5,'2024-09-20'),
(110,100,41,4,'2024-11-10'),
(111,100,43,5,'2024-01-10'),
(112,69,27,4,'2024-10-04'),
(113,1,87,2,'2024-12-27'),
(114,104,39,3,'2024-04-26'),
(115,51,119,2,'2024-07-26'),
(116,52,136,4,'2024-02-03'),
(117,15,56,5,'2024-03-21'),
(118,37,107,2,'2024-09-24'),
(119,14,51,2,'2024-07-25'),
(120,112,42,2,'2024-03-20'),
(121,63,173,5,'2024-04-13'),
(122,43,194,1,'2024-04-26'),
(123,87,149,4,'2024-02-18'),
(124,116,41,5,'2024-05-11'),
(125,58,144,1,'2024-03-01'),
(126,82,152,3,'2024-12-18'),
(127,39,21,1,'2024-07-27'),
(128,7,103,3,'2024-01-19'),
(129,35,98,4,'2024-10-03'),
(130,58,109,4,'2024-12-19'),
(131,52,17,5,'2024-01-02'),
(132,106,14,5,'2024-06-21'),
(133,62,10,1,'2024-12-21'),
(134,9,110,4,'2024-06-20'),
(135,47,173,4,'2024-12-12'),
(136,20,75,5,'2024-05-26'),
(137,38,199,4,'2024-07-01'),
(138,110,143,3,'2024-10-23'),
(139,61,142,3,'2024-12-19'),
(140,89,61,1,'2024-09-07'),
(141,82,4,3,'2024-04-09'),
(142,76,34,4,'2024-07-18'),
(143,4,136,4,'2024-02-08'),
(144,85,3,2,'2024-04-10'),
(145,103,5,3,'2024-07-27'),
(146,86,44,3,'2024-03-12'),
(147,44,27,1,'2024-03-02'),
(148,27,41,4,'2024-03-15'),
(149,66,176,5,'2024-03-10'),
(150,41,85,4,'2024-09-10'),
(151,117,98,4,'2024-02-18'),
(152,50,156,4,'2024-08-24'),
(153,30,111,4,'2024-02-25'),
(154,84,13,5,'2024-12-22'),
(155,12,155,3,'2024-04-15'),
(156,87,106,5,'2024-08-06'),
(157,120,93,3,'2024-04-07'),
(158,19,55,1,'2024-04-25'),
(159,107,19,4,'2024-04-27'),
(160,25,178,4,'2024-02-06'),
(161,38,9,4,'2024-11-18'),
(162,9,146,3,'2024-01-06'),
(163,105,49,5,'2024-09-19'),
(164,5,29,4,'2024-11-16'),
(165,51,79,3,'2024-02-17'),
(166,43,162,3,'2024-01-04'),
(167,54,114,1,'2024-09-12'),
(168,19,65,5,'2024-05-07'),
(169,1,157,4,'2024-01-01'),
(170,26,70,2,'2024-03-10'),
(171,90,80,5,'2024-08-06'),
(172,6,176,3,'2024-04-19'),
(173,120,113,2,'2024-11-28'),
(174,115,106,1,'2024-11-22'),
(175,41,109,1,'2024-03-16'),
(176,111,71,5,'2024-10-11'),
(177,69,130,1,'2024-05-25'),
(178,34,82,4,'2024-09-17'),
(179,54,145,2,'2024-09-02'),
(180,49,92,4,'2024-11-03'),
(181,107,26,4,'2024-09-08'),
(182,35,61,3,'2024-01-03'),
(183,29,24,3,'2024-10-07'),
(184,66,47,4,'2024-02-02'),
(185,118,60,1,'2024-06-17'),
(186,93,43,3,'2024-02-14'),
(187,71,35,4,'2024-08-12'),
(188,113,155,2,'2024-10-20'),
(189,73,174,4,'2024-06-07'),
(190,9,40,1,'2024-06-24'),
(191,69,178,2,'2024-07-15'),
(192,115,36,1,'2024-11-05'),
(193,112,69,1,'2024-02-03'),
(194,111,56,3,'2024-04-20'),
(195,14,84,5,'2024-07-21'),
(196,96,89,4,'2024-05-21'),
(197,26,146,1,'2024-04-25'),
(198,63,191,5,'2024-10-01'),
(199,85,140,3,'2024-11-28'),
(200,48,175,5,'2024-11-24');
INSERT INTO reviews VALUES
(201,81,112,1,'2024-11-01'),
(202,79,16,1,'2024-05-26'),
(203,36,39,3,'2024-09-18'),
(204,73,108,4,'2024-09-09'),
(205,15,190,1,'2024-03-11'),
(206,36,48,4,'2024-10-14'),
(207,9,29,2,'2024-02-14'),
(208,44,94,1,'2024-11-11'),
(209,49,155,5,'2024-06-14'),
(210,29,145,1,'2024-01-12'),
(211,68,143,4,'2024-02-25'),
(212,109,83,2,'2024-04-13'),
(213,99,97,3,'2024-05-28'),
(214,13,46,1,'2024-04-05'),
(215,20,63,1,'2024-01-26'),
(216,17,179,1,'2024-05-01'),
(217,2,92,1,'2024-05-05'),
(218,80,139,2,'2024-09-04'),
(219,63,80,2,'2024-11-08'),
(220,11,157,2,'2024-09-17'),
(221,70,172,3,'2024-07-05'),
(222,91,96,5,'2024-01-02'),
(223,49,43,4,'2024-03-13'),
(224,13,148,2,'2024-09-08'),
(225,59,44,4,'2024-04-28'),
(226,101,17,2,'2024-08-12'),
(227,66,142,3,'2024-06-16'),
(228,5,80,1,'2024-05-27'),
(229,38,152,2,'2024-04-03'),
(230,33,77,1,'2024-02-21'),
(231,45,178,3,'2024-02-18'),
(232,2,188,3,'2024-02-26'),
(233,73,155,3,'2024-01-07'),
(234,40,133,5,'2024-10-17'),
(235,89,53,5,'2024-09-18'),
(236,5,97,4,'2024-01-19'),
(237,73,162,1,'2024-02-25'),
(238,115,51,2,'2024-10-04'),
(239,14,19,5,'2024-09-14'),
(240,92,131,4,'2024-08-24'),
(241,28,60,2,'2024-02-06'),
(242,120,172,2,'2024-01-18'),
(243,13,155,5,'2024-11-25'),
(244,118,74,2,'2024-12-16'),
(245,64,148,4,'2024-05-27'),
(246,97,187,3,'2024-12-08'),
(247,55,148,4,'2024-12-20'),
(248,17,175,3,'2024-06-06'),
(249,56,76,3,'2024-04-23'),
(250,33,59,1,'2024-05-18'),
(251,9,61,5,'2024-07-09'),
(252,54,160,2,'2024-11-06'),
(253,17,6,2,'2024-06-17'),
(254,10,139,3,'2024-12-20'),
(255,2,58,3,'2024-12-23'),
(256,12,42,5,'2024-04-26'),
(257,24,126,1,'2024-09-02'),
(258,88,141,3,'2024-11-07'),
(259,36,98,5,'2024-02-12'),
(260,43,184,5,'2024-12-01'),
(261,108,33,3,'2024-07-26'),
(262,76,21,1,'2024-12-05'),
(263,96,46,1,'2024-09-06'),
(264,115,197,5,'2024-10-15'),
(265,38,180,2,'2024-12-01'),
(266,105,168,4,'2024-01-12'),
(267,63,40,3,'2024-10-23'),
(268,74,192,2,'2024-09-21'),
(269,15,97,3,'2024-06-04'),
(270,40,171,3,'2024-09-25'),
(271,30,156,4,'2024-06-26'),
(272,83,79,1,'2024-06-21'),
(273,45,119,5,'2024-01-18'),
(274,95,3,2,'2024-06-02'),
(275,114,60,1,'2024-03-19'),
(276,55,85,2,'2024-09-17'),
(277,53,135,4,'2024-09-07'),
(278,98,164,5,'2024-04-23'),
(279,29,37,5,'2024-04-11'),
(280,38,63,2,'2024-09-05'),
(281,59,152,5,'2024-10-13'),
(282,28,35,2,'2024-10-20'),
(283,33,65,1,'2024-02-03'),
(284,81,93,1,'2024-06-17'),
(285,41,104,3,'2024-09-08'),
(286,94,7,2,'2024-09-28'),
(287,49,199,2,'2024-07-24'),
(288,34,189,3,'2024-06-13'),
(289,16,150,5,'2024-11-25'),
(290,60,95,3,'2024-02-14'),
(291,101,35,1,'2024-01-07'),
(292,5,14,4,'2024-12-18'),
(293,91,97,4,'2024-02-22'),
(294,66,130,3,'2024-10-17'),
(295,28,41,1,'2024-06-20'),
(296,99,122,5,'2024-08-15'),
(297,64,65,3,'2024-07-23'),
(298,23,131,5,'2024-05-20'),
(299,76,59,5,'2024-05-28'),
(300,63,169,4,'2024-03-27');
