-- ============================================================
-- OTT 스트리밍 (Streaming Service)
-- 현대백화점 기본반 · 미니프로젝트 연습용 데이터셋 (MySQL)
-- ============================================================
SET NAMES utf8mb4;

SET FOREIGN_KEY_CHECKS = 0;
DROP TABLE IF EXISTS subscription_plans;
DROP TABLE IF EXISTS users;
DROP TABLE IF EXISTS subscriptions;
DROP TABLE IF EXISTS genres;
DROP TABLE IF EXISTS contents;
DROP TABLE IF EXISTS content_genres;
DROP TABLE IF EXISTS episodes;
DROP TABLE IF EXISTS actors;
DROP TABLE IF EXISTS content_actors;
DROP TABLE IF EXISTS devices;
DROP TABLE IF EXISTS watch_history;
DROP TABLE IF EXISTS ratings;
SET FOREIGN_KEY_CHECKS = 1;

CREATE TABLE subscription_plans (plan_id INT PRIMARY KEY, plan_name VARCHAR(20), monthly_fee INT, max_devices INT, max_quality VARCHAR(10));

INSERT INTO subscription_plans VALUES
(1,'BASIC',9900,1,'480p'),
(2,'STANDARD',13900,2,'1080p'),
(3,'PREMIUM',17000,4,'4K'),
(4,'MOBILE',5500,1,'480p');

CREATE TABLE users (user_id INT PRIMARY KEY, user_name VARCHAR(20), gender CHAR(1), age INT, city VARCHAR(20), joined_date DATE);

INSERT INTO users VALUES
(1,'서준서','M',41,'전주','2021-04-22'),
(2,'서서연','M',43,'전주','2023-01-17'),
(3,'한예준','F',46,'용인','2024-11-17'),
(4,'조다은','M',45,'인천','2023-08-24'),
(5,'이가은','F',63,'대전','2023-08-28'),
(6,'황주원','F',26,'전주','2020-01-13'),
(7,'장민준','F',28,'천안','2021-02-12'),
(8,'정수아','F',42,'대구','2022-11-12'),
(9,'조지호','M',36,'전주','2023-04-12'),
(10,'이시윤','F',65,'울산','2023-09-25'),
(11,'류건우','M',41,'인천','2021-09-12'),
(12,'오하은','F',52,'광주','2020-02-22'),
(13,'안다은','M',21,'대전','2021-05-28'),
(14,'홍하린','M',60,'대전','2021-09-06'),
(15,'송서윤','F',43,'서울','2020-03-12'),
(16,'권서윤','F',16,'수원','2020-04-19'),
(17,'강준서','F',18,'청주','2020-08-13'),
(18,'김건우','F',48,'용인','2020-04-14'),
(19,'권서연','M',63,'울산','2023-04-26'),
(20,'윤하린','M',53,'인천','2020-04-15'),
(21,'황시윤','F',20,'성남','2021-01-02'),
(22,'신서연','M',47,'용인','2024-09-21'),
(23,'서다은','M',38,'대전','2021-04-07'),
(24,'최시윤','M',46,'울산','2024-09-04'),
(25,'장수아','M',57,'수원','2024-02-20'),
(26,'장수아','M',53,'울산','2024-08-05'),
(27,'이유진','F',65,'수원','2022-06-08'),
(28,'홍유진','F',29,'부산','2022-11-09'),
(29,'조예준','M',27,'인천','2023-01-23'),
(30,'이윤서','M',33,'광주','2021-03-05'),
(31,'서민준','F',17,'대전','2023-06-05'),
(32,'류도윤','M',18,'용인','2024-08-12'),
(33,'정지호','M',50,'울산','2022-03-23'),
(34,'조주원','F',41,'용인','2022-08-21'),
(35,'윤지호','F',16,'용인','2024-08-23'),
(36,'조예준','F',37,'광주','2021-02-17'),
(37,'홍수아','M',34,'대구','2022-10-10'),
(38,'강서윤','M',38,'울산','2023-10-09'),
(39,'송지훈','F',19,'창원','2020-06-08'),
(40,'윤하린','F',59,'서울','2021-07-19'),
(41,'장현우','F',15,'천안','2020-02-16'),
(42,'박서연','M',39,'광주','2024-05-07'),
(43,'장민준','M',60,'창원','2021-01-07'),
(44,'한지훈','M',48,'대구','2024-06-27'),
(45,'정예준','M',55,'천안','2023-01-17'),
(46,'정민준','F',24,'고양','2021-07-27'),
(47,'황지훈','M',57,'광주','2022-11-16'),
(48,'장시우','F',36,'광주','2024-04-12'),
(49,'황서연','M',18,'성남','2024-09-14'),
(50,'황현우','F',55,'대구','2021-07-25'),
(51,'장시우','M',17,'고양','2020-05-14'),
(52,'박건우','F',25,'대구','2024-12-23'),
(53,'최도윤','M',49,'서울','2020-02-18'),
(54,'장준서','M',60,'대전','2023-09-07'),
(55,'류도윤','M',56,'대전','2020-01-18'),
(56,'신수아','M',30,'부산','2024-03-01'),
(57,'안채원','M',65,'인천','2020-06-13'),
(58,'송준서','F',52,'광주','2022-03-12'),
(59,'김시우','M',50,'부산','2021-10-12'),
(60,'류시윤','M',27,'부산','2022-11-05'),
(61,'박서윤','M',43,'전주','2020-08-18'),
(62,'임은우','F',64,'용인','2020-06-22'),
(63,'김민준','F',53,'전주','2023-10-05'),
(64,'임현우','M',34,'고양','2023-07-20'),
(65,'송하은','M',18,'울산','2020-03-09'),
(66,'강건우','M',44,'울산','2022-10-12'),
(67,'강지아','M',16,'광주','2021-07-24'),
(68,'류하은','F',33,'고양','2023-04-02'),
(69,'이지아','F',37,'전주','2023-10-21'),
(70,'윤지아','M',21,'인천','2021-10-10'),
(71,'윤가은','F',60,'고양','2024-08-14'),
(72,'정가은','M',46,'울산','2021-12-26'),
(73,'이주원','M',57,'성남','2023-01-17'),
(74,'류윤서','M',39,'천안','2022-02-24'),
(75,'서윤서','F',57,'부산','2024-09-21'),
(76,'홍은우','M',53,'고양','2021-01-16'),
(77,'안지아','M',26,'수원','2020-11-16'),
(78,'최우진','F',30,'전주','2023-05-18'),
(79,'홍채원','M',60,'대구','2022-10-07'),
(80,'장예준','F',38,'인천','2023-07-06'),
(81,'박시윤','F',53,'울산','2020-07-12'),
(82,'윤지아','M',21,'부산','2022-12-11'),
(83,'임지우','F',25,'용인','2022-10-19'),
(84,'윤시윤','M',64,'천안','2020-06-17'),
(85,'강윤서','F',27,'성남','2023-01-10'),
(86,'신도윤','M',49,'수원','2024-01-02'),
(87,'서지아','M',54,'고양','2021-10-15'),
(88,'장채원','F',54,'창원','2022-09-22'),
(89,'임하린','F',45,'광주','2021-12-17'),
(90,'송민준','F',22,'부산','2020-10-01'),
(91,'류현우','M',65,'대구','2022-04-14'),
(92,'박은우','F',29,'청주','2021-11-28'),
(93,'윤서윤','F',50,'수원','2021-01-27'),
(94,'오하은','F',27,'전주','2023-10-25'),
(95,'윤수아','M',22,'창원','2020-02-12'),
(96,'송하은','M',64,'청주','2023-07-05'),
(97,'안수아','M',50,'청주','2024-05-02'),
(98,'황채원','M',19,'서울','2021-01-17'),
(99,'오우진','F',34,'천안','2024-01-26'),
(100,'황다은','F',45,'전주','2020-02-25'),
(101,'윤하린','F',29,'부산','2023-05-10'),
(102,'황현우','M',56,'창원','2022-07-15'),
(103,'송하은','M',52,'수원','2022-07-28'),
(104,'신서윤','F',36,'부산','2024-06-26'),
(105,'강유진','M',22,'부산','2022-06-21'),
(106,'홍가은','F',51,'청주','2024-10-09'),
(107,'박서윤','M',17,'대전','2021-10-28'),
(108,'안지호','F',15,'용인','2020-09-07'),
(109,'류지훈','F',29,'대전','2020-10-14'),
(110,'권서윤','F',50,'인천','2022-11-10'),
(111,'이건우','M',50,'천안','2020-06-06'),
(112,'권시우','M',36,'인천','2022-11-04'),
(113,'조윤서','F',54,'대전','2024-08-14'),
(114,'윤다은','M',33,'고양','2024-05-12'),
(115,'정은우','M',61,'청주','2020-12-10'),
(116,'조수아','F',63,'대전','2023-10-04'),
(117,'윤서연','M',51,'울산','2023-07-08'),
(118,'송예준','M',60,'인천','2023-09-09'),
(119,'안다은','M',46,'청주','2021-02-21'),
(120,'김시윤','M',41,'광주','2023-02-19'),
(121,'류지우','M',59,'부산','2024-10-09'),
(122,'장민준','M',23,'성남','2022-01-14'),
(123,'권시우','F',35,'광주','2022-01-24'),
(124,'오은우','F',23,'전주','2022-08-22'),
(125,'서지훈','F',46,'전주','2024-12-20'),
(126,'임수아','F',31,'수원','2020-11-01'),
(127,'오하린','M',42,'수원','2020-09-08'),
(128,'서하은','F',38,'광주','2020-04-11'),
(129,'조건우','F',52,'전주','2023-12-09'),
(130,'송지훈','M',29,'인천','2022-05-08'),
(131,'서예준','M',51,'대전','2023-03-01'),
(132,'김지우','F',46,'전주','2020-07-12'),
(133,'안지호','M',59,'인천','2021-06-23'),
(134,'최도윤','F',43,'서울','2021-07-04'),
(135,'오지우','M',36,'대구','2022-04-26'),
(136,'정우진','M',27,'고양','2023-05-24'),
(137,'오지우','M',34,'용인','2020-05-22'),
(138,'강지우','M',38,'부산','2023-05-13'),
(139,'김지우','F',29,'서울','2020-10-14'),
(140,'한다은','M',50,'전주','2024-05-17'),
(141,'정시윤','M',49,'전주','2021-10-08'),
(142,'장수아','F',48,'대전','2023-05-11'),
(143,'강준서','M',26,'서울','2022-01-09'),
(144,'임건우','M',47,'성남','2024-10-27'),
(145,'권지훈','M',55,'전주','2020-05-21'),
(146,'장시윤','F',44,'수원','2022-02-22'),
(147,'신서윤','F',53,'서울','2022-07-17'),
(148,'신지우','M',59,'울산','2020-07-18'),
(149,'류민준','F',23,'수원','2024-09-02'),
(150,'서유진','F',46,'대전','2024-09-03'),
(151,'강가은','M',52,'성남','2021-11-10'),
(152,'홍지우','F',60,'울산','2023-08-06'),
(153,'오하은','M',15,'고양','2020-05-12'),
(154,'신가은','M',26,'창원','2021-05-11'),
(155,'서윤서','M',50,'용인','2022-04-09'),
(156,'정은우','F',48,'인천','2020-01-26'),
(157,'신하은','F',25,'전주','2020-09-13'),
(158,'신주원','F',24,'서울','2020-08-14'),
(159,'홍수아','M',32,'서울','2020-02-24'),
(160,'송준서','F',43,'부산','2024-04-18'),
(161,'홍예준','M',55,'청주','2020-10-15'),
(162,'이주원','F',44,'울산','2022-11-01'),
(163,'오주원','F',48,'청주','2021-06-05'),
(164,'류민준','M',40,'인천','2024-02-01'),
(165,'박수아','F',19,'울산','2020-08-24'),
(166,'송윤서','F',55,'천안','2021-05-15'),
(167,'박건우','F',55,'울산','2021-08-16'),
(168,'안현우','M',64,'고양','2024-02-26'),
(169,'이우진','F',20,'대구','2021-04-12'),
(170,'김유진','F',45,'울산','2024-01-11'),
(171,'조건우','M',37,'창원','2024-02-05'),
(172,'한주원','M',42,'수원','2024-08-19'),
(173,'송가은','M',49,'서울','2024-10-02'),
(174,'윤가은','M',49,'청주','2021-03-15'),
(175,'장윤서','F',21,'창원','2023-06-01'),
(176,'조시우','M',36,'고양','2020-08-01'),
(177,'황준서','M',19,'창원','2024-01-09'),
(178,'정윤서','F',35,'인천','2022-03-23'),
(179,'윤예준','M',15,'성남','2023-07-25'),
(180,'한서윤','F',22,'대전','2021-08-23'),
(181,'강가은','M',41,'대구','2022-08-17'),
(182,'오하린','F',53,'천안','2022-02-08'),
(183,'윤다은','M',48,'성남','2021-05-16'),
(184,'박윤서','F',49,'광주','2024-07-09'),
(185,'윤예준','F',36,'창원','2024-03-09'),
(186,'김지우','F',31,'창원','2022-07-12'),
(187,'정예준','M',31,'창원','2022-09-12'),
(188,'장우진','M',25,'광주','2020-11-22'),
(189,'장민준','M',48,'청주','2020-01-10'),
(190,'송하린','M',61,'용인','2024-05-28'),
(191,'송준서','F',26,'서울','2022-09-26'),
(192,'홍지훈','F',19,'천안','2020-05-26'),
(193,'류우진','M',29,'용인','2024-07-26'),
(194,'안하은','F',63,'광주','2021-10-26'),
(195,'강서연','F',45,'대전','2022-12-06'),
(196,'권건우','M',35,'광주','2024-04-12'),
(197,'조하은','M',63,'대전','2021-04-26'),
(198,'장하린','M',36,'천안','2021-11-19'),
(199,'윤지우','F',62,'광주','2022-08-02'),
(200,'장시우','F',30,'인천','2024-05-15');
INSERT INTO users VALUES
(201,'안시우','F',57,'서울','2021-05-23'),
(202,'김지우','M',49,'청주','2020-12-05'),
(203,'황지훈','F',38,'성남','2023-02-15'),
(204,'정채원','F',61,'광주','2022-05-12'),
(205,'류우진','M',38,'전주','2021-07-11'),
(206,'안현우','M',42,'천안','2023-07-07'),
(207,'오수아','M',56,'인천','2024-12-22'),
(208,'정하은','F',56,'인천','2024-07-26'),
(209,'김지호','M',62,'전주','2024-01-13'),
(210,'최시우','M',51,'고양','2022-09-21'),
(211,'김수아','M',35,'성남','2022-07-06'),
(212,'권지우','M',29,'용인','2022-03-20'),
(213,'윤건우','M',55,'고양','2022-05-26'),
(214,'김현우','M',26,'부산','2021-12-06'),
(215,'윤준서','M',25,'대전','2021-07-11'),
(216,'권수아','M',65,'서울','2023-11-21'),
(217,'송예준','F',65,'전주','2023-01-11'),
(218,'권주원','F',40,'대전','2024-06-12'),
(219,'김하린','F',56,'부산','2020-05-28'),
(220,'정은우','F',25,'광주','2023-08-27'),
(221,'송지우','F',49,'서울','2023-06-22'),
(222,'한하은','M',41,'서울','2022-04-06'),
(223,'윤건우','F',49,'창원','2021-10-03'),
(224,'서주원','F',62,'대구','2023-02-03'),
(225,'김은우','F',58,'고양','2024-02-26'),
(226,'권서윤','M',37,'서울','2024-12-23'),
(227,'최민준','M',37,'천안','2021-06-23'),
(228,'조민준','M',57,'인천','2021-03-27'),
(229,'강채원','M',27,'광주','2022-07-07'),
(230,'최지훈','F',35,'전주','2020-01-21'),
(231,'신수아','F',64,'대전','2022-08-22'),
(232,'한지우','M',40,'인천','2024-08-09'),
(233,'권예준','M',53,'천안','2024-08-04'),
(234,'한다은','M',37,'전주','2024-01-22'),
(235,'최준서','M',42,'성남','2023-03-07'),
(236,'한건우','M',32,'부산','2022-03-03'),
(237,'장주원','M',37,'대전','2024-06-19'),
(238,'신유진','F',43,'수원','2023-06-19'),
(239,'한수아','F',41,'인천','2023-02-24'),
(240,'류수아','M',34,'인천','2024-05-28'),
(241,'임도윤','F',45,'대구','2023-06-02'),
(242,'정지우','F',46,'울산','2021-08-16'),
(243,'박은우','M',61,'창원','2024-09-04'),
(244,'홍준서','M',36,'수원','2024-12-16'),
(245,'윤건우','M',42,'천안','2021-09-27'),
(246,'정지아','M',46,'울산','2021-11-10'),
(247,'최지아','F',24,'천안','2021-10-15'),
(248,'강지호','F',19,'전주','2020-09-26'),
(249,'오하은','F',53,'인천','2023-09-07'),
(250,'조지훈','M',42,'대구','2021-12-15');

CREATE TABLE subscriptions (subscription_id INT PRIMARY KEY, user_id INT, plan_id INT, start_date DATE, status VARCHAR(10));

INSERT INTO subscriptions VALUES
(1,1,1,'2023-04-01','ACTIVE'),
(2,2,1,'2023-06-01','CANCELLED'),
(3,3,3,'2023-06-01','CANCELLED'),
(4,4,2,'2023-03-01','ACTIVE'),
(5,5,2,'2023-10-01','ACTIVE'),
(6,6,4,'2023-10-01','ACTIVE'),
(7,7,1,'2023-06-01','ACTIVE'),
(8,8,3,'2023-06-01','ACTIVE'),
(9,9,2,'2023-02-01','CANCELLED'),
(10,10,1,'2023-02-01','ACTIVE'),
(11,11,2,'2023-01-01','ACTIVE'),
(12,12,1,'2023-11-01','ACTIVE'),
(13,13,3,'2023-02-01','ACTIVE'),
(14,14,1,'2023-08-01','CANCELLED'),
(15,15,3,'2023-10-01','CANCELLED'),
(16,16,2,'2023-12-01','PAUSED'),
(17,17,3,'2023-04-01','PAUSED'),
(18,18,2,'2023-04-01','PAUSED'),
(19,19,3,'2023-12-01','ACTIVE'),
(20,20,3,'2023-07-01','ACTIVE'),
(21,21,2,'2023-01-01','ACTIVE'),
(22,22,3,'2023-07-01','ACTIVE'),
(23,23,3,'2023-09-01','ACTIVE'),
(24,24,3,'2023-04-01','CANCELLED'),
(25,25,2,'2023-08-01','ACTIVE'),
(26,26,3,'2023-01-01','ACTIVE'),
(27,27,3,'2023-07-01','ACTIVE'),
(28,28,2,'2023-03-01','ACTIVE'),
(29,29,4,'2023-01-01','CANCELLED'),
(30,30,2,'2023-11-01','CANCELLED'),
(31,31,2,'2023-04-01','ACTIVE'),
(32,32,2,'2023-11-01','ACTIVE'),
(33,33,3,'2023-05-01','ACTIVE'),
(34,34,1,'2023-06-01','CANCELLED'),
(35,35,2,'2023-05-01','ACTIVE'),
(36,36,1,'2023-10-01','ACTIVE'),
(37,37,1,'2023-02-01','ACTIVE'),
(38,38,1,'2023-07-01','ACTIVE'),
(39,39,3,'2023-10-01','ACTIVE'),
(40,40,2,'2023-09-01','CANCELLED'),
(41,41,2,'2023-11-01','ACTIVE'),
(42,42,1,'2023-11-01','CANCELLED'),
(43,43,3,'2023-08-01','PAUSED'),
(44,44,1,'2023-12-01','ACTIVE'),
(45,45,3,'2023-04-01','ACTIVE'),
(46,46,3,'2023-07-01','PAUSED'),
(47,47,1,'2023-08-01','CANCELLED'),
(48,48,2,'2023-04-01','ACTIVE'),
(49,49,1,'2023-02-01','ACTIVE'),
(50,50,2,'2023-04-01','CANCELLED'),
(51,51,3,'2023-09-01','CANCELLED'),
(52,52,4,'2023-11-01','ACTIVE'),
(53,53,1,'2023-07-01','ACTIVE'),
(54,54,4,'2023-07-01','ACTIVE'),
(55,55,4,'2023-08-01','ACTIVE'),
(56,56,1,'2023-07-01','ACTIVE'),
(57,57,1,'2023-07-01','PAUSED'),
(58,58,1,'2023-08-01','ACTIVE'),
(59,59,1,'2023-11-01','CANCELLED'),
(60,60,2,'2023-08-01','ACTIVE'),
(61,61,2,'2023-08-01','ACTIVE'),
(62,62,2,'2023-01-01','ACTIVE'),
(63,63,3,'2023-12-01','ACTIVE'),
(64,64,3,'2023-11-01','ACTIVE'),
(65,65,1,'2023-05-01','ACTIVE'),
(66,66,4,'2023-02-01','ACTIVE'),
(67,67,3,'2023-08-01','ACTIVE'),
(68,68,1,'2023-06-01','ACTIVE'),
(69,69,4,'2023-06-01','CANCELLED'),
(70,70,2,'2023-09-01','ACTIVE'),
(71,71,2,'2023-11-01','CANCELLED'),
(72,72,3,'2023-09-01','ACTIVE'),
(73,73,1,'2023-04-01','CANCELLED'),
(74,74,1,'2023-08-01','ACTIVE'),
(75,75,2,'2023-01-01','CANCELLED'),
(76,76,3,'2023-07-01','PAUSED'),
(77,77,2,'2023-09-01','CANCELLED'),
(78,78,2,'2023-03-01','PAUSED'),
(79,79,1,'2023-02-01','ACTIVE'),
(80,80,2,'2023-07-01','ACTIVE'),
(81,81,3,'2023-03-01','ACTIVE'),
(82,82,3,'2023-08-01','ACTIVE'),
(83,83,2,'2023-06-01','ACTIVE'),
(84,84,4,'2023-07-01','ACTIVE'),
(85,85,1,'2023-08-01','ACTIVE'),
(86,86,2,'2023-03-01','ACTIVE'),
(87,87,2,'2023-05-01','CANCELLED'),
(88,88,1,'2023-01-01','ACTIVE'),
(89,89,3,'2023-08-01','ACTIVE'),
(90,90,4,'2023-07-01','CANCELLED'),
(91,91,4,'2023-02-01','ACTIVE'),
(92,92,1,'2023-06-01','CANCELLED'),
(93,93,2,'2023-12-01','ACTIVE'),
(94,94,1,'2023-11-01','PAUSED'),
(95,95,1,'2023-06-01','ACTIVE'),
(96,96,2,'2023-12-01','ACTIVE'),
(97,97,1,'2023-08-01','ACTIVE'),
(98,98,2,'2023-03-01','ACTIVE'),
(99,99,2,'2023-10-01','ACTIVE'),
(100,100,1,'2023-01-01','ACTIVE'),
(101,101,3,'2023-02-01','ACTIVE'),
(102,102,4,'2023-06-01','ACTIVE'),
(103,103,2,'2023-06-01','ACTIVE'),
(104,104,3,'2023-06-01','CANCELLED'),
(105,105,3,'2023-08-01','CANCELLED'),
(106,106,1,'2023-08-01','ACTIVE'),
(107,107,2,'2023-02-01','PAUSED'),
(108,108,2,'2023-02-01','ACTIVE'),
(109,109,2,'2023-07-01','ACTIVE'),
(110,110,3,'2023-09-01','ACTIVE'),
(111,111,1,'2023-12-01','ACTIVE'),
(112,112,2,'2023-06-01','CANCELLED'),
(113,113,2,'2023-07-01','CANCELLED'),
(114,114,2,'2023-11-01','CANCELLED'),
(115,115,1,'2023-07-01','ACTIVE'),
(116,116,2,'2023-05-01','CANCELLED'),
(117,117,3,'2023-05-01','ACTIVE'),
(118,118,3,'2023-12-01','ACTIVE'),
(119,119,4,'2023-11-01','ACTIVE'),
(120,120,1,'2023-08-01','ACTIVE'),
(121,121,1,'2023-12-01','CANCELLED'),
(122,122,1,'2023-10-01','ACTIVE'),
(123,123,3,'2023-04-01','ACTIVE'),
(124,124,2,'2023-03-01','CANCELLED'),
(125,125,2,'2023-08-01','CANCELLED'),
(126,126,2,'2023-07-01','ACTIVE'),
(127,127,1,'2023-04-01','ACTIVE'),
(128,128,4,'2023-04-01','CANCELLED'),
(129,129,4,'2023-12-01','CANCELLED'),
(130,130,2,'2023-07-01','ACTIVE'),
(131,131,3,'2023-04-01','ACTIVE'),
(132,132,3,'2023-10-01','ACTIVE'),
(133,133,3,'2023-12-01','ACTIVE'),
(134,134,1,'2023-09-01','PAUSED'),
(135,135,2,'2023-05-01','CANCELLED'),
(136,136,3,'2023-06-01','ACTIVE'),
(137,137,3,'2023-07-01','PAUSED'),
(138,138,3,'2023-11-01','ACTIVE'),
(139,139,1,'2023-09-01','ACTIVE'),
(140,140,4,'2023-10-01','CANCELLED'),
(141,141,2,'2023-02-01','ACTIVE'),
(142,142,3,'2023-04-01','ACTIVE'),
(143,143,3,'2023-07-01','ACTIVE'),
(144,144,3,'2023-12-01','ACTIVE'),
(145,145,3,'2023-05-01','ACTIVE'),
(146,146,2,'2023-10-01','PAUSED'),
(147,147,2,'2023-09-01','ACTIVE'),
(148,148,1,'2023-09-01','ACTIVE'),
(149,149,2,'2023-12-01','ACTIVE'),
(150,150,4,'2023-02-01','ACTIVE'),
(151,151,1,'2023-01-01','CANCELLED'),
(152,152,4,'2023-01-01','ACTIVE'),
(153,153,1,'2023-09-01','PAUSED'),
(154,154,3,'2023-01-01','ACTIVE'),
(155,155,3,'2023-12-01','ACTIVE'),
(156,156,2,'2023-12-01','ACTIVE'),
(157,157,3,'2023-04-01','ACTIVE'),
(158,158,1,'2023-07-01','ACTIVE'),
(159,159,2,'2023-11-01','ACTIVE'),
(160,160,1,'2023-11-01','ACTIVE'),
(161,161,3,'2023-04-01','ACTIVE'),
(162,162,2,'2023-11-01','ACTIVE'),
(163,163,2,'2023-06-01','ACTIVE'),
(164,164,2,'2023-12-01','ACTIVE'),
(165,165,1,'2023-11-01','ACTIVE'),
(166,166,2,'2023-07-01','ACTIVE'),
(167,167,3,'2023-10-01','ACTIVE'),
(168,168,3,'2023-11-01','CANCELLED'),
(169,169,2,'2023-10-01','CANCELLED'),
(170,170,3,'2023-03-01','CANCELLED'),
(171,171,4,'2023-06-01','ACTIVE'),
(172,172,2,'2023-12-01','ACTIVE'),
(173,173,1,'2023-11-01','ACTIVE'),
(174,174,1,'2023-02-01','ACTIVE'),
(175,175,3,'2023-10-01','ACTIVE'),
(176,176,3,'2023-05-01','CANCELLED'),
(177,177,3,'2023-03-01','CANCELLED'),
(178,178,3,'2023-07-01','ACTIVE'),
(179,179,3,'2023-01-01','ACTIVE'),
(180,180,1,'2023-04-01','CANCELLED'),
(181,181,2,'2023-12-01','CANCELLED'),
(182,182,3,'2023-09-01','CANCELLED'),
(183,183,1,'2023-02-01','ACTIVE'),
(184,184,2,'2023-08-01','CANCELLED'),
(185,185,1,'2023-10-01','ACTIVE'),
(186,186,2,'2023-08-01','ACTIVE'),
(187,187,2,'2023-12-01','CANCELLED'),
(188,188,2,'2023-07-01','ACTIVE'),
(189,189,2,'2023-05-01','ACTIVE'),
(190,190,1,'2023-10-01','PAUSED'),
(191,191,1,'2023-12-01','ACTIVE'),
(192,192,1,'2023-02-01','ACTIVE'),
(193,193,2,'2023-07-01','ACTIVE'),
(194,194,1,'2023-02-01','CANCELLED'),
(195,195,2,'2023-04-01','ACTIVE'),
(196,196,3,'2023-07-01','CANCELLED'),
(197,197,2,'2023-09-01','ACTIVE'),
(198,198,1,'2023-05-01','PAUSED'),
(199,199,3,'2023-11-01','ACTIVE'),
(200,200,2,'2023-11-01','ACTIVE');
INSERT INTO subscriptions VALUES
(201,201,4,'2023-11-01','ACTIVE'),
(202,202,3,'2023-09-01','ACTIVE'),
(203,203,1,'2023-05-01','ACTIVE'),
(204,204,1,'2023-06-01','CANCELLED'),
(205,205,4,'2023-09-01','ACTIVE'),
(206,206,1,'2023-02-01','ACTIVE'),
(207,207,3,'2023-01-01','PAUSED'),
(208,208,2,'2023-08-01','ACTIVE'),
(209,209,4,'2023-05-01','ACTIVE'),
(210,210,1,'2023-03-01','CANCELLED'),
(211,211,4,'2023-07-01','ACTIVE'),
(212,212,2,'2023-08-01','ACTIVE'),
(213,213,2,'2023-10-01','ACTIVE'),
(214,214,3,'2023-06-01','CANCELLED'),
(215,215,1,'2023-03-01','CANCELLED'),
(216,216,1,'2023-09-01','PAUSED'),
(217,217,2,'2023-08-01','ACTIVE'),
(218,218,2,'2023-01-01','ACTIVE'),
(219,219,2,'2023-06-01','ACTIVE'),
(220,220,1,'2023-03-01','ACTIVE'),
(221,221,2,'2023-02-01','ACTIVE'),
(222,222,1,'2023-07-01','ACTIVE'),
(223,223,2,'2023-07-01','ACTIVE'),
(224,224,1,'2023-10-01','ACTIVE'),
(225,225,1,'2023-01-01','PAUSED'),
(226,226,2,'2023-01-01','CANCELLED'),
(227,227,3,'2023-05-01','ACTIVE'),
(228,228,1,'2023-04-01','ACTIVE'),
(229,229,1,'2023-07-01','ACTIVE'),
(230,230,3,'2023-05-01','ACTIVE'),
(231,231,2,'2023-06-01','CANCELLED'),
(232,232,2,'2023-08-01','ACTIVE'),
(233,233,3,'2023-07-01','CANCELLED'),
(234,234,3,'2023-07-01','PAUSED'),
(235,235,2,'2023-03-01','ACTIVE'),
(236,236,2,'2023-02-01','ACTIVE'),
(237,237,2,'2023-11-01','CANCELLED'),
(238,238,3,'2023-07-01','ACTIVE'),
(239,239,3,'2023-01-01','ACTIVE'),
(240,240,2,'2023-04-01','PAUSED'),
(241,241,2,'2023-02-01','ACTIVE'),
(242,242,2,'2023-09-01','ACTIVE'),
(243,243,2,'2023-10-01','ACTIVE'),
(244,244,3,'2023-11-01','CANCELLED'),
(245,245,1,'2023-12-01','CANCELLED'),
(246,246,2,'2023-06-01','ACTIVE'),
(247,247,1,'2023-03-01','ACTIVE'),
(248,248,1,'2023-12-01','ACTIVE'),
(249,249,4,'2023-04-01','ACTIVE'),
(250,250,2,'2023-03-01','CANCELLED');

CREATE TABLE genres (genre_id INT PRIMARY KEY, genre_name VARCHAR(20));

INSERT INTO genres VALUES
(1,'액션'),
(2,'코미디'),
(3,'드라마'),
(4,'스릴러'),
(5,'로맨스'),
(6,'다큐'),
(7,'SF'),
(8,'애니'),
(9,'공포'),
(10,'예능');

CREATE TABLE contents (content_id INT PRIMARY KEY, title VARCHAR(60), content_type VARCHAR(10), release_year INT, age_rating VARCHAR(5), critic_score INT);

INSERT INTO contents VALUES
(1,'끝없는 사건','MOVIE',2017,'19',78),
(2,'Dark 기록','MOVIE',2016,'전체',75),
(3,'마지막 계절','SERIES',2022,'전체',62),
(4,'Dark 항해','SERIES',2015,'15',76),
(5,'밤의 Story','MOVIE',2010,'12',89),
(6,'비밀의 도시','MOVIE',2022,'19',74),
(7,'first Game','SERIES',2015,'전체',81),
(8,'조용한 Night','SERIES',2023,'15',60),
(9,'first 정원','SERIES',2017,'전체',72),
(10,'끝없는 Game','MOVIE',2022,'12',72),
(11,'붉은 도시','SERIES',2012,'전체',91),
(12,'붉은 Road','MOVIE',2010,'15',65),
(13,'마지막 사냥꾼','MOVIE',2023,'전체',78),
(14,'푸른 정원','SERIES',2010,'19',98),
(15,'푸른 Road','MOVIE',2020,'전체',71),
(16,'끝없는 항해','SERIES',2010,'15',94),
(17,'붉은 Night','MOVIE',2015,'15',86),
(18,'빛나는 Story','MOVIE',2015,'15',85),
(19,'빛나는 Road','SERIES',2015,'전체',76),
(20,'서울 Game','SERIES',2021,'19',98),
(21,'마지막 우주','MOVIE',2013,'12',97),
(22,'Silent 약속','SERIES',2014,'19',63),
(23,'붉은 사냥꾼','SERIES',2018,'12',68),
(24,'잊혀진 기록','MOVIE',2021,'12',63),
(25,'Dark 파도','MOVIE',2015,'12',86),
(26,'빛나는 Road','MOVIE',2023,'19',90),
(27,'잊혀진 Story','SERIES',2021,'12',95),
(28,'붉은 정원','MOVIE',2024,'15',66),
(29,'빛나는 Story','MOVIE',2010,'12',90),
(30,'서울 정원','SERIES',2020,'전체',79),
(31,'마지막 Code','MOVIE',2021,'19',94),
(32,'조용한 사건','SERIES',2011,'19',74),
(33,'서울 Night','MOVIE',2013,'전체',65),
(34,'푸른 약속','MOVIE',2020,'19',63),
(35,'Dark 정원','SERIES',2016,'전체',88),
(36,'Golden 항해','SERIES',2019,'15',68),
(37,'조용한 항해','MOVIE',2019,'15',70),
(38,'비밀의 사냥꾼','MOVIE',2021,'19',60),
(39,'푸른 사건','MOVIE',2022,'15',97),
(40,'비밀의 정원','MOVIE',2012,'15',63),
(41,'잊혀진 Code','SERIES',2011,'15',72),
(42,'잊혀진 Night','MOVIE',2015,'전체',93),
(43,'Lost 사냥꾼','MOVIE',2018,'15',79),
(44,'마지막 기록','MOVIE',2010,'19',76),
(45,'Silent Code','SERIES',2019,'전체',69),
(46,'끝없는 Code','SERIES',2021,'19',88),
(47,'푸른 기록','MOVIE',2019,'전체',85),
(48,'Silent 항해','SERIES',2023,'전체',65),
(49,'Silent 항해','MOVIE',2012,'전체',61),
(50,'붉은 사냥꾼','SERIES',2019,'전체',94),
(51,'서울 Code','SERIES',2023,'12',73),
(52,'잊혀진 항해','MOVIE',2011,'15',81),
(53,'끝없는 파도','SERIES',2020,'전체',96),
(54,'푸른 항해','MOVIE',2018,'19',97),
(55,'Silent 우주','MOVIE',2013,'전체',98),
(56,'Golden Road','SERIES',2012,'전체',79),
(57,'first Story','MOVIE',2022,'19',97),
(58,'빛나는 Game','SERIES',2017,'15',77),
(59,'서울 Story','MOVIE',2021,'19',67),
(60,'마지막 Road','MOVIE',2014,'19',73),
(61,'first Night','MOVIE',2010,'전체',84),
(62,'Lost 계절','SERIES',2010,'19',61),
(63,'끝없는 Code','MOVIE',2023,'15',72),
(64,'Dark 파도','SERIES',2016,'전체',66),
(65,'first 사냥꾼','MOVIE',2014,'19',82),
(66,'밤의 Game','MOVIE',2024,'19',80),
(67,'붉은 Night','MOVIE',2015,'19',66),
(68,'Golden 파도','SERIES',2016,'전체',71),
(69,'Lost 우주','SERIES',2018,'12',95),
(70,'잊혀진 항해','MOVIE',2023,'19',87),
(71,'푸른 Story','MOVIE',2010,'12',89),
(72,'푸른 Story','MOVIE',2013,'12',71),
(73,'first Road','MOVIE',2014,'전체',68),
(74,'붉은 우주','MOVIE',2022,'12',70),
(75,'밤의 Road','SERIES',2021,'전체',62),
(76,'비밀의 Game','MOVIE',2012,'19',81),
(77,'푸른 Story','MOVIE',2022,'19',98),
(78,'Dark 정원','MOVIE',2023,'12',73),
(79,'푸른 Story','MOVIE',2021,'12',90),
(80,'Lost 도시','MOVIE',2017,'12',94),
(81,'조용한 약속','MOVIE',2015,'19',91),
(82,'붉은 Game','MOVIE',2017,'19',96),
(83,'붉은 기록','MOVIE',2015,'12',92),
(84,'서울 항해','SERIES',2023,'12',91),
(85,'Silent Road','MOVIE',2019,'12',89),
(86,'잊혀진 Code','SERIES',2014,'15',64),
(87,'Golden 항해','SERIES',2011,'15',68),
(88,'마지막 Story','MOVIE',2020,'전체',61),
(89,'Dark Night','SERIES',2019,'12',65),
(90,'붉은 도시','SERIES',2011,'12',71),
(91,'Dark 사냥꾼','SERIES',2022,'15',78),
(92,'잊혀진 Road','SERIES',2011,'전체',82),
(93,'잊혀진 계절','SERIES',2024,'19',66),
(94,'first Code','MOVIE',2020,'19',90),
(95,'잊혀진 약속','SERIES',2013,'19',94),
(96,'잊혀진 Story','SERIES',2013,'19',95),
(97,'끝없는 Game','MOVIE',2013,'19',69),
(98,'Lost Story','MOVIE',2020,'15',90),
(99,'조용한 사건','SERIES',2021,'19',79),
(100,'Golden 항해','MOVIE',2014,'19',62),
(101,'Golden Code','MOVIE',2019,'19',60),
(102,'밤의 사건','SERIES',2012,'19',83),
(103,'Dark 도시','MOVIE',2022,'12',72),
(104,'Silent 기록','SERIES',2015,'전체',84),
(105,'Silent Road','SERIES',2020,'12',61),
(106,'밤의 약속','MOVIE',2013,'12',71),
(107,'밤의 Story','SERIES',2020,'19',78),
(108,'조용한 Road','SERIES',2021,'15',94),
(109,'Dark 기록','MOVIE',2016,'전체',60),
(110,'비밀의 Night','MOVIE',2010,'19',87),
(111,'붉은 도시','SERIES',2013,'19',66),
(112,'마지막 Night','SERIES',2023,'12',72),
(113,'빛나는 약속','MOVIE',2012,'19',98),
(114,'서울 우주','SERIES',2013,'19',62),
(115,'first 정원','SERIES',2012,'전체',91),
(116,'빛나는 Night','MOVIE',2019,'15',79),
(117,'Dark 기록','SERIES',2024,'전체',97),
(118,'끝없는 Road','SERIES',2011,'전체',79),
(119,'Lost 사냥꾼','MOVIE',2021,'전체',64),
(120,'Lost 사냥꾼','SERIES',2011,'12',60),
(121,'Lost 사냥꾼','SERIES',2011,'12',89),
(122,'first Story','MOVIE',2017,'12',71),
(123,'빛나는 기록','SERIES',2023,'15',79),
(124,'끝없는 Story','SERIES',2017,'12',78),
(125,'끝없는 Story','SERIES',2016,'15',77),
(126,'Golden 약속','MOVIE',2023,'전체',78),
(127,'푸른 약속','SERIES',2017,'전체',85),
(128,'끝없는 항해','MOVIE',2020,'12',84),
(129,'Silent Story','SERIES',2023,'12',96),
(130,'조용한 파도','SERIES',2011,'전체',67),
(131,'first 계절','SERIES',2019,'19',95),
(132,'밤의 정원','MOVIE',2015,'15',72),
(133,'붉은 Road','SERIES',2021,'19',61),
(134,'잊혀진 Road','SERIES',2010,'12',70),
(135,'Silent Game','MOVIE',2012,'15',97),
(136,'Golden 파도','SERIES',2023,'15',80),
(137,'Golden 파도','MOVIE',2024,'12',79),
(138,'붉은 정원','MOVIE',2013,'전체',91),
(139,'Lost 사건','SERIES',2018,'전체',61),
(140,'Dark 도시','MOVIE',2022,'15',94),
(141,'조용한 도시','SERIES',2017,'12',86),
(142,'비밀의 우주','MOVIE',2010,'전체',89),
(143,'푸른 파도','SERIES',2015,'12',90),
(144,'조용한 Night','SERIES',2022,'전체',60),
(145,'마지막 정원','SERIES',2012,'19',94),
(146,'비밀의 Road','MOVIE',2015,'15',82),
(147,'푸른 약속','SERIES',2010,'15',73),
(148,'Golden 도시','MOVIE',2018,'12',91),
(149,'조용한 사냥꾼','SERIES',2021,'15',77),
(150,'붉은 Game','MOVIE',2017,'15',74);

CREATE TABLE content_genres (id INT PRIMARY KEY, content_id INT, genre_id INT);

INSERT INTO content_genres VALUES
(1,1,9),
(2,1,8),
(3,1,7),
(4,2,10),
(5,2,6),
(6,3,5),
(7,4,8),
(8,5,6),
(9,6,9),
(10,7,6),
(11,8,6),
(12,9,3),
(13,9,1),
(14,9,9),
(15,10,9),
(16,10,5),
(17,11,4),
(18,12,4),
(19,13,7),
(20,13,1),
(21,13,2),
(22,14,9),
(23,14,6),
(24,14,2),
(25,15,8),
(26,15,9),
(27,15,3),
(28,16,3),
(29,17,7),
(30,17,10),
(31,17,8),
(32,18,3),
(33,18,10),
(34,18,8),
(35,19,5),
(36,20,5),
(37,20,6),
(38,20,1),
(39,21,5),
(40,22,8),
(41,22,9),
(42,22,3),
(43,23,5),
(44,23,10),
(45,23,4),
(46,24,8),
(47,24,5),
(48,24,10),
(49,25,7),
(50,25,8),
(51,26,6),
(52,27,1),
(53,28,7),
(54,28,8),
(55,29,3),
(56,30,6),
(57,31,8),
(58,31,10),
(59,31,7),
(60,32,9),
(61,33,2),
(62,34,5),
(63,34,4),
(64,34,8),
(65,35,2),
(66,35,9),
(67,35,3),
(68,36,5),
(69,37,2),
(70,37,7),
(71,38,10),
(72,39,6),
(73,39,5),
(74,40,5),
(75,41,2),
(76,41,9),
(77,41,7),
(78,42,3),
(79,42,9),
(80,42,2),
(81,43,5),
(82,43,8),
(83,44,10),
(84,44,3),
(85,44,9),
(86,45,10),
(87,46,10),
(88,46,1),
(89,47,10),
(90,48,2),
(91,48,3),
(92,49,7),
(93,49,8),
(94,49,6),
(95,50,3),
(96,50,4),
(97,50,1),
(98,51,10),
(99,52,5),
(100,52,1),
(101,53,3),
(102,53,7),
(103,54,4),
(104,55,3),
(105,55,4),
(106,56,10),
(107,56,6),
(108,56,4),
(109,57,2),
(110,58,10),
(111,58,1),
(112,59,10),
(113,59,6),
(114,59,5),
(115,60,3),
(116,60,8),
(117,60,2),
(118,61,5),
(119,61,9),
(120,61,2),
(121,62,1),
(122,63,1),
(123,64,1),
(124,64,2),
(125,64,6),
(126,65,8),
(127,66,1),
(128,66,9),
(129,67,7),
(130,67,4),
(131,68,5),
(132,68,4),
(133,68,3),
(134,69,5),
(135,69,2),
(136,69,3),
(137,70,10),
(138,70,8),
(139,70,4),
(140,71,1),
(141,71,10),
(142,72,8),
(143,73,8),
(144,74,7),
(145,75,5),
(146,75,4),
(147,75,6),
(148,76,5),
(149,77,8),
(150,78,4),
(151,78,7),
(152,78,1),
(153,79,4),
(154,79,6),
(155,80,3),
(156,80,6),
(157,81,9),
(158,82,2),
(159,82,9),
(160,82,4),
(161,83,7),
(162,83,1),
(163,84,7),
(164,84,9),
(165,84,5),
(166,85,7),
(167,85,4),
(168,85,5),
(169,86,9),
(170,86,3),
(171,86,1),
(172,87,4),
(173,88,10),
(174,88,5),
(175,89,1),
(176,89,7),
(177,90,8),
(178,90,9),
(179,90,7),
(180,91,9),
(181,91,8),
(182,92,1),
(183,92,9),
(184,92,6),
(185,93,5),
(186,93,8),
(187,93,6),
(188,94,2),
(189,94,7),
(190,94,5),
(191,95,3),
(192,95,1),
(193,95,7),
(194,96,6),
(195,97,3),
(196,97,8),
(197,98,7),
(198,99,3),
(199,99,2),
(200,99,6);
INSERT INTO content_genres VALUES
(201,100,2),
(202,101,9),
(203,101,3),
(204,102,6),
(205,103,10),
(206,103,3),
(207,104,2),
(208,104,1),
(209,105,6),
(210,105,5),
(211,105,8),
(212,106,8),
(213,107,6),
(214,107,9),
(215,108,4),
(216,109,10),
(217,109,9),
(218,109,6),
(219,110,4),
(220,110,2),
(221,110,1),
(222,111,9),
(223,111,6),
(224,112,10),
(225,113,4),
(226,114,4),
(227,114,9),
(228,115,10),
(229,116,2),
(230,116,9),
(231,117,6),
(232,117,7),
(233,117,1),
(234,118,8),
(235,118,5),
(236,118,9),
(237,119,9),
(238,119,3),
(239,119,7),
(240,120,4),
(241,120,6),
(242,120,10),
(243,121,4),
(244,121,8),
(245,121,10),
(246,122,4),
(247,122,2),
(248,122,5),
(249,123,10),
(250,123,5),
(251,123,2),
(252,124,10),
(253,124,3),
(254,124,6),
(255,125,10),
(256,126,8),
(257,127,6),
(258,128,1),
(259,128,2),
(260,128,9),
(261,129,2),
(262,129,9),
(263,130,9),
(264,130,1),
(265,131,4),
(266,132,6),
(267,133,2),
(268,134,6),
(269,134,2),
(270,134,4),
(271,135,6),
(272,136,9),
(273,136,6),
(274,136,3),
(275,137,1),
(276,138,3),
(277,138,10),
(278,139,2),
(279,139,8),
(280,140,5),
(281,140,7),
(282,140,3),
(283,141,3),
(284,142,3),
(285,142,2),
(286,142,4),
(287,143,2),
(288,143,4),
(289,144,10),
(290,144,3),
(291,144,9),
(292,145,1),
(293,145,10),
(294,146,7),
(295,146,3),
(296,147,1),
(297,147,6),
(298,148,7),
(299,148,3),
(300,149,8),
(301,149,9),
(302,150,6),
(303,150,2),
(304,150,4);

CREATE TABLE episodes (episode_id INT PRIMARY KEY, content_id INT, season INT, episode_no INT, runtime_min INT);

INSERT INTO episodes VALUES
(1,3,1,1,52),
(2,3,1,2,42),
(3,3,1,3,61),
(4,3,1,4,53),
(5,3,1,5,65),
(6,3,1,6,40),
(7,3,1,7,59),
(8,3,1,8,44),
(9,3,1,9,60),
(10,3,1,10,40),
(11,3,2,1,55),
(12,3,2,2,40),
(13,3,2,3,49),
(14,3,2,4,52),
(15,3,2,5,49),
(16,3,2,6,63),
(17,3,2,7,40),
(18,3,2,8,62),
(19,4,1,1,53),
(20,4,1,2,48),
(21,4,1,3,58),
(22,4,1,4,61),
(23,4,1,5,61),
(24,4,1,6,46),
(25,4,1,7,47),
(26,4,1,8,56),
(27,4,1,9,43),
(28,4,1,10,48),
(29,4,1,11,50),
(30,4,1,12,43),
(31,7,1,1,48),
(32,7,1,2,55),
(33,7,1,3,45),
(34,7,1,4,63),
(35,7,1,5,48),
(36,7,1,6,52),
(37,7,1,7,52),
(38,7,2,1,49),
(39,7,2,2,61),
(40,7,2,3,58),
(41,7,2,4,42),
(42,7,2,5,62),
(43,7,2,6,61),
(44,7,3,1,44),
(45,7,3,2,43),
(46,7,3,3,40),
(47,7,3,4,53),
(48,7,3,5,60),
(49,7,3,6,49),
(50,7,3,7,47),
(51,7,3,8,60),
(52,7,3,9,54),
(53,7,3,10,50),
(54,8,1,1,48),
(55,8,1,2,58),
(56,8,1,3,64),
(57,8,1,4,59),
(58,8,1,5,45),
(59,8,1,6,61),
(60,8,1,7,42),
(61,8,2,1,51),
(62,8,2,2,48),
(63,8,2,3,62),
(64,8,2,4,46),
(65,8,2,5,47),
(66,8,2,6,54),
(67,8,2,7,51),
(68,8,2,8,52),
(69,8,2,9,64),
(70,8,2,10,63),
(71,9,1,1,45),
(72,9,1,2,41),
(73,9,1,3,41),
(74,9,1,4,45),
(75,9,1,5,54),
(76,9,1,6,51),
(77,9,2,1,41),
(78,9,2,2,53),
(79,9,2,3,41),
(80,9,2,4,59),
(81,9,2,5,42),
(82,9,2,6,58),
(83,9,2,7,47),
(84,9,2,8,40),
(85,9,2,9,47),
(86,9,2,10,58),
(87,9,3,1,45),
(88,9,3,2,65),
(89,9,3,3,56),
(90,9,3,4,44),
(91,9,3,5,60),
(92,9,3,6,54),
(93,9,3,7,50),
(94,9,3,8,63),
(95,9,3,9,60),
(96,9,3,10,54),
(97,11,1,1,53),
(98,11,1,2,54),
(99,11,1,3,49),
(100,11,1,4,41),
(101,11,1,5,64),
(102,11,1,6,59),
(103,11,1,7,64),
(104,11,1,8,55),
(105,11,1,9,41),
(106,11,1,10,57),
(107,11,2,1,50),
(108,11,2,2,49),
(109,11,2,3,55),
(110,11,2,4,44),
(111,11,2,5,48),
(112,11,2,6,44),
(113,11,2,7,60),
(114,14,1,1,59),
(115,14,1,2,48),
(116,14,1,3,47),
(117,14,1,4,46),
(118,14,1,5,61),
(119,14,1,6,65),
(120,14,1,7,46),
(121,14,2,1,60),
(122,14,2,2,61),
(123,14,2,3,48),
(124,14,2,4,56),
(125,14,2,5,60),
(126,14,2,6,62),
(127,14,2,7,59),
(128,14,2,8,60),
(129,14,2,9,42),
(130,14,2,10,47),
(131,14,3,1,44),
(132,14,3,2,45),
(133,14,3,3,62),
(134,14,3,4,53),
(135,14,3,5,44),
(136,14,3,6,42),
(137,16,1,1,59),
(138,16,1,2,40),
(139,16,1,3,52),
(140,16,1,4,43),
(141,16,1,5,44),
(142,16,1,6,57),
(143,16,1,7,40),
(144,16,1,8,40),
(145,16,1,9,44),
(146,16,1,10,49),
(147,16,1,11,48),
(148,16,2,1,59),
(149,16,2,2,53),
(150,16,2,3,48),
(151,16,2,4,54),
(152,16,2,5,46),
(153,16,2,6,65),
(154,16,2,7,43),
(155,16,2,8,49),
(156,16,2,9,52),
(157,16,2,10,59),
(158,16,2,11,63),
(159,16,2,12,51),
(160,16,3,1,55),
(161,16,3,2,54),
(162,16,3,3,44),
(163,16,3,4,54),
(164,16,3,5,64),
(165,16,3,6,56),
(166,16,3,7,64),
(167,16,3,8,55),
(168,16,3,9,65),
(169,16,3,10,55),
(170,19,1,1,52),
(171,19,1,2,63),
(172,19,1,3,61),
(173,19,1,4,40),
(174,19,1,5,57),
(175,19,1,6,57),
(176,19,1,7,49),
(177,19,2,1,41),
(178,19,2,2,41),
(179,19,2,3,50),
(180,19,2,4,44),
(181,19,2,5,62),
(182,19,2,6,61),
(183,20,1,1,44),
(184,20,1,2,51),
(185,20,1,3,42),
(186,20,1,4,44),
(187,20,1,5,46),
(188,20,1,6,63),
(189,20,1,7,65),
(190,20,1,8,64),
(191,22,1,1,40),
(192,22,1,2,47),
(193,22,1,3,45),
(194,22,1,4,48),
(195,22,1,5,51),
(196,22,1,6,51),
(197,22,1,7,43),
(198,23,1,1,64),
(199,23,1,2,46),
(200,23,1,3,65);
INSERT INTO episodes VALUES
(201,23,1,4,46),
(202,23,1,5,52),
(203,23,1,6,48),
(204,23,1,7,57),
(205,23,1,8,55),
(206,23,1,9,60),
(207,23,1,10,52),
(208,23,1,11,61),
(209,23,1,12,58),
(210,23,2,1,44),
(211,23,2,2,60),
(212,23,2,3,58),
(213,23,2,4,41),
(214,23,2,5,52),
(215,23,2,6,44),
(216,23,2,7,53),
(217,23,2,8,48),
(218,23,3,1,53),
(219,23,3,2,59),
(220,23,3,3,64),
(221,23,3,4,63),
(222,23,3,5,62),
(223,23,3,6,48),
(224,27,1,1,58),
(225,27,1,2,50),
(226,27,1,3,59),
(227,27,1,4,46),
(228,27,1,5,50),
(229,27,1,6,50),
(230,27,1,7,46),
(231,27,1,8,58),
(232,27,1,9,60),
(233,27,1,10,60),
(234,27,1,11,63),
(235,27,1,12,60),
(236,27,2,1,64),
(237,27,2,2,51),
(238,27,2,3,62),
(239,27,2,4,61),
(240,27,2,5,64),
(241,27,2,6,47),
(242,27,2,7,54),
(243,27,2,8,48),
(244,27,2,9,58),
(245,27,2,10,52),
(246,27,3,1,49),
(247,27,3,2,63),
(248,27,3,3,49),
(249,27,3,4,56),
(250,27,3,5,46),
(251,27,3,6,55),
(252,30,1,1,49),
(253,30,1,2,50),
(254,30,1,3,41),
(255,30,1,4,49),
(256,30,1,5,43),
(257,30,1,6,64),
(258,30,1,7,55),
(259,30,1,8,51),
(260,30,1,9,46),
(261,30,1,10,58),
(262,30,1,11,64),
(263,32,1,1,49),
(264,32,1,2,49),
(265,32,1,3,63),
(266,32,1,4,49),
(267,32,1,5,65),
(268,32,1,6,43),
(269,32,1,7,41),
(270,32,1,8,60),
(271,32,1,9,46),
(272,32,1,10,64),
(273,32,1,11,49),
(274,32,1,12,51),
(275,32,2,1,63),
(276,32,2,2,46),
(277,32,2,3,40),
(278,32,2,4,54),
(279,32,2,5,42),
(280,32,2,6,45),
(281,32,2,7,57),
(282,32,2,8,54),
(283,32,3,1,40),
(284,32,3,2,42),
(285,32,3,3,55),
(286,32,3,4,46),
(287,32,3,5,43),
(288,32,3,6,62),
(289,32,3,7,51),
(290,35,1,1,44),
(291,35,1,2,48),
(292,35,1,3,65),
(293,35,1,4,53),
(294,35,1,5,52),
(295,35,1,6,48),
(296,35,1,7,54),
(297,36,1,1,46),
(298,36,1,2,50),
(299,36,1,3,64),
(300,36,1,4,41),
(301,36,1,5,61),
(302,36,1,6,42),
(303,36,1,7,55),
(304,36,1,8,57),
(305,36,2,1,48),
(306,36,2,2,52),
(307,36,2,3,47),
(308,36,2,4,42),
(309,36,2,5,41),
(310,36,2,6,44),
(311,36,2,7,44),
(312,36,2,8,45),
(313,36,3,1,45),
(314,36,3,2,65),
(315,36,3,3,47),
(316,36,3,4,44),
(317,36,3,5,56),
(318,36,3,6,61),
(319,36,3,7,44),
(320,36,3,8,50),
(321,36,3,9,55),
(322,36,3,10,65),
(323,41,1,1,48),
(324,41,1,2,41),
(325,41,1,3,53),
(326,41,1,4,65),
(327,41,1,5,61),
(328,41,1,6,44),
(329,41,1,7,40),
(330,41,1,8,42),
(331,41,1,9,52),
(332,41,1,10,45),
(333,41,2,1,42),
(334,41,2,2,54),
(335,41,2,3,63),
(336,41,2,4,51),
(337,41,2,5,63),
(338,41,2,6,64),
(339,41,2,7,41),
(340,41,2,8,65),
(341,41,2,9,56),
(342,41,2,10,54),
(343,41,2,11,43),
(344,41,3,1,59),
(345,41,3,2,52),
(346,41,3,3,47),
(347,41,3,4,59),
(348,41,3,5,42),
(349,41,3,6,58),
(350,41,3,7,55),
(351,41,3,8,58),
(352,41,3,9,65),
(353,45,1,1,54),
(354,45,1,2,58),
(355,45,1,3,42),
(356,45,1,4,55),
(357,45,1,5,59),
(358,45,1,6,52),
(359,45,2,1,48),
(360,45,2,2,40),
(361,45,2,3,59),
(362,45,2,4,59),
(363,45,2,5,65),
(364,45,2,6,47),
(365,45,2,7,45),
(366,46,1,1,62),
(367,46,1,2,48),
(368,46,1,3,58),
(369,46,1,4,64),
(370,46,1,5,65),
(371,46,1,6,44),
(372,46,2,1,47),
(373,46,2,2,64),
(374,46,2,3,46),
(375,46,2,4,40),
(376,46,2,5,55),
(377,46,2,6,42),
(378,46,2,7,42),
(379,46,2,8,47),
(380,46,2,9,52),
(381,46,2,10,63),
(382,48,1,1,58),
(383,48,1,2,47),
(384,48,1,3,48),
(385,48,1,4,47),
(386,48,1,5,47),
(387,48,1,6,56),
(388,48,1,7,47),
(389,48,1,8,60),
(390,48,1,9,57),
(391,48,2,1,46),
(392,48,2,2,63),
(393,48,2,3,40),
(394,48,2,4,53),
(395,48,2,5,47),
(396,48,2,6,48),
(397,48,2,7,45),
(398,48,2,8,46),
(399,48,2,9,63),
(400,50,1,1,65);
INSERT INTO episodes VALUES
(401,50,1,2,56),
(402,50,1,3,56),
(403,50,1,4,56),
(404,50,1,5,57),
(405,50,1,6,43),
(406,50,1,7,60),
(407,50,1,8,59),
(408,50,1,9,61),
(409,50,1,10,46),
(410,50,1,11,57),
(411,50,2,1,44),
(412,50,2,2,62),
(413,50,2,3,48),
(414,50,2,4,45),
(415,50,2,5,63),
(416,50,2,6,54),
(417,50,2,7,60),
(418,51,1,1,55),
(419,51,1,2,62),
(420,51,1,3,55),
(421,51,1,4,42),
(422,51,1,5,48),
(423,51,1,6,52),
(424,51,1,7,55),
(425,51,1,8,42),
(426,51,1,9,56),
(427,51,1,10,44),
(428,51,1,11,61),
(429,51,1,12,52),
(430,53,1,1,62),
(431,53,1,2,40),
(432,53,1,3,57),
(433,53,1,4,55),
(434,53,1,5,41),
(435,53,1,6,64),
(436,53,1,7,44),
(437,53,1,8,40),
(438,53,1,9,41),
(439,53,1,10,64),
(440,56,1,1,59),
(441,56,1,2,51),
(442,56,1,3,58),
(443,56,1,4,44),
(444,56,1,5,54),
(445,56,1,6,52),
(446,56,1,7,40),
(447,56,1,8,45),
(448,56,1,9,54),
(449,56,1,10,51),
(450,56,1,11,61),
(451,56,2,1,50),
(452,56,2,2,57),
(453,56,2,3,52),
(454,56,2,4,62),
(455,56,2,5,46),
(456,56,2,6,53),
(457,56,2,7,53),
(458,56,2,8,43),
(459,56,2,9,56),
(460,56,2,10,50),
(461,58,1,1,58),
(462,58,1,2,45),
(463,58,1,3,50),
(464,58,1,4,61),
(465,58,1,5,65),
(466,58,1,6,64),
(467,58,1,7,49),
(468,58,1,8,52),
(469,58,1,9,53),
(470,58,1,10,65),
(471,58,2,1,40),
(472,58,2,2,62),
(473,58,2,3,46),
(474,58,2,4,63),
(475,58,2,5,64),
(476,58,2,6,47),
(477,58,2,7,58),
(478,58,2,8,54),
(479,58,2,9,41),
(480,58,2,10,60),
(481,58,3,1,59),
(482,58,3,2,46),
(483,58,3,3,43),
(484,58,3,4,63),
(485,58,3,5,43),
(486,58,3,6,46),
(487,58,3,7,57),
(488,58,3,8,52),
(489,62,1,1,59),
(490,62,1,2,48),
(491,62,1,3,41),
(492,62,1,4,47),
(493,62,1,5,57),
(494,62,1,6,43),
(495,62,1,7,55),
(496,62,1,8,41),
(497,62,2,1,40),
(498,62,2,2,56),
(499,62,2,3,40),
(500,62,2,4,61),
(501,62,2,5,59),
(502,62,2,6,44),
(503,62,2,7,53),
(504,62,2,8,42),
(505,62,2,9,55),
(506,62,3,1,47),
(507,62,3,2,40),
(508,62,3,3,55),
(509,62,3,4,63),
(510,62,3,5,43),
(511,62,3,6,47),
(512,62,3,7,50),
(513,64,1,1,65),
(514,64,1,2,57),
(515,64,1,3,63),
(516,64,1,4,60),
(517,64,1,5,49),
(518,64,1,6,48),
(519,64,2,1,43),
(520,64,2,2,57),
(521,64,2,3,44),
(522,64,2,4,54),
(523,64,2,5,42),
(524,64,2,6,59),
(525,68,1,1,44),
(526,68,1,2,65),
(527,68,1,3,46),
(528,68,1,4,65),
(529,68,1,5,51),
(530,68,1,6,51),
(531,68,1,7,42),
(532,68,1,8,47),
(533,68,1,9,47),
(534,68,1,10,54),
(535,68,1,11,49),
(536,68,1,12,44),
(537,68,2,1,60),
(538,68,2,2,44),
(539,68,2,3,51),
(540,68,2,4,56),
(541,68,2,5,44),
(542,68,2,6,50),
(543,68,2,7,41),
(544,69,1,1,50),
(545,69,1,2,49),
(546,69,1,3,60),
(547,69,1,4,43),
(548,69,1,5,63),
(549,69,1,6,45),
(550,69,1,7,47),
(551,75,1,1,49),
(552,75,1,2,47),
(553,75,1,3,52),
(554,75,1,4,46),
(555,75,1,5,44),
(556,75,1,6,63),
(557,75,1,7,60),
(558,75,1,8,48),
(559,75,1,9,52),
(560,75,2,1,55),
(561,75,2,2,41),
(562,75,2,3,52),
(563,75,2,4,43),
(564,75,2,5,45),
(565,75,2,6,46),
(566,75,2,7,43),
(567,75,2,8,54),
(568,75,2,9,62),
(569,75,2,10,62),
(570,75,3,1,40),
(571,75,3,2,51),
(572,75,3,3,64),
(573,75,3,4,42),
(574,75,3,5,43),
(575,75,3,6,45),
(576,84,1,1,46),
(577,84,1,2,44),
(578,84,1,3,58),
(579,84,1,4,48),
(580,84,1,5,47),
(581,84,1,6,58),
(582,84,1,7,64),
(583,84,1,8,56),
(584,86,1,1,51),
(585,86,1,2,47),
(586,86,1,3,50),
(587,86,1,4,61),
(588,86,1,5,56),
(589,86,1,6,51),
(590,86,2,1,58),
(591,86,2,2,52),
(592,86,2,3,51),
(593,86,2,4,45),
(594,86,2,5,49),
(595,86,2,6,65),
(596,86,2,7,49),
(597,86,2,8,55),
(598,86,2,9,55),
(599,86,2,10,55),
(600,86,2,11,52);
INSERT INTO episodes VALUES
(601,87,1,1,47),
(602,87,1,2,50),
(603,87,1,3,43),
(604,87,1,4,55),
(605,87,1,5,46),
(606,87,1,6,50),
(607,87,1,7,55),
(608,87,1,8,50),
(609,87,1,9,53),
(610,87,1,10,42),
(611,87,1,11,40),
(612,87,2,1,45),
(613,87,2,2,48),
(614,87,2,3,52),
(615,87,2,4,48),
(616,87,2,5,46),
(617,87,2,6,64),
(618,87,2,7,50),
(619,87,2,8,65),
(620,87,2,9,48),
(621,87,3,1,45),
(622,87,3,2,58),
(623,87,3,3,43),
(624,87,3,4,49),
(625,87,3,5,48),
(626,87,3,6,45),
(627,87,3,7,48),
(628,89,1,1,64),
(629,89,1,2,55),
(630,89,1,3,62),
(631,89,1,4,58),
(632,89,1,5,54),
(633,89,1,6,41),
(634,90,1,1,61),
(635,90,1,2,60),
(636,90,1,3,59),
(637,90,1,4,65),
(638,90,1,5,40),
(639,90,1,6,46),
(640,90,1,7,48),
(641,90,1,8,44),
(642,90,1,9,54),
(643,90,2,1,40),
(644,90,2,2,48),
(645,90,2,3,54),
(646,90,2,4,45),
(647,90,2,5,57),
(648,90,2,6,64),
(649,90,2,7,44),
(650,90,2,8,42),
(651,90,2,9,62),
(652,90,2,10,51),
(653,90,2,11,61),
(654,90,3,1,65),
(655,90,3,2,52),
(656,90,3,3,48),
(657,90,3,4,42),
(658,90,3,5,58),
(659,90,3,6,48),
(660,90,3,7,41),
(661,90,3,8,56),
(662,91,1,1,48),
(663,91,1,2,43),
(664,91,1,3,64),
(665,91,1,4,45),
(666,91,1,5,40),
(667,91,1,6,56),
(668,91,1,7,65),
(669,91,1,8,51),
(670,91,1,9,61),
(671,91,2,1,56),
(672,91,2,2,58),
(673,91,2,3,42),
(674,91,2,4,52),
(675,91,2,5,53),
(676,91,2,6,41),
(677,91,2,7,48),
(678,91,2,8,53),
(679,91,2,9,52),
(680,91,3,1,44),
(681,91,3,2,62),
(682,91,3,3,55),
(683,91,3,4,53),
(684,91,3,5,52),
(685,91,3,6,65),
(686,91,3,7,53),
(687,91,3,8,50),
(688,91,3,9,65),
(689,91,3,10,54),
(690,92,1,1,41),
(691,92,1,2,61),
(692,92,1,3,53),
(693,92,1,4,49),
(694,92,1,5,59),
(695,92,1,6,40),
(696,92,1,7,48),
(697,92,1,8,60),
(698,92,1,9,64),
(699,92,1,10,59),
(700,92,1,11,53),
(701,92,2,1,46),
(702,92,2,2,56),
(703,92,2,3,48),
(704,92,2,4,44),
(705,92,2,5,48),
(706,92,2,6,58),
(707,92,2,7,42),
(708,92,2,8,63),
(709,92,2,9,52),
(710,92,2,10,46),
(711,92,2,11,46),
(712,92,3,1,55),
(713,92,3,2,56),
(714,92,3,3,41),
(715,92,3,4,65),
(716,92,3,5,46),
(717,92,3,6,46),
(718,92,3,7,44),
(719,92,3,8,44),
(720,92,3,9,47),
(721,92,3,10,43),
(722,92,3,11,40),
(723,93,1,1,65),
(724,93,1,2,58),
(725,93,1,3,49),
(726,93,1,4,54),
(727,93,1,5,52),
(728,93,1,6,50),
(729,93,1,7,58),
(730,93,1,8,41),
(731,93,1,9,50),
(732,93,1,10,41),
(733,93,1,11,43),
(734,93,1,12,55),
(735,93,2,1,59),
(736,93,2,2,53),
(737,93,2,3,44),
(738,93,2,4,53),
(739,93,2,5,62),
(740,93,2,6,51),
(741,93,2,7,56),
(742,93,2,8,41),
(743,93,2,9,54),
(744,93,2,10,51),
(745,93,2,11,59),
(746,93,3,1,62),
(747,93,3,2,46),
(748,93,3,3,60),
(749,93,3,4,50),
(750,93,3,5,62),
(751,93,3,6,50),
(752,93,3,7,45),
(753,93,3,8,56),
(754,93,3,9,54),
(755,93,3,10,64),
(756,95,1,1,56),
(757,95,1,2,57),
(758,95,1,3,40),
(759,95,1,4,53),
(760,95,1,5,65),
(761,95,1,6,59),
(762,95,2,1,43),
(763,95,2,2,40),
(764,95,2,3,49),
(765,95,2,4,45),
(766,95,2,5,42),
(767,95,2,6,51),
(768,95,2,7,55),
(769,95,2,8,64),
(770,95,2,9,55),
(771,95,3,1,46),
(772,95,3,2,56),
(773,95,3,3,64),
(774,95,3,4,62),
(775,95,3,5,52),
(776,95,3,6,43),
(777,95,3,7,51),
(778,95,3,8,54),
(779,95,3,9,53),
(780,95,3,10,46),
(781,95,3,11,51),
(782,95,3,12,58),
(783,96,1,1,55),
(784,96,1,2,42),
(785,96,1,3,50),
(786,96,1,4,46),
(787,96,1,5,61),
(788,96,1,6,62),
(789,96,1,7,48),
(790,96,1,8,63),
(791,96,1,9,43),
(792,96,1,10,65),
(793,96,2,1,56),
(794,96,2,2,49),
(795,96,2,3,40),
(796,96,2,4,45),
(797,96,2,5,58),
(798,96,2,6,45),
(799,96,2,7,43),
(800,96,2,8,64);
INSERT INTO episodes VALUES
(801,96,2,9,57),
(802,99,1,1,45),
(803,99,1,2,50),
(804,99,1,3,40),
(805,99,1,4,45),
(806,99,1,5,65),
(807,99,1,6,44),
(808,99,1,7,54),
(809,102,1,1,64),
(810,102,1,2,54),
(811,102,1,3,45),
(812,102,1,4,46),
(813,102,1,5,57),
(814,102,1,6,42),
(815,102,1,7,55),
(816,102,2,1,63),
(817,102,2,2,41),
(818,102,2,3,56),
(819,102,2,4,51),
(820,102,2,5,40),
(821,102,2,6,40),
(822,104,1,1,41),
(823,104,1,2,53),
(824,104,1,3,42),
(825,104,1,4,59),
(826,104,1,5,47),
(827,104,1,6,53),
(828,104,1,7,56),
(829,104,1,8,62),
(830,104,1,9,62),
(831,104,1,10,53),
(832,105,1,1,62),
(833,105,1,2,53),
(834,105,1,3,61),
(835,105,1,4,44),
(836,105,1,5,45),
(837,105,1,6,40),
(838,105,1,7,45),
(839,105,1,8,40),
(840,105,1,9,41),
(841,105,1,10,41),
(842,105,1,11,56),
(843,105,2,1,51),
(844,105,2,2,57),
(845,105,2,3,46),
(846,105,2,4,41),
(847,105,2,5,54),
(848,105,2,6,47),
(849,105,2,7,55),
(850,105,2,8,51),
(851,105,2,9,48),
(852,105,3,1,51),
(853,105,3,2,45),
(854,105,3,3,62),
(855,105,3,4,50),
(856,105,3,5,59),
(857,105,3,6,55),
(858,105,3,7,42),
(859,107,1,1,50),
(860,107,1,2,62),
(861,107,1,3,64),
(862,107,1,4,57),
(863,107,1,5,61),
(864,107,1,6,61),
(865,107,1,7,43),
(866,107,2,1,55),
(867,107,2,2,61),
(868,107,2,3,51),
(869,107,2,4,51),
(870,107,2,5,47),
(871,107,2,6,55),
(872,107,2,7,62),
(873,107,2,8,51),
(874,107,2,9,65),
(875,107,3,1,57),
(876,107,3,2,64),
(877,107,3,3,51),
(878,107,3,4,59),
(879,107,3,5,55),
(880,107,3,6,53),
(881,107,3,7,55),
(882,107,3,8,56),
(883,107,3,9,53),
(884,108,1,1,58),
(885,108,1,2,63),
(886,108,1,3,61),
(887,108,1,4,51),
(888,108,1,5,41),
(889,108,1,6,62),
(890,108,2,1,61),
(891,108,2,2,49),
(892,108,2,3,62),
(893,108,2,4,44),
(894,108,2,5,40),
(895,108,2,6,51),
(896,108,2,7,46),
(897,108,2,8,44),
(898,108,2,9,53),
(899,108,2,10,48),
(900,108,3,1,63),
(901,108,3,2,49),
(902,108,3,3,55),
(903,108,3,4,47),
(904,108,3,5,61),
(905,108,3,6,57),
(906,111,1,1,42),
(907,111,1,2,62),
(908,111,1,3,55),
(909,111,1,4,51),
(910,111,1,5,62),
(911,111,1,6,59),
(912,111,1,7,58),
(913,111,1,8,61),
(914,111,1,9,42),
(915,111,1,10,65),
(916,111,1,11,47),
(917,112,1,1,61),
(918,112,1,2,57),
(919,112,1,3,42),
(920,112,1,4,45),
(921,112,1,5,47),
(922,112,1,6,59),
(923,112,1,7,63),
(924,112,1,8,40),
(925,112,1,9,49),
(926,112,1,10,47),
(927,112,1,11,60),
(928,112,1,12,53),
(929,114,1,1,61),
(930,114,1,2,44),
(931,114,1,3,63),
(932,114,1,4,49),
(933,114,1,5,44),
(934,114,1,6,43),
(935,114,1,7,58),
(936,114,1,8,63),
(937,114,1,9,43),
(938,114,2,1,42),
(939,114,2,2,46),
(940,114,2,3,45),
(941,114,2,4,45),
(942,114,2,5,63),
(943,114,2,6,46),
(944,114,2,7,51),
(945,114,2,8,58),
(946,115,1,1,43),
(947,115,1,2,50),
(948,115,1,3,46),
(949,115,1,4,49),
(950,115,1,5,62),
(951,115,1,6,63),
(952,115,1,7,41),
(953,115,1,8,64),
(954,115,1,9,65),
(955,115,1,10,64),
(956,117,1,1,65),
(957,117,1,2,47),
(958,117,1,3,54),
(959,117,1,4,42),
(960,117,1,5,41),
(961,117,1,6,52),
(962,117,1,7,46),
(963,117,2,1,56),
(964,117,2,2,60),
(965,117,2,3,53),
(966,117,2,4,51),
(967,117,2,5,44),
(968,117,2,6,53),
(969,117,2,7,44),
(970,118,1,1,51),
(971,118,1,2,40),
(972,118,1,3,56),
(973,118,1,4,45),
(974,118,1,5,54),
(975,118,1,6,40),
(976,118,1,7,64),
(977,118,1,8,52),
(978,118,1,9,44),
(979,118,1,10,62),
(980,118,2,1,59),
(981,118,2,2,64),
(982,118,2,3,53),
(983,118,2,4,57),
(984,118,2,5,59),
(985,118,2,6,48),
(986,118,2,7,40),
(987,118,2,8,54),
(988,118,2,9,61),
(989,118,2,10,57),
(990,118,2,11,60),
(991,118,2,12,58),
(992,120,1,1,41),
(993,120,1,2,65),
(994,120,1,3,62),
(995,120,1,4,43),
(996,120,1,5,47),
(997,120,1,6,55),
(998,120,1,7,59),
(999,120,1,8,40),
(1000,120,1,9,51);
INSERT INTO episodes VALUES
(1001,120,1,10,63),
(1002,120,1,11,64),
(1003,120,2,1,52),
(1004,120,2,2,49),
(1005,120,2,3,57),
(1006,120,2,4,48),
(1007,120,2,5,44),
(1008,120,2,6,53),
(1009,121,1,1,52),
(1010,121,1,2,54),
(1011,121,1,3,54),
(1012,121,1,4,60),
(1013,121,1,5,45),
(1014,121,1,6,60),
(1015,121,1,7,63),
(1016,121,1,8,47),
(1017,121,1,9,44),
(1018,121,1,10,45),
(1019,123,1,1,63),
(1020,123,1,2,49),
(1021,123,1,3,58),
(1022,123,1,4,43),
(1023,123,1,5,64),
(1024,123,1,6,50),
(1025,123,1,7,55),
(1026,123,1,8,43),
(1027,123,1,9,43),
(1028,123,2,1,59),
(1029,123,2,2,49),
(1030,123,2,3,44),
(1031,123,2,4,55),
(1032,123,2,5,56),
(1033,123,2,6,54),
(1034,123,3,1,62),
(1035,123,3,2,40),
(1036,123,3,3,43),
(1037,123,3,4,47),
(1038,123,3,5,43),
(1039,123,3,6,45),
(1040,123,3,7,55),
(1041,123,3,8,52),
(1042,123,3,9,40),
(1043,123,3,10,57),
(1044,123,3,11,45),
(1045,124,1,1,43),
(1046,124,1,2,52),
(1047,124,1,3,49),
(1048,124,1,4,52),
(1049,124,1,5,51),
(1050,124,1,6,47),
(1051,124,1,7,60),
(1052,124,1,8,50),
(1053,124,1,9,46),
(1054,124,1,10,41),
(1055,124,1,11,42),
(1056,124,1,12,54),
(1057,125,1,1,44),
(1058,125,1,2,40),
(1059,125,1,3,60),
(1060,125,1,4,53),
(1061,125,1,5,65),
(1062,125,1,6,63),
(1063,125,1,7,41),
(1064,125,1,8,60),
(1065,125,1,9,47),
(1066,125,2,1,61),
(1067,125,2,2,55),
(1068,125,2,3,55),
(1069,125,2,4,65),
(1070,125,2,5,60),
(1071,125,2,6,55),
(1072,125,2,7,47),
(1073,125,2,8,47),
(1074,127,1,1,51),
(1075,127,1,2,43),
(1076,127,1,3,53),
(1077,127,1,4,61),
(1078,127,1,5,40),
(1079,127,1,6,55),
(1080,127,1,7,50),
(1081,127,1,8,62),
(1082,127,1,9,59),
(1083,127,1,10,54),
(1084,127,1,11,51),
(1085,127,1,12,64),
(1086,127,2,1,64),
(1087,127,2,2,45),
(1088,127,2,3,44),
(1089,127,2,4,57),
(1090,127,2,5,57),
(1091,127,2,6,51),
(1092,127,2,7,41),
(1093,127,2,8,53),
(1094,127,2,9,57),
(1095,127,2,10,40),
(1096,127,2,11,48),
(1097,127,2,12,56),
(1098,127,3,1,61),
(1099,127,3,2,65),
(1100,127,3,3,62),
(1101,127,3,4,45),
(1102,127,3,5,50),
(1103,127,3,6,51),
(1104,129,1,1,57),
(1105,129,1,2,42),
(1106,129,1,3,40),
(1107,129,1,4,43),
(1108,129,1,5,46),
(1109,129,1,6,56),
(1110,129,1,7,64),
(1111,129,1,8,54),
(1112,129,1,9,50),
(1113,129,1,10,41),
(1114,129,2,1,65),
(1115,129,2,2,62),
(1116,129,2,3,55),
(1117,129,2,4,65),
(1118,129,2,5,41),
(1119,129,2,6,57),
(1120,129,2,7,57),
(1121,129,2,8,42),
(1122,129,2,9,50),
(1123,129,2,10,41),
(1124,129,2,11,61),
(1125,129,2,12,46),
(1126,130,1,1,51),
(1127,130,1,2,43),
(1128,130,1,3,54),
(1129,130,1,4,50),
(1130,130,1,5,51),
(1131,130,1,6,41),
(1132,130,1,7,60),
(1133,130,2,1,60),
(1134,130,2,2,41),
(1135,130,2,3,54),
(1136,130,2,4,63),
(1137,130,2,5,53),
(1138,130,2,6,45),
(1139,130,3,1,46),
(1140,130,3,2,48),
(1141,130,3,3,41),
(1142,130,3,4,46),
(1143,130,3,5,45),
(1144,130,3,6,47),
(1145,130,3,7,57),
(1146,131,1,1,64),
(1147,131,1,2,65),
(1148,131,1,3,56),
(1149,131,1,4,49),
(1150,131,1,5,51),
(1151,131,1,6,55),
(1152,131,1,7,46),
(1153,131,2,1,56),
(1154,131,2,2,52),
(1155,131,2,3,44),
(1156,131,2,4,54),
(1157,131,2,5,62),
(1158,131,2,6,52),
(1159,131,2,7,42),
(1160,131,2,8,64),
(1161,131,2,9,65),
(1162,131,2,10,65),
(1163,133,1,1,40),
(1164,133,1,2,40),
(1165,133,1,3,64),
(1166,133,1,4,58),
(1167,133,1,5,51),
(1168,133,1,6,41),
(1169,133,1,7,45),
(1170,133,1,8,46),
(1171,133,1,9,48),
(1172,133,2,1,52),
(1173,133,2,2,57),
(1174,133,2,3,54),
(1175,133,2,4,61),
(1176,133,2,5,63),
(1177,133,2,6,57),
(1178,133,2,7,59),
(1179,133,2,8,44),
(1180,133,2,9,64),
(1181,133,2,10,62),
(1182,133,2,11,64),
(1183,134,1,1,49),
(1184,134,1,2,53),
(1185,134,1,3,64),
(1186,134,1,4,51),
(1187,134,1,5,63),
(1188,134,1,6,42),
(1189,134,1,7,60),
(1190,134,1,8,44),
(1191,134,2,1,41),
(1192,134,2,2,54),
(1193,134,2,3,50),
(1194,134,2,4,52),
(1195,134,2,5,44),
(1196,134,2,6,44),
(1197,134,2,7,50),
(1198,134,2,8,64),
(1199,134,2,9,60),
(1200,134,2,10,42);
INSERT INTO episodes VALUES
(1201,134,2,11,40),
(1202,134,3,1,61),
(1203,134,3,2,47),
(1204,134,3,3,65),
(1205,134,3,4,61),
(1206,134,3,5,48),
(1207,134,3,6,53),
(1208,134,3,7,40),
(1209,134,3,8,57),
(1210,134,3,9,62),
(1211,136,1,1,52),
(1212,136,1,2,59),
(1213,136,1,3,43),
(1214,136,1,4,41),
(1215,136,1,5,41),
(1216,136,1,6,56),
(1217,136,1,7,63),
(1218,136,1,8,63),
(1219,136,1,9,64),
(1220,136,1,10,65),
(1221,139,1,1,54),
(1222,139,1,2,56),
(1223,139,1,3,64),
(1224,139,1,4,43),
(1225,139,1,5,60),
(1226,139,1,6,54),
(1227,139,1,7,54),
(1228,139,1,8,56),
(1229,139,1,9,65),
(1230,139,1,10,49),
(1231,139,2,1,62),
(1232,139,2,2,44),
(1233,139,2,3,40),
(1234,139,2,4,48),
(1235,139,2,5,52),
(1236,139,2,6,42),
(1237,139,2,7,61),
(1238,139,3,1,49),
(1239,139,3,2,55),
(1240,139,3,3,55),
(1241,139,3,4,51),
(1242,139,3,5,47),
(1243,139,3,6,46),
(1244,139,3,7,48),
(1245,139,3,8,60),
(1246,139,3,9,42),
(1247,139,3,10,45),
(1248,139,3,11,55),
(1249,141,1,1,57),
(1250,141,1,2,63),
(1251,141,1,3,64),
(1252,141,1,4,54),
(1253,141,1,5,45),
(1254,141,1,6,59),
(1255,141,1,7,50),
(1256,141,1,8,61),
(1257,141,2,1,49),
(1258,141,2,2,53),
(1259,141,2,3,43),
(1260,141,2,4,42),
(1261,141,2,5,65),
(1262,141,2,6,65),
(1263,141,2,7,45),
(1264,141,2,8,56),
(1265,141,2,9,46),
(1266,141,3,1,65),
(1267,141,3,2,47),
(1268,141,3,3,40),
(1269,141,3,4,60),
(1270,141,3,5,57),
(1271,141,3,6,58),
(1272,141,3,7,59),
(1273,141,3,8,41),
(1274,141,3,9,44),
(1275,141,3,10,63),
(1276,143,1,1,52),
(1277,143,1,2,48),
(1278,143,1,3,60),
(1279,143,1,4,41),
(1280,143,1,5,43),
(1281,143,1,6,47),
(1282,143,1,7,64),
(1283,143,1,8,63),
(1284,143,1,9,65),
(1285,143,1,10,55),
(1286,143,1,11,64),
(1287,143,1,12,52),
(1288,143,2,1,46),
(1289,143,2,2,46),
(1290,143,2,3,51),
(1291,143,2,4,50),
(1292,143,2,5,51),
(1293,143,2,6,41),
(1294,143,2,7,51),
(1295,143,2,8,42),
(1296,143,2,9,44),
(1297,143,2,10,59),
(1298,143,2,11,57),
(1299,143,2,12,49),
(1300,143,3,1,43),
(1301,143,3,2,55),
(1302,143,3,3,42),
(1303,143,3,4,42),
(1304,143,3,5,50),
(1305,143,3,6,61),
(1306,143,3,7,49),
(1307,143,3,8,51),
(1308,143,3,9,63),
(1309,143,3,10,43),
(1310,144,1,1,53),
(1311,144,1,2,42),
(1312,144,1,3,40),
(1313,144,1,4,62),
(1314,144,1,5,60),
(1315,144,1,6,53),
(1316,144,2,1,59),
(1317,144,2,2,44),
(1318,144,2,3,62),
(1319,144,2,4,51),
(1320,144,2,5,44),
(1321,144,2,6,53),
(1322,144,2,7,48),
(1323,144,3,1,49),
(1324,144,3,2,53),
(1325,144,3,3,52),
(1326,144,3,4,52),
(1327,144,3,5,46),
(1328,144,3,6,48),
(1329,144,3,7,43),
(1330,144,3,8,62),
(1331,144,3,9,48),
(1332,144,3,10,50),
(1333,144,3,11,53),
(1334,144,3,12,44),
(1335,145,1,1,53),
(1336,145,1,2,53),
(1337,145,1,3,52),
(1338,145,1,4,61),
(1339,145,1,5,44),
(1340,145,1,6,60),
(1341,145,1,7,52),
(1342,145,1,8,50),
(1343,145,1,9,55),
(1344,145,2,1,41),
(1345,145,2,2,49),
(1346,145,2,3,62),
(1347,145,2,4,62),
(1348,145,2,5,46),
(1349,145,2,6,57),
(1350,145,2,7,50),
(1351,145,2,8,65),
(1352,145,2,9,48),
(1353,145,2,10,43),
(1354,145,2,11,53),
(1355,145,2,12,57),
(1356,145,3,1,61),
(1357,145,3,2,44),
(1358,145,3,3,64),
(1359,145,3,4,64),
(1360,145,3,5,64),
(1361,145,3,6,60),
(1362,145,3,7,48),
(1363,145,3,8,50),
(1364,145,3,9,45),
(1365,145,3,10,47),
(1366,147,1,1,58),
(1367,147,1,2,53),
(1368,147,1,3,50),
(1369,147,1,4,45),
(1370,147,1,5,40),
(1371,147,1,6,42),
(1372,147,1,7,59),
(1373,147,1,8,54),
(1374,147,2,1,44),
(1375,147,2,2,52),
(1376,147,2,3,53),
(1377,147,2,4,61),
(1378,147,2,5,62),
(1379,147,2,6,59),
(1380,147,2,7,40),
(1381,147,2,8,45),
(1382,147,2,9,41),
(1383,147,2,10,58),
(1384,147,2,11,50),
(1385,147,3,1,40),
(1386,147,3,2,50),
(1387,147,3,3,47),
(1388,147,3,4,48),
(1389,147,3,5,56),
(1390,147,3,6,42),
(1391,147,3,7,63),
(1392,147,3,8,40),
(1393,149,1,1,50),
(1394,149,1,2,61),
(1395,149,1,3,42),
(1396,149,1,4,52),
(1397,149,1,5,46),
(1398,149,1,6,48),
(1399,149,1,7,62),
(1400,149,1,8,61);
INSERT INTO episodes VALUES
(1401,149,1,9,52),
(1402,149,2,1,44),
(1403,149,2,2,64),
(1404,149,2,3,51),
(1405,149,2,4,58),
(1406,149,2,5,55),
(1407,149,2,6,53),
(1408,149,2,7,49),
(1409,149,2,8,55),
(1410,149,2,9,58),
(1411,149,3,1,49),
(1412,149,3,2,52),
(1413,149,3,3,54),
(1414,149,3,4,46),
(1415,149,3,5,58),
(1416,149,3,6,40),
(1417,149,3,7,40),
(1418,149,3,8,46),
(1419,149,3,9,51);

CREATE TABLE actors (actor_id INT PRIMARY KEY, actor_name VARCHAR(20));

INSERT INTO actors VALUES
(1,'홍다은'),
(2,'박가은'),
(3,'임윤서'),
(4,'안지우'),
(5,'윤건우'),
(6,'정시우'),
(7,'정서연'),
(8,'최건우'),
(9,'오유진'),
(10,'오지아'),
(11,'장하은'),
(12,'이서윤'),
(13,'이은우'),
(14,'정주원'),
(15,'장민준'),
(16,'김시우'),
(17,'홍하은'),
(18,'신건우'),
(19,'김다은'),
(20,'윤준서'),
(21,'이유진'),
(22,'조우진'),
(23,'권지호'),
(24,'황준서'),
(25,'이건우'),
(26,'서우진'),
(27,'김수아'),
(28,'한하은'),
(29,'조다은'),
(30,'이유진'),
(31,'임준서'),
(32,'강준서'),
(33,'권시우'),
(34,'오시윤'),
(35,'윤시우'),
(36,'한지훈'),
(37,'황예준'),
(38,'황윤서'),
(39,'송가은'),
(40,'서지아'),
(41,'홍예준'),
(42,'김지아'),
(43,'장윤서'),
(44,'안도윤'),
(45,'서지훈'),
(46,'오하은'),
(47,'신주원'),
(48,'임예준'),
(49,'최지우'),
(50,'홍하린'),
(51,'최가은'),
(52,'박건우'),
(53,'조지호'),
(54,'홍현우'),
(55,'한채원'),
(56,'황지호'),
(57,'안예준'),
(58,'홍유진'),
(59,'김시윤'),
(60,'서지우');

CREATE TABLE content_actors (id INT PRIMARY KEY, content_id INT, actor_id INT, role_type VARCHAR(10));

INSERT INTO content_actors VALUES
(1,1,33,'주연'),
(2,1,41,'주연'),
(3,2,13,'조연'),
(4,2,49,'주연'),
(5,3,22,'조연'),
(6,3,45,'주연'),
(7,3,39,'주연'),
(8,3,6,'특별출연'),
(9,4,13,'주연'),
(10,4,59,'주연'),
(11,4,5,'조연'),
(12,4,28,'주연'),
(13,5,17,'주연'),
(14,5,23,'주연'),
(15,6,18,'주연'),
(16,6,59,'조연'),
(17,6,48,'조연'),
(18,7,45,'주연'),
(19,7,13,'주연'),
(20,8,56,'특별출연'),
(21,8,60,'조연'),
(22,8,43,'주연'),
(23,8,50,'특별출연'),
(24,9,59,'주연'),
(25,9,16,'특별출연'),
(26,9,55,'특별출연'),
(27,10,13,'주연'),
(28,10,3,'특별출연'),
(29,10,1,'주연'),
(30,11,4,'조연'),
(31,11,52,'주연'),
(32,11,1,'조연'),
(33,12,51,'주연'),
(34,12,31,'주연'),
(35,12,3,'조연'),
(36,13,34,'조연'),
(37,13,50,'조연'),
(38,13,41,'특별출연'),
(39,13,55,'조연'),
(40,14,16,'조연'),
(41,14,10,'주연'),
(42,14,41,'조연'),
(43,15,41,'주연'),
(44,15,24,'주연'),
(45,16,13,'주연'),
(46,16,53,'조연'),
(47,16,57,'주연'),
(48,16,5,'주연'),
(49,17,17,'특별출연'),
(50,17,55,'조연'),
(51,17,31,'특별출연'),
(52,18,43,'특별출연'),
(53,18,23,'주연'),
(54,18,19,'주연'),
(55,19,11,'주연'),
(56,19,1,'주연'),
(57,20,18,'주연'),
(58,20,19,'조연'),
(59,20,1,'특별출연'),
(60,21,38,'주연'),
(61,21,7,'주연'),
(62,21,29,'주연'),
(63,22,29,'주연'),
(64,22,57,'조연'),
(65,22,27,'특별출연'),
(66,22,51,'조연'),
(67,23,16,'특별출연'),
(68,23,33,'주연'),
(69,23,38,'주연'),
(70,24,15,'특별출연'),
(71,24,31,'조연'),
(72,25,56,'조연'),
(73,25,39,'특별출연'),
(74,26,43,'조연'),
(75,26,59,'특별출연'),
(76,26,34,'조연'),
(77,26,6,'특별출연'),
(78,27,39,'주연'),
(79,27,54,'조연'),
(80,27,13,'주연'),
(81,27,50,'주연'),
(82,28,13,'조연'),
(83,28,56,'조연'),
(84,29,4,'특별출연'),
(85,29,9,'특별출연'),
(86,29,12,'주연'),
(87,30,46,'조연'),
(88,30,19,'주연'),
(89,30,21,'특별출연'),
(90,31,28,'주연'),
(91,31,11,'특별출연'),
(92,32,13,'주연'),
(93,32,53,'특별출연'),
(94,32,1,'주연'),
(95,33,33,'특별출연'),
(96,33,50,'조연'),
(97,33,37,'특별출연'),
(98,33,36,'주연'),
(99,34,20,'특별출연'),
(100,34,5,'조연'),
(101,34,58,'주연'),
(102,34,50,'조연'),
(103,35,15,'주연'),
(104,35,12,'주연'),
(105,35,46,'조연'),
(106,36,24,'조연'),
(107,36,40,'특별출연'),
(108,37,18,'조연'),
(109,37,8,'주연'),
(110,38,52,'주연'),
(111,38,40,'특별출연'),
(112,39,27,'특별출연'),
(113,39,44,'조연'),
(114,39,40,'특별출연'),
(115,39,6,'조연'),
(116,40,2,'특별출연'),
(117,40,35,'주연'),
(118,41,34,'조연'),
(119,41,49,'주연'),
(120,42,19,'주연'),
(121,42,27,'조연'),
(122,42,33,'주연'),
(123,42,50,'주연'),
(124,43,35,'주연'),
(125,43,32,'주연'),
(126,43,14,'특별출연'),
(127,44,30,'주연'),
(128,44,49,'주연'),
(129,45,26,'조연'),
(130,45,44,'주연'),
(131,45,22,'조연'),
(132,45,11,'조연'),
(133,46,20,'주연'),
(134,46,1,'조연'),
(135,46,2,'주연'),
(136,46,51,'주연'),
(137,47,22,'주연'),
(138,47,45,'특별출연'),
(139,48,26,'특별출연'),
(140,48,47,'주연'),
(141,49,49,'주연'),
(142,49,51,'특별출연'),
(143,49,32,'주연'),
(144,49,14,'주연'),
(145,50,46,'특별출연'),
(146,50,5,'조연'),
(147,50,19,'주연'),
(148,51,43,'주연'),
(149,51,4,'조연'),
(150,52,8,'주연'),
(151,52,4,'주연'),
(152,53,11,'조연'),
(153,53,36,'주연'),
(154,53,31,'주연'),
(155,53,43,'주연'),
(156,54,11,'조연'),
(157,54,5,'주연'),
(158,55,43,'주연'),
(159,55,29,'주연'),
(160,56,5,'주연'),
(161,56,26,'조연'),
(162,57,39,'특별출연'),
(163,57,55,'특별출연'),
(164,57,6,'주연'),
(165,57,13,'특별출연'),
(166,58,41,'특별출연'),
(167,58,29,'특별출연'),
(168,59,54,'조연'),
(169,59,8,'주연'),
(170,60,16,'조연'),
(171,60,54,'조연'),
(172,60,47,'조연'),
(173,61,14,'주연'),
(174,61,36,'조연'),
(175,61,53,'주연'),
(176,61,16,'주연'),
(177,62,20,'특별출연'),
(178,62,50,'주연'),
(179,63,37,'주연'),
(180,63,18,'주연'),
(181,63,59,'주연'),
(182,63,30,'주연'),
(183,64,7,'특별출연'),
(184,64,31,'주연'),
(185,64,43,'주연'),
(186,65,10,'조연'),
(187,65,54,'주연'),
(188,65,43,'주연'),
(189,65,14,'특별출연'),
(190,66,50,'조연'),
(191,66,55,'조연'),
(192,66,9,'주연'),
(193,67,13,'조연'),
(194,67,37,'주연'),
(195,67,43,'주연'),
(196,68,49,'주연'),
(197,68,41,'조연'),
(198,68,36,'주연'),
(199,68,51,'주연'),
(200,69,25,'조연');
INSERT INTO content_actors VALUES
(201,69,13,'주연'),
(202,69,59,'특별출연'),
(203,69,35,'주연'),
(204,70,41,'주연'),
(205,70,39,'특별출연'),
(206,70,53,'특별출연'),
(207,71,4,'주연'),
(208,71,42,'주연'),
(209,71,21,'주연'),
(210,71,6,'주연'),
(211,72,32,'조연'),
(212,72,26,'조연'),
(213,72,49,'특별출연'),
(214,72,37,'주연'),
(215,73,38,'주연'),
(216,73,3,'주연'),
(217,73,27,'특별출연'),
(218,74,8,'주연'),
(219,74,25,'특별출연'),
(220,75,23,'주연'),
(221,75,15,'주연'),
(222,75,39,'주연'),
(223,76,22,'주연'),
(224,76,41,'주연'),
(225,77,16,'주연'),
(226,77,36,'주연'),
(227,78,54,'특별출연'),
(228,78,52,'주연'),
(229,78,49,'특별출연'),
(230,79,41,'특별출연'),
(231,79,7,'특별출연'),
(232,80,16,'조연'),
(233,80,56,'조연'),
(234,80,60,'조연'),
(235,81,24,'주연'),
(236,81,12,'조연'),
(237,81,33,'특별출연'),
(238,82,28,'특별출연'),
(239,82,26,'주연'),
(240,83,23,'조연'),
(241,83,43,'조연'),
(242,83,32,'주연'),
(243,84,34,'조연'),
(244,84,18,'주연'),
(245,85,50,'주연'),
(246,85,12,'특별출연'),
(247,85,6,'조연'),
(248,85,23,'특별출연'),
(249,86,3,'주연'),
(250,86,24,'주연'),
(251,86,31,'특별출연'),
(252,86,17,'주연'),
(253,87,44,'조연'),
(254,87,27,'조연'),
(255,88,17,'조연'),
(256,88,13,'특별출연'),
(257,89,59,'주연'),
(258,89,45,'주연'),
(259,90,4,'조연'),
(260,90,10,'주연'),
(261,90,15,'특별출연'),
(262,91,35,'조연'),
(263,91,19,'주연'),
(264,92,28,'주연'),
(265,92,31,'조연'),
(266,93,60,'특별출연'),
(267,93,40,'특별출연'),
(268,94,18,'조연'),
(269,94,38,'조연'),
(270,94,56,'조연'),
(271,94,7,'특별출연'),
(272,95,10,'주연'),
(273,95,44,'주연'),
(274,96,10,'특별출연'),
(275,96,2,'주연'),
(276,97,8,'주연'),
(277,97,18,'주연'),
(278,97,7,'조연'),
(279,97,29,'조연'),
(280,98,45,'조연'),
(281,98,60,'주연'),
(282,99,44,'주연'),
(283,99,43,'특별출연'),
(284,99,54,'주연'),
(285,100,48,'주연'),
(286,100,15,'조연'),
(287,100,59,'주연'),
(288,101,21,'주연'),
(289,101,29,'주연'),
(290,102,60,'주연'),
(291,102,7,'조연'),
(292,102,2,'주연'),
(293,102,30,'조연'),
(294,103,51,'주연'),
(295,103,23,'주연'),
(296,103,57,'주연'),
(297,104,32,'주연'),
(298,104,10,'주연'),
(299,104,21,'특별출연'),
(300,105,21,'특별출연'),
(301,105,52,'조연'),
(302,105,59,'특별출연'),
(303,105,36,'특별출연'),
(304,106,27,'주연'),
(305,106,1,'조연'),
(306,106,29,'주연'),
(307,107,55,'조연'),
(308,107,6,'주연'),
(309,108,40,'주연'),
(310,108,38,'주연'),
(311,108,53,'주연'),
(312,108,60,'주연'),
(313,109,45,'특별출연'),
(314,109,13,'특별출연'),
(315,110,9,'조연'),
(316,110,5,'주연'),
(317,110,1,'특별출연'),
(318,110,15,'주연'),
(319,111,33,'주연'),
(320,111,60,'주연'),
(321,111,8,'주연'),
(322,111,49,'주연'),
(323,112,14,'특별출연'),
(324,112,48,'주연'),
(325,112,45,'주연'),
(326,112,41,'특별출연'),
(327,113,56,'특별출연'),
(328,113,57,'주연'),
(329,113,46,'주연'),
(330,113,44,'주연'),
(331,114,37,'특별출연'),
(332,114,16,'특별출연'),
(333,114,1,'주연'),
(334,115,38,'특별출연'),
(335,115,30,'주연'),
(336,115,28,'주연'),
(337,115,23,'주연'),
(338,116,51,'주연'),
(339,116,36,'주연'),
(340,116,38,'주연'),
(341,117,29,'조연'),
(342,117,53,'특별출연'),
(343,117,42,'특별출연'),
(344,118,7,'주연'),
(345,118,29,'주연'),
(346,118,58,'주연'),
(347,118,30,'주연'),
(348,119,59,'특별출연'),
(349,119,7,'주연'),
(350,119,39,'주연'),
(351,120,48,'조연'),
(352,120,6,'주연'),
(353,121,7,'특별출연'),
(354,121,34,'주연'),
(355,122,16,'주연'),
(356,122,34,'특별출연'),
(357,122,12,'주연'),
(358,122,10,'조연'),
(359,123,58,'조연'),
(360,123,59,'주연'),
(361,123,1,'주연'),
(362,124,56,'특별출연'),
(363,124,12,'조연'),
(364,125,32,'특별출연'),
(365,125,21,'주연'),
(366,125,38,'주연'),
(367,126,18,'주연'),
(368,126,30,'조연'),
(369,126,20,'특별출연'),
(370,126,50,'주연'),
(371,127,39,'주연'),
(372,127,27,'조연'),
(373,128,57,'특별출연'),
(374,128,1,'조연'),
(375,128,53,'조연'),
(376,129,45,'특별출연'),
(377,129,55,'조연'),
(378,130,11,'주연'),
(379,130,51,'특별출연'),
(380,130,56,'특별출연'),
(381,130,60,'조연'),
(382,131,21,'주연'),
(383,131,40,'주연'),
(384,131,37,'특별출연'),
(385,132,24,'주연'),
(386,132,39,'특별출연'),
(387,133,13,'조연'),
(388,133,34,'조연'),
(389,133,1,'조연'),
(390,133,54,'주연'),
(391,134,21,'주연'),
(392,134,25,'특별출연'),
(393,135,38,'주연'),
(394,135,14,'주연'),
(395,136,15,'특별출연'),
(396,136,48,'주연'),
(397,136,45,'조연'),
(398,137,12,'주연'),
(399,137,8,'주연'),
(400,137,24,'주연');
INSERT INTO content_actors VALUES
(401,138,44,'주연'),
(402,138,35,'특별출연'),
(403,139,12,'주연'),
(404,139,46,'주연'),
(405,139,40,'특별출연'),
(406,139,30,'특별출연'),
(407,140,41,'주연'),
(408,140,27,'주연'),
(409,141,34,'주연'),
(410,141,56,'주연'),
(411,142,52,'특별출연'),
(412,142,45,'특별출연'),
(413,143,10,'주연'),
(414,143,24,'특별출연'),
(415,144,4,'주연'),
(416,144,15,'주연'),
(417,144,1,'특별출연'),
(418,144,24,'주연'),
(419,145,42,'주연'),
(420,145,53,'조연'),
(421,145,18,'특별출연'),
(422,146,9,'조연'),
(423,146,52,'주연'),
(424,146,47,'주연'),
(425,147,10,'조연'),
(426,147,38,'조연'),
(427,148,35,'주연'),
(428,148,25,'주연'),
(429,148,29,'조연'),
(430,148,16,'조연'),
(431,149,15,'특별출연'),
(432,149,20,'특별출연'),
(433,150,9,'주연'),
(434,150,24,'주연');

CREATE TABLE devices (device_id INT PRIMARY KEY, device_type VARCHAR(10));

INSERT INTO devices VALUES
(1,'TV'),
(2,'MOBILE'),
(3,'TABLET'),
(4,'PC');

CREATE TABLE watch_history (watch_id INT PRIMARY KEY, user_id INT, content_id INT, device_id INT, watch_date DATE, watch_minutes INT, completion_pct INT);

INSERT INTO watch_history VALUES
(1,147,68,4,'2024-10-03',170,31),
(2,57,9,4,'2024-11-11',45,64),
(3,219,43,3,'2024-01-04',86,90),
(4,32,34,2,'2024-04-16',30,31),
(5,250,6,1,'2024-06-16',4,36),
(6,58,46,1,'2024-05-13',10,72),
(7,222,1,3,'2024-02-21',135,81),
(8,177,48,4,'2024-10-27',26,61),
(9,169,70,3,'2024-02-01',29,49),
(10,170,121,1,'2024-02-08',27,41),
(11,60,48,4,'2024-03-22',80,80),
(12,23,9,4,'2024-06-20',62,27),
(13,177,120,4,'2024-01-17',18,79),
(14,218,133,3,'2024-01-27',168,48),
(15,121,62,3,'2024-03-07',98,43),
(16,154,84,4,'2024-01-09',2,52),
(17,149,134,1,'2024-09-02',152,42),
(18,156,119,2,'2024-08-19',107,15),
(19,77,61,3,'2024-07-25',62,62),
(20,7,131,2,'2024-10-25',15,63),
(21,28,95,3,'2024-09-03',170,54),
(22,168,74,1,'2024-08-07',60,56),
(23,86,25,1,'2024-03-27',3,65),
(24,248,44,1,'2024-12-11',116,20),
(25,124,78,3,'2024-06-25',39,38),
(26,167,65,3,'2024-03-12',177,47),
(27,145,55,1,'2024-05-05',119,38),
(28,126,84,4,'2024-07-27',132,52),
(29,114,128,3,'2024-08-01',127,15),
(30,161,123,3,'2024-11-28',16,27),
(31,138,149,4,'2024-02-03',82,14),
(32,98,116,4,'2024-04-05',56,19),
(33,201,75,3,'2024-02-15',40,87),
(34,149,10,3,'2024-12-25',29,56),
(35,51,134,1,'2024-04-18',124,35),
(36,82,139,3,'2024-02-21',28,60),
(37,63,97,2,'2024-03-21',101,96),
(38,13,75,1,'2024-02-25',37,43),
(39,202,122,1,'2024-04-03',10,39),
(40,208,110,4,'2024-02-18',45,90),
(41,194,80,2,'2024-01-03',180,81),
(42,97,66,4,'2024-01-21',99,80),
(43,35,40,2,'2024-03-19',136,77),
(44,140,12,1,'2024-03-16',36,26),
(45,2,76,2,'2024-02-27',139,77),
(46,39,127,2,'2024-09-24',158,26),
(47,141,33,4,'2024-05-17',120,19),
(48,250,112,4,'2024-08-08',101,64),
(49,164,145,2,'2024-12-15',9,17),
(50,131,37,4,'2024-05-28',50,15),
(51,78,57,2,'2024-09-10',107,57),
(52,56,144,1,'2024-07-15',30,71),
(53,67,82,2,'2024-04-18',138,42),
(54,25,1,3,'2024-03-13',95,45),
(55,174,5,2,'2024-07-20',175,74),
(56,118,45,1,'2024-10-21',118,63),
(57,98,28,4,'2024-10-09',14,23),
(58,243,46,1,'2024-04-03',25,68),
(59,84,69,4,'2024-07-21',84,95),
(60,116,128,4,'2024-08-02',48,36),
(61,64,30,3,'2024-09-16',107,87),
(62,147,96,2,'2024-01-02',44,46),
(63,1,12,3,'2024-09-01',63,65),
(64,111,73,2,'2024-08-23',97,84),
(65,44,32,2,'2024-10-02',23,85),
(66,207,123,1,'2024-11-13',102,53),
(67,190,150,3,'2024-01-02',73,10),
(68,84,23,4,'2024-07-15',6,37),
(69,21,93,3,'2024-11-24',112,26),
(70,52,21,3,'2024-08-24',6,59),
(71,187,136,1,'2024-03-27',150,72),
(72,219,139,1,'2024-04-05',101,31),
(73,169,126,2,'2024-03-12',169,76),
(74,245,76,4,'2024-08-28',151,73),
(75,228,68,4,'2024-06-04',142,51),
(76,67,101,1,'2024-03-08',108,36),
(77,216,14,3,'2024-06-19',162,64),
(78,149,97,2,'2024-04-21',162,47),
(79,204,40,4,'2024-09-05',34,78),
(80,180,63,3,'2024-09-14',171,57),
(81,72,143,1,'2024-10-20',103,41),
(82,106,96,1,'2024-11-11',152,44),
(83,13,86,4,'2024-12-03',12,21),
(84,241,58,1,'2024-03-10',141,97),
(85,61,85,2,'2024-09-15',179,42),
(86,42,78,2,'2024-07-16',128,55),
(87,153,124,1,'2024-05-14',149,22),
(88,100,143,4,'2024-01-14',59,89),
(89,119,70,3,'2024-05-11',62,72),
(90,103,148,2,'2024-08-09',94,56),
(91,168,58,3,'2024-09-12',128,53),
(92,117,75,1,'2024-10-10',167,30),
(93,131,49,2,'2024-02-27',68,85),
(94,41,69,3,'2024-07-16',48,24),
(95,228,135,3,'2024-06-17',91,78),
(96,202,16,2,'2024-03-21',129,67),
(97,230,104,3,'2024-09-28',172,89),
(98,58,16,1,'2024-12-06',158,80),
(99,54,147,3,'2024-12-25',40,11),
(100,168,73,4,'2024-08-23',86,22),
(101,101,97,4,'2024-10-28',134,66),
(102,140,81,3,'2024-01-28',111,72),
(103,28,92,3,'2024-11-10',120,35),
(104,16,17,3,'2024-11-26',50,55),
(105,65,58,1,'2024-10-04',5,62),
(106,143,76,2,'2024-10-28',16,74),
(107,151,9,1,'2024-03-09',32,87),
(108,130,66,4,'2024-12-02',127,96),
(109,44,67,1,'2024-02-18',7,36),
(110,175,3,1,'2024-01-14',101,17),
(111,207,78,2,'2024-09-25',72,19),
(112,225,22,4,'2024-03-15',64,99),
(113,208,96,1,'2024-03-22',40,12),
(114,36,87,1,'2024-07-22',27,82),
(115,128,3,2,'2024-03-20',16,46),
(116,14,42,1,'2024-08-02',34,89),
(117,201,115,1,'2024-02-10',50,98),
(118,54,91,3,'2024-12-17',132,42),
(119,38,90,2,'2024-08-15',176,100),
(120,237,35,2,'2024-02-07',33,42),
(121,223,61,2,'2024-02-19',180,39),
(122,25,107,3,'2024-09-17',127,28),
(123,126,28,3,'2024-07-10',129,64),
(124,16,87,2,'2024-03-17',48,68),
(125,120,133,3,'2024-11-01',155,21),
(126,206,35,4,'2024-12-07',149,34),
(127,149,138,4,'2024-06-08',134,89),
(128,216,149,3,'2024-03-02',25,66),
(129,104,29,2,'2024-07-11',89,65),
(130,216,143,2,'2024-11-01',134,66),
(131,60,23,2,'2024-09-25',120,92),
(132,103,143,1,'2024-07-14',151,62),
(133,119,80,2,'2024-10-25',68,43),
(134,50,7,3,'2024-02-27',9,41),
(135,248,61,3,'2024-08-14',117,55),
(136,172,75,1,'2024-03-09',49,84),
(137,234,76,1,'2024-06-19',19,19),
(138,145,40,2,'2024-05-12',33,48),
(139,35,7,3,'2024-01-15',126,90),
(140,229,49,4,'2024-05-11',70,98),
(141,110,102,3,'2024-06-19',110,79),
(142,192,112,2,'2024-01-28',83,94),
(143,61,128,3,'2024-01-22',62,28),
(144,5,101,3,'2024-04-13',179,85),
(145,54,61,4,'2024-11-11',21,38),
(146,32,58,1,'2024-01-25',53,14),
(147,99,75,1,'2024-06-10',99,48),
(148,222,52,4,'2024-10-16',132,10),
(149,5,145,1,'2024-09-04',131,93),
(150,136,79,2,'2024-10-09',129,53),
(151,61,16,3,'2024-08-06',64,68),
(152,136,39,3,'2024-10-05',97,83),
(153,219,23,3,'2024-05-15',112,58),
(154,102,123,3,'2024-12-12',170,50),
(155,136,25,3,'2024-03-16',122,87),
(156,117,125,4,'2024-12-21',52,69),
(157,41,60,2,'2024-08-16',147,53),
(158,42,114,4,'2024-01-01',127,86),
(159,77,131,3,'2024-02-26',8,67),
(160,202,4,4,'2024-06-05',117,93),
(161,158,140,3,'2024-09-07',85,13),
(162,147,76,3,'2024-10-06',69,36),
(163,226,99,3,'2024-03-04',6,42),
(164,30,93,2,'2024-03-08',12,48),
(165,216,15,2,'2024-12-01',45,63),
(166,230,92,4,'2024-07-25',111,91),
(167,11,95,3,'2024-06-24',98,95),
(168,53,41,2,'2024-02-24',47,80),
(169,193,65,3,'2024-12-05',96,94),
(170,230,61,3,'2024-04-20',179,30),
(171,217,83,2,'2024-05-13',174,99),
(172,112,122,3,'2024-02-15',3,61),
(173,248,98,4,'2024-07-17',29,71),
(174,227,121,2,'2024-11-26',155,12),
(175,82,142,1,'2024-01-24',114,85),
(176,2,49,1,'2024-07-01',173,89),
(177,58,4,4,'2024-07-02',68,11),
(178,67,99,3,'2024-01-02',141,57),
(179,209,68,4,'2024-04-21',74,81),
(180,228,147,3,'2024-12-18',31,52),
(181,133,44,1,'2024-11-13',29,18),
(182,211,119,4,'2024-03-17',146,82),
(183,61,36,3,'2024-05-01',76,87),
(184,165,11,1,'2024-04-13',74,92),
(185,239,70,4,'2024-04-01',101,31),
(186,108,9,2,'2024-07-08',44,61),
(187,145,19,2,'2024-07-28',180,57),
(188,155,114,3,'2024-07-11',156,20),
(189,95,46,3,'2024-07-15',71,72),
(190,93,55,3,'2024-07-03',54,31),
(191,61,74,4,'2024-07-12',163,66),
(192,115,136,2,'2024-10-18',132,24),
(193,96,22,1,'2024-10-14',77,35),
(194,155,134,3,'2024-03-14',17,71),
(195,214,144,3,'2024-03-06',167,34),
(196,170,105,2,'2024-11-21',121,33),
(197,96,10,1,'2024-06-11',105,52),
(198,11,66,1,'2024-06-23',60,68),
(199,181,25,1,'2024-11-04',112,51),
(200,45,49,4,'2024-11-13',46,88);
INSERT INTO watch_history VALUES
(201,142,50,3,'2024-10-02',74,87),
(202,72,112,2,'2024-10-08',116,33),
(203,219,117,4,'2024-06-01',131,24),
(204,49,69,3,'2024-08-25',170,52),
(205,104,50,1,'2024-11-19',43,55),
(206,170,145,3,'2024-10-21',73,74),
(207,215,130,4,'2024-12-25',31,42),
(208,152,116,3,'2024-04-06',35,73),
(209,79,37,2,'2024-04-27',148,95),
(210,29,85,3,'2024-11-07',146,22),
(211,242,69,3,'2024-01-15',65,18),
(212,147,58,2,'2024-02-14',16,57),
(213,2,35,4,'2024-02-06',101,53),
(214,186,76,2,'2024-07-24',59,92),
(215,247,25,3,'2024-07-04',61,63),
(216,196,66,3,'2024-06-11',144,60),
(217,17,81,3,'2024-08-06',26,81),
(218,87,98,3,'2024-06-12',84,41),
(219,102,140,3,'2024-09-03',22,80),
(220,62,121,4,'2024-10-11',40,75),
(221,110,61,1,'2024-12-24',97,87),
(222,134,110,3,'2024-02-28',25,12),
(223,9,60,3,'2024-08-19',126,34),
(224,59,55,4,'2024-11-08',10,28),
(225,69,46,2,'2024-08-16',76,62),
(226,41,115,2,'2024-02-14',143,79),
(227,155,94,3,'2024-08-14',33,29),
(228,146,62,3,'2024-12-10',124,33),
(229,127,122,1,'2024-06-04',103,55),
(230,58,86,1,'2024-09-25',129,73),
(231,190,73,1,'2024-01-01',105,59),
(232,48,34,3,'2024-07-24',35,51),
(233,151,11,3,'2024-12-25',133,26),
(234,121,145,4,'2024-04-24',2,65),
(235,85,98,2,'2024-07-11',171,74),
(236,190,66,4,'2024-07-14',75,21),
(237,17,40,4,'2024-05-13',45,17),
(238,232,81,2,'2024-01-15',179,90),
(239,134,147,2,'2024-06-09',163,18),
(240,224,58,1,'2024-06-26',161,97),
(241,223,83,3,'2024-12-01',132,19),
(242,4,95,2,'2024-05-19',138,96),
(243,180,44,3,'2024-10-17',151,53),
(244,209,3,1,'2024-06-24',164,57),
(245,236,142,2,'2024-04-24',26,14),
(246,86,40,4,'2024-10-02',143,94),
(247,57,128,2,'2024-04-15',156,59),
(248,18,58,3,'2024-05-18',17,74),
(249,139,111,4,'2024-02-16',5,83),
(250,61,139,3,'2024-05-25',2,84),
(251,196,102,2,'2024-07-05',98,18),
(252,45,147,4,'2024-01-15',87,79),
(253,157,67,4,'2024-05-26',131,11),
(254,133,83,1,'2024-10-26',96,38),
(255,72,79,2,'2024-11-28',6,84),
(256,172,77,1,'2024-05-28',160,85),
(257,237,71,4,'2024-08-12',165,24),
(258,118,99,4,'2024-05-09',30,51),
(259,43,101,3,'2024-08-22',138,80),
(260,141,6,4,'2024-08-12',176,59),
(261,26,40,1,'2024-03-19',174,57),
(262,175,21,2,'2024-12-20',68,84),
(263,205,28,3,'2024-06-11',142,91),
(264,196,58,2,'2024-12-09',21,47),
(265,83,22,4,'2024-05-09',63,22),
(266,15,8,2,'2024-04-13',81,92),
(267,84,78,3,'2024-05-07',48,22),
(268,172,38,3,'2024-07-08',8,56),
(269,201,101,3,'2024-03-18',34,60),
(270,202,46,3,'2024-10-08',94,42),
(271,169,9,2,'2024-02-15',36,86),
(272,41,77,1,'2024-05-09',162,95),
(273,77,38,2,'2024-07-18',45,49),
(274,148,141,1,'2024-03-15',53,79),
(275,3,123,2,'2024-12-27',22,64),
(276,240,56,4,'2024-06-15',178,65),
(277,231,105,1,'2024-08-14',85,82),
(278,155,60,3,'2024-04-25',61,60),
(279,159,71,3,'2024-12-20',132,14),
(280,46,72,2,'2024-03-28',139,95),
(281,221,38,1,'2024-08-24',52,57),
(282,68,25,2,'2024-06-05',50,98),
(283,224,125,3,'2024-09-10',85,22),
(284,144,68,2,'2024-11-18',50,89),
(285,57,144,4,'2024-11-22',109,38),
(286,29,45,2,'2024-04-08',113,55),
(287,194,76,4,'2024-04-27',28,86),
(288,86,117,2,'2024-12-12',105,28),
(289,203,62,4,'2024-11-16',144,10),
(290,235,10,3,'2024-03-06',8,29),
(291,123,57,4,'2024-03-04',34,94),
(292,7,104,4,'2024-06-25',83,13),
(293,41,76,4,'2024-08-10',124,90),
(294,45,88,1,'2024-05-15',39,51),
(295,70,70,1,'2024-01-08',35,25),
(296,202,120,2,'2024-09-03',10,84),
(297,28,77,1,'2024-12-13',98,82),
(298,132,34,4,'2024-09-14',26,43),
(299,43,87,4,'2024-12-02',46,97),
(300,162,147,2,'2024-04-05',157,17),
(301,11,131,4,'2024-01-12',81,68),
(302,178,52,4,'2024-07-22',109,76),
(303,42,103,3,'2024-10-05',50,40),
(304,93,65,3,'2024-12-06',136,82),
(305,156,140,2,'2024-11-26',80,76),
(306,79,93,3,'2024-01-15',48,30),
(307,48,12,2,'2024-11-28',18,45),
(308,197,43,1,'2024-11-10',90,80),
(309,208,86,3,'2024-02-18',99,11),
(310,20,39,2,'2024-05-03',49,18),
(311,95,100,3,'2024-07-25',38,77),
(312,163,42,4,'2024-06-08',162,24),
(313,59,47,2,'2024-01-08',42,71),
(314,104,5,1,'2024-11-05',161,70),
(315,208,147,4,'2024-01-03',122,53),
(316,186,116,4,'2024-03-28',97,20),
(317,48,105,3,'2024-11-01',65,64),
(318,107,41,3,'2024-10-08',124,70),
(319,50,75,3,'2024-10-07',46,62),
(320,63,141,1,'2024-01-06',115,22),
(321,233,23,2,'2024-11-09',65,38),
(322,196,6,1,'2024-10-07',109,12),
(323,51,59,3,'2024-10-06',45,57),
(324,204,105,1,'2024-11-28',171,90),
(325,39,96,4,'2024-01-01',132,37),
(326,204,43,2,'2024-10-09',78,58),
(327,8,63,1,'2024-03-18',17,60),
(328,116,15,2,'2024-02-18',180,91),
(329,155,70,2,'2024-08-11',169,25),
(330,102,55,4,'2024-07-07',93,68),
(331,21,106,3,'2024-11-11',35,75),
(332,193,114,4,'2024-01-16',127,100),
(333,179,57,4,'2024-05-11',7,100),
(334,90,19,2,'2024-05-12',11,20),
(335,84,134,3,'2024-07-19',148,64),
(336,89,105,3,'2024-07-12',133,97),
(337,109,43,3,'2024-04-15',25,88),
(338,159,107,1,'2024-02-01',142,36),
(339,60,73,4,'2024-06-24',144,55),
(340,58,54,4,'2024-04-04',140,87),
(341,135,131,3,'2024-05-21',49,46),
(342,47,13,4,'2024-09-26',111,42),
(343,178,113,1,'2024-01-11',167,56),
(344,207,113,3,'2024-05-27',9,97),
(345,157,149,4,'2024-11-12',37,39),
(346,172,48,1,'2024-11-10',28,94),
(347,171,106,4,'2024-05-16',77,81),
(348,13,47,1,'2024-10-25',81,57),
(349,126,144,4,'2024-08-14',180,40),
(350,26,150,1,'2024-10-14',101,51),
(351,217,77,4,'2024-05-05',170,71),
(352,68,2,2,'2024-04-25',132,59),
(353,138,76,4,'2024-06-07',95,86),
(354,124,91,1,'2024-03-26',26,84),
(355,72,30,4,'2024-02-03',48,48),
(356,162,24,2,'2024-09-27',9,72),
(357,106,15,2,'2024-05-22',112,61),
(358,49,50,4,'2024-09-03',49,18),
(359,246,143,4,'2024-05-26',92,67),
(360,81,86,2,'2024-12-23',52,43),
(361,141,110,1,'2024-01-05',160,94),
(362,95,8,2,'2024-06-04',116,32),
(363,165,140,4,'2024-09-14',134,96),
(364,50,23,1,'2024-08-11',84,57),
(365,99,20,4,'2024-09-03',27,61),
(366,106,129,3,'2024-04-06',102,30),
(367,146,71,4,'2024-07-17',62,23),
(368,90,134,3,'2024-06-07',95,79),
(369,181,74,1,'2024-06-10',50,46),
(370,184,16,2,'2024-05-26',116,46),
(371,208,135,2,'2024-03-17',2,17),
(372,124,63,2,'2024-08-20',2,81),
(373,133,120,4,'2024-09-03',54,77),
(374,3,50,2,'2024-10-11',111,49),
(375,68,81,3,'2024-04-25',130,31),
(376,60,54,2,'2024-01-08',48,12),
(377,140,51,3,'2024-11-10',151,63),
(378,125,105,3,'2024-08-15',150,97),
(379,95,120,2,'2024-04-12',142,10),
(380,107,48,1,'2024-11-17',70,72),
(381,136,121,1,'2024-08-19',145,97),
(382,174,75,3,'2024-06-26',118,30),
(383,152,77,4,'2024-05-19',8,89),
(384,28,7,3,'2024-08-24',176,38),
(385,152,9,4,'2024-04-23',108,49),
(386,202,2,2,'2024-12-21',87,13),
(387,89,61,2,'2024-05-16',31,72),
(388,227,64,3,'2024-11-20',118,44),
(389,36,97,1,'2024-02-27',101,75),
(390,139,65,1,'2024-07-12',136,50),
(391,91,11,3,'2024-06-25',118,50),
(392,241,89,4,'2024-01-22',83,30),
(393,236,8,4,'2024-08-22',140,18),
(394,117,94,2,'2024-07-28',128,32),
(395,13,86,4,'2024-02-15',58,77),
(396,33,111,4,'2024-03-13',48,81),
(397,200,85,2,'2024-11-05',90,25),
(398,38,5,2,'2024-04-21',133,78),
(399,71,25,4,'2024-02-16',150,25),
(400,90,103,2,'2024-02-09',3,94);
INSERT INTO watch_history VALUES
(401,150,101,1,'2024-12-24',8,84),
(402,103,109,4,'2024-03-10',143,43),
(403,186,56,1,'2024-11-08',69,70),
(404,24,47,2,'2024-02-21',147,42),
(405,4,16,2,'2024-02-28',154,14),
(406,16,33,1,'2024-05-04',16,47),
(407,221,37,2,'2024-02-20',17,86),
(408,32,59,2,'2024-10-16',75,74),
(409,194,64,1,'2024-10-14',103,69),
(410,76,35,2,'2024-07-26',110,28),
(411,201,92,2,'2024-03-28',57,41),
(412,205,44,4,'2024-06-15',101,11),
(413,234,148,2,'2024-12-04',168,42),
(414,63,22,2,'2024-05-10',49,27),
(415,235,73,4,'2024-05-01',62,81),
(416,105,134,3,'2024-01-24',2,77),
(417,247,8,2,'2024-02-02',13,29),
(418,46,31,2,'2024-10-28',177,28),
(419,180,139,1,'2024-03-11',61,27),
(420,188,55,1,'2024-06-27',83,35),
(421,166,18,4,'2024-07-20',146,65),
(422,152,137,1,'2024-01-05',20,93),
(423,147,108,3,'2024-10-13',3,88),
(424,147,69,4,'2024-04-15',72,72),
(425,152,120,2,'2024-06-28',142,11),
(426,180,41,1,'2024-01-06',134,27),
(427,149,118,4,'2024-10-21',119,44),
(428,218,150,4,'2024-11-01',108,49),
(429,102,117,2,'2024-04-10',93,59),
(430,239,7,2,'2024-07-20',29,29),
(431,123,97,4,'2024-11-03',92,35),
(432,242,32,4,'2024-08-13',13,65),
(433,202,53,3,'2024-02-11',97,56),
(434,56,133,3,'2024-06-08',56,87),
(435,102,74,4,'2024-09-05',162,38),
(436,20,23,4,'2024-12-24',152,39),
(437,154,144,2,'2024-09-08',127,25),
(438,183,90,4,'2024-01-28',111,47),
(439,58,46,3,'2024-06-28',41,32),
(440,127,149,2,'2024-10-21',22,38),
(441,179,66,1,'2024-09-24',136,80),
(442,241,17,4,'2024-08-25',135,54),
(443,171,132,2,'2024-11-04',93,60),
(444,183,24,1,'2024-08-01',137,29),
(445,215,56,3,'2024-05-05',171,17),
(446,142,124,4,'2024-12-05',17,68),
(447,184,75,3,'2024-03-10',175,92),
(448,45,38,4,'2024-12-26',138,89),
(449,214,119,1,'2024-03-14',66,82),
(450,206,141,4,'2024-01-22',82,22),
(451,151,15,1,'2024-01-14',147,17),
(452,213,14,1,'2024-11-27',121,51),
(453,166,60,1,'2024-06-23',42,65),
(454,215,54,3,'2024-12-20',69,44),
(455,187,130,2,'2024-01-27',32,65),
(456,106,118,4,'2024-11-01',54,40),
(457,48,149,2,'2024-07-04',115,68),
(458,190,49,1,'2024-02-18',28,38),
(459,6,5,2,'2024-02-19',4,83),
(460,140,15,3,'2024-05-04',101,26),
(461,94,106,1,'2024-11-27',41,98),
(462,78,40,4,'2024-03-27',117,61),
(463,93,60,3,'2024-05-01',139,100),
(464,108,33,3,'2024-04-15',65,42),
(465,185,128,2,'2024-10-13',74,55),
(466,91,25,1,'2024-04-08',84,14),
(467,85,18,2,'2024-10-13',172,67),
(468,230,75,2,'2024-04-12',86,13),
(469,81,124,4,'2024-12-11',93,42),
(470,14,94,3,'2024-02-27',88,74),
(471,128,43,1,'2024-03-28',15,59),
(472,181,77,3,'2024-11-28',105,58),
(473,144,85,2,'2024-10-16',99,39),
(474,52,129,1,'2024-10-19',60,59),
(475,174,74,2,'2024-10-10',58,95),
(476,105,141,2,'2024-09-25',52,95),
(477,122,46,4,'2024-03-10',89,36),
(478,147,133,4,'2024-02-05',23,97),
(479,104,83,3,'2024-08-06',149,29),
(480,187,26,2,'2024-07-24',41,87),
(481,175,140,1,'2024-02-25',50,28),
(482,199,80,1,'2024-03-11',166,19),
(483,78,47,4,'2024-06-02',27,10),
(484,228,120,1,'2024-09-05',9,36),
(485,22,107,4,'2024-04-04',19,18),
(486,52,71,4,'2024-05-08',77,47),
(487,244,75,2,'2024-10-10',76,32),
(488,180,81,2,'2024-01-15',108,78),
(489,168,78,3,'2024-05-15',137,97),
(490,144,93,3,'2024-01-27',12,96),
(491,174,27,3,'2024-10-28',164,96),
(492,30,134,3,'2024-01-07',6,91),
(493,173,122,2,'2024-08-05',112,61),
(494,34,140,4,'2024-10-11',139,47),
(495,150,39,1,'2024-12-15',124,28),
(496,219,108,3,'2024-06-22',37,66),
(497,216,20,3,'2024-11-13',151,78),
(498,218,91,4,'2024-01-07',21,26),
(499,15,125,2,'2024-10-21',103,68),
(500,6,143,1,'2024-06-09',155,58),
(501,193,129,3,'2024-05-10',81,97),
(502,80,114,3,'2024-11-21',18,64),
(503,60,52,3,'2024-04-21',76,35),
(504,23,146,3,'2024-04-06',171,36),
(505,179,38,2,'2024-12-17',46,32),
(506,75,102,2,'2024-06-05',47,41),
(507,166,85,2,'2024-08-16',87,40),
(508,111,117,1,'2024-01-15',67,76),
(509,10,120,2,'2024-07-16',56,23),
(510,196,32,3,'2024-01-03',24,42),
(511,115,23,3,'2024-06-07',47,85),
(512,226,58,4,'2024-03-18',48,60),
(513,186,18,3,'2024-11-12',51,88),
(514,221,77,3,'2024-04-05',17,60),
(515,46,93,1,'2024-07-23',70,72),
(516,97,68,3,'2024-06-25',14,40),
(517,106,37,3,'2024-12-01',11,37),
(518,128,56,4,'2024-01-10',13,44),
(519,158,107,2,'2024-07-28',118,21),
(520,160,147,4,'2024-04-15',90,90),
(521,193,133,4,'2024-03-25',77,60),
(522,50,1,1,'2024-09-25',172,100),
(523,71,123,2,'2024-01-28',158,93),
(524,78,105,3,'2024-08-21',6,81),
(525,122,58,1,'2024-07-26',33,22),
(526,36,92,2,'2024-08-24',41,15),
(527,8,79,4,'2024-03-20',144,65),
(528,75,150,1,'2024-06-10',129,30),
(529,123,116,3,'2024-06-16',62,28),
(530,191,99,1,'2024-12-10',66,70),
(531,162,94,1,'2024-06-19',69,60),
(532,98,134,4,'2024-07-17',144,21),
(533,239,147,1,'2024-04-18',114,55),
(534,100,124,4,'2024-05-28',117,37),
(535,107,74,3,'2024-02-13',108,37),
(536,39,117,1,'2024-11-28',28,23),
(537,161,140,4,'2024-02-17',8,71),
(538,34,38,1,'2024-08-16',86,73),
(539,228,6,3,'2024-04-17',48,24),
(540,233,5,3,'2024-10-11',118,78),
(541,157,144,1,'2024-12-05',166,83),
(542,96,54,1,'2024-02-26',84,92),
(543,178,39,1,'2024-12-14',20,74),
(544,55,68,1,'2024-12-20',99,86),
(545,68,55,3,'2024-11-12',73,89),
(546,34,29,1,'2024-04-07',165,59),
(547,159,91,1,'2024-08-19',72,65),
(548,134,68,3,'2024-12-21',28,97),
(549,201,68,2,'2024-02-06',37,54),
(550,233,49,3,'2024-04-20',34,94),
(551,76,44,2,'2024-05-08',115,53),
(552,43,88,3,'2024-12-27',142,72),
(553,127,125,4,'2024-10-06',83,43),
(554,71,42,2,'2024-04-09',125,44),
(555,233,52,2,'2024-06-07',83,29),
(556,168,133,2,'2024-12-19',143,100),
(557,83,36,2,'2024-02-18',36,92),
(558,166,135,3,'2024-04-13',101,87),
(559,159,105,3,'2024-10-18',45,13),
(560,65,108,4,'2024-01-09',112,20),
(561,158,3,2,'2024-02-04',68,50),
(562,238,128,1,'2024-08-01',78,83),
(563,41,143,1,'2024-02-05',9,91),
(564,107,24,2,'2024-11-19',170,95),
(565,172,105,1,'2024-10-21',159,87),
(566,165,72,1,'2024-03-13',23,79),
(567,73,129,1,'2024-05-22',119,66),
(568,97,25,1,'2024-04-01',78,36),
(569,203,98,2,'2024-04-11',25,72),
(570,248,11,3,'2024-06-11',140,58),
(571,13,66,3,'2024-07-18',141,76),
(572,87,106,1,'2024-08-15',178,10),
(573,16,131,3,'2024-06-28',127,80),
(574,229,14,1,'2024-02-08',149,33),
(575,59,74,4,'2024-02-22',144,92),
(576,220,139,3,'2024-04-05',130,42),
(577,190,29,4,'2024-04-26',65,70),
(578,20,132,2,'2024-05-22',66,29),
(579,59,110,2,'2024-10-18',60,76),
(580,237,120,2,'2024-02-25',153,64),
(581,26,33,1,'2024-04-06',67,50),
(582,148,32,3,'2024-11-19',155,67),
(583,117,99,1,'2024-02-07',162,97),
(584,96,128,3,'2024-10-10',95,37),
(585,218,77,2,'2024-08-18',165,51),
(586,192,78,1,'2024-05-25',47,45),
(587,107,34,2,'2024-09-10',82,35),
(588,99,13,4,'2024-03-24',24,54),
(589,209,80,3,'2024-11-06',165,27),
(590,155,73,3,'2024-04-16',95,84),
(591,141,123,1,'2024-10-14',46,59),
(592,9,106,1,'2024-09-14',88,25),
(593,63,7,3,'2024-09-23',27,82),
(594,206,23,2,'2024-06-09',100,46),
(595,140,114,4,'2024-01-02',146,85),
(596,168,69,1,'2024-04-02',67,23),
(597,114,148,4,'2024-09-23',165,22),
(598,30,52,3,'2024-05-11',6,97),
(599,60,135,3,'2024-11-06',2,34),
(600,58,64,3,'2024-10-04',104,47);
INSERT INTO watch_history VALUES
(601,176,136,4,'2024-06-20',122,40),
(602,224,121,3,'2024-12-11',21,98),
(603,160,98,2,'2024-11-02',157,65),
(604,131,108,1,'2024-04-19',20,70),
(605,40,14,1,'2024-07-10',12,60),
(606,44,8,4,'2024-01-09',11,79),
(607,84,128,2,'2024-03-18',160,81),
(608,215,124,1,'2024-08-07',121,41),
(609,182,13,3,'2024-08-01',149,99),
(610,131,8,4,'2024-08-08',114,17),
(611,52,42,4,'2024-07-15',145,91),
(612,166,91,2,'2024-08-23',132,97),
(613,219,48,3,'2024-12-12',24,66),
(614,162,23,2,'2024-07-27',138,39),
(615,187,105,2,'2024-09-04',51,83),
(616,138,22,3,'2024-03-07',149,82),
(617,136,50,3,'2024-05-13',89,38),
(618,159,43,4,'2024-09-04',76,89),
(619,45,27,1,'2024-04-22',64,100),
(620,204,114,1,'2024-09-10',86,66),
(621,174,8,2,'2024-12-22',15,24),
(622,144,62,3,'2024-11-23',146,53),
(623,153,61,2,'2024-04-10',85,23),
(624,106,106,4,'2024-02-05',106,10),
(625,94,6,2,'2024-10-26',108,49),
(626,229,47,3,'2024-07-14',113,45),
(627,207,30,2,'2024-11-05',55,56),
(628,132,15,4,'2024-10-01',165,56),
(629,128,15,2,'2024-08-15',47,21),
(630,66,68,3,'2024-04-18',108,35),
(631,21,48,1,'2024-07-05',152,68),
(632,67,104,3,'2024-08-10',159,87),
(633,59,143,4,'2024-10-15',134,40),
(634,55,109,3,'2024-10-18',41,100),
(635,74,112,3,'2024-07-12',157,99),
(636,184,41,3,'2024-01-11',85,31),
(637,205,142,2,'2024-06-27',88,44),
(638,99,117,3,'2024-07-07',45,99),
(639,138,83,2,'2024-10-09',63,73),
(640,83,19,1,'2024-01-25',77,80),
(641,80,115,3,'2024-12-28',36,95),
(642,17,141,2,'2024-05-16',52,10),
(643,109,65,2,'2024-05-17',74,81),
(644,198,147,4,'2024-08-07',180,46),
(645,240,124,4,'2024-06-03',60,50),
(646,169,33,2,'2024-08-25',148,53),
(647,71,53,4,'2024-10-18',150,94),
(648,16,13,2,'2024-10-05',43,67),
(649,133,54,3,'2024-10-27',103,14),
(650,216,51,2,'2024-11-07',40,36),
(651,24,12,3,'2024-07-14',156,41),
(652,234,15,1,'2024-04-03',17,93),
(653,124,89,2,'2024-12-06',27,16),
(654,77,26,2,'2024-01-20',27,64),
(655,142,101,3,'2024-08-08',104,100),
(656,135,52,4,'2024-06-11',108,26),
(657,18,141,3,'2024-07-25',129,10),
(658,164,70,4,'2024-04-14',96,94),
(659,211,14,1,'2024-01-21',99,21),
(660,207,131,2,'2024-07-12',98,46),
(661,168,15,4,'2024-02-22',180,96),
(662,240,124,2,'2024-02-27',173,34),
(663,137,8,1,'2024-11-22',42,82),
(664,53,135,4,'2024-12-11',11,28),
(665,61,124,2,'2024-10-08',145,88),
(666,167,144,4,'2024-08-18',126,83),
(667,218,139,2,'2024-03-14',117,16),
(668,176,3,2,'2024-02-26',174,76),
(669,174,118,3,'2024-09-23',131,99),
(670,159,47,2,'2024-08-25',42,60),
(671,240,40,4,'2024-03-25',126,50),
(672,86,49,2,'2024-01-06',159,64),
(673,168,117,3,'2024-03-19',153,34),
(674,88,106,1,'2024-08-23',89,10),
(675,216,72,4,'2024-09-16',128,92),
(676,27,77,1,'2024-02-19',171,78),
(677,78,28,3,'2024-06-15',11,24),
(678,64,64,1,'2024-08-28',173,75),
(679,41,116,4,'2024-04-07',36,60),
(680,115,135,3,'2024-09-26',180,39),
(681,12,44,1,'2024-09-22',158,96),
(682,96,65,3,'2024-05-02',49,18),
(683,73,28,1,'2024-07-03',32,33),
(684,250,107,1,'2024-07-02',93,11),
(685,45,50,1,'2024-05-14',13,95),
(686,178,108,4,'2024-09-11',164,86),
(687,121,115,1,'2024-05-02',12,94),
(688,101,75,3,'2024-08-09',129,12),
(689,250,141,2,'2024-04-08',101,63),
(690,110,115,3,'2024-03-01',32,60),
(691,116,122,4,'2024-06-06',41,82),
(692,32,128,2,'2024-05-13',176,75),
(693,128,65,1,'2024-09-11',45,88),
(694,162,14,4,'2024-04-11',85,60),
(695,109,58,3,'2024-03-16',152,11),
(696,194,15,2,'2024-08-01',43,46),
(697,197,31,2,'2024-08-20',110,83),
(698,249,82,3,'2024-01-18',62,62),
(699,40,8,3,'2024-04-06',59,43),
(700,156,87,4,'2024-02-21',145,73),
(701,198,23,2,'2024-01-05',10,65),
(702,202,6,3,'2024-03-28',113,14),
(703,158,143,2,'2024-11-21',165,86),
(704,16,35,3,'2024-01-13',20,77),
(705,173,7,3,'2024-03-17',156,97),
(706,104,137,3,'2024-01-25',115,72),
(707,30,133,1,'2024-07-28',123,90),
(708,219,54,4,'2024-11-28',88,46),
(709,235,110,1,'2024-10-10',14,89),
(710,13,107,1,'2024-02-09',164,100),
(711,4,101,3,'2024-02-26',128,87),
(712,29,12,2,'2024-06-27',162,12),
(713,220,2,2,'2024-02-10',117,70),
(714,24,129,3,'2024-11-26',87,89),
(715,43,8,2,'2024-05-07',120,47),
(716,39,16,2,'2024-01-01',92,89),
(717,226,58,1,'2024-03-07',95,61),
(718,152,136,4,'2024-04-13',57,55),
(719,111,127,3,'2024-07-25',1,19),
(720,63,7,1,'2024-07-23',179,69),
(721,19,62,4,'2024-09-11',25,89),
(722,204,40,2,'2024-07-10',109,19),
(723,166,59,1,'2024-12-08',5,68),
(724,114,18,2,'2024-04-14',129,37),
(725,137,71,4,'2024-08-28',177,41),
(726,184,77,2,'2024-06-25',50,23),
(727,231,46,4,'2024-12-09',130,49),
(728,149,69,4,'2024-06-23',81,96),
(729,147,122,4,'2024-06-27',149,80),
(730,127,147,2,'2024-06-02',127,81),
(731,156,139,3,'2024-10-27',77,33),
(732,9,24,4,'2024-08-13',81,44),
(733,58,124,4,'2024-12-13',115,37),
(734,209,43,3,'2024-07-01',17,92),
(735,156,124,1,'2024-08-21',70,30),
(736,223,133,3,'2024-06-14',43,49),
(737,245,84,1,'2024-08-17',61,56),
(738,107,37,1,'2024-06-12',66,21),
(739,176,131,2,'2024-04-22',89,94),
(740,216,110,4,'2024-02-13',129,27),
(741,124,109,2,'2024-04-02',53,74),
(742,101,146,1,'2024-10-04',95,46),
(743,181,113,4,'2024-05-19',178,19),
(744,47,88,3,'2024-09-19',138,64),
(745,86,91,1,'2024-11-13',50,60),
(746,221,71,1,'2024-06-04',87,26),
(747,103,105,4,'2024-12-05',31,74),
(748,192,51,3,'2024-08-22',3,56),
(749,83,64,2,'2024-07-18',169,73),
(750,57,44,2,'2024-03-14',135,83),
(751,55,64,4,'2024-08-19',29,66),
(752,75,28,1,'2024-04-02',16,18),
(753,84,55,3,'2024-07-23',180,11),
(754,215,13,4,'2024-01-14',128,36),
(755,53,45,1,'2024-02-22',127,24),
(756,144,85,1,'2024-07-06',168,61),
(757,186,117,3,'2024-07-19',61,34),
(758,248,89,1,'2024-01-16',73,33),
(759,30,143,1,'2024-06-08',103,48),
(760,200,70,4,'2024-05-15',62,12),
(761,228,146,2,'2024-03-07',107,93),
(762,49,72,3,'2024-07-12',98,34),
(763,168,127,4,'2024-12-24',61,91),
(764,188,143,1,'2024-06-27',155,81),
(765,146,29,2,'2024-08-05',22,56),
(766,17,95,2,'2024-03-03',86,76),
(767,185,37,2,'2024-02-11',103,99),
(768,51,116,2,'2024-11-19',28,79),
(769,89,104,2,'2024-08-16',176,58),
(770,186,118,2,'2024-11-28',160,27),
(771,207,46,4,'2024-05-01',175,75),
(772,86,141,3,'2024-08-09',22,58),
(773,115,67,2,'2024-02-22',48,58),
(774,229,144,3,'2024-10-06',13,86),
(775,203,132,3,'2024-01-06',129,80),
(776,62,4,2,'2024-07-25',32,55),
(777,193,4,3,'2024-04-19',74,29),
(778,13,144,1,'2024-10-03',118,45),
(779,231,67,3,'2024-02-14',76,78),
(780,122,50,4,'2024-07-12',127,91),
(781,237,79,1,'2024-11-13',152,62),
(782,170,52,2,'2024-03-01',11,44),
(783,219,118,2,'2024-02-08',175,73),
(784,95,10,1,'2024-11-22',174,75),
(785,5,27,3,'2024-08-09',20,92),
(786,41,88,2,'2024-09-08',152,68),
(787,85,17,3,'2024-08-03',1,19),
(788,26,26,2,'2024-02-14',149,98),
(789,17,73,2,'2024-03-16',143,12),
(790,57,124,3,'2024-05-18',83,45),
(791,25,20,1,'2024-02-19',51,36),
(792,29,64,1,'2024-05-04',9,54),
(793,208,3,3,'2024-11-09',165,20),
(794,33,78,1,'2024-09-12',155,26),
(795,247,130,1,'2024-09-19',162,17),
(796,200,121,2,'2024-01-14',23,11),
(797,119,18,1,'2024-04-06',65,18),
(798,172,106,3,'2024-07-09',127,46),
(799,106,130,3,'2024-09-24',40,73),
(800,38,28,2,'2024-08-02',92,99);
INSERT INTO watch_history VALUES
(801,223,85,3,'2024-02-17',90,35),
(802,146,42,2,'2024-12-23',95,88),
(803,4,118,4,'2024-12-22',75,84),
(804,64,29,1,'2024-01-08',52,93),
(805,175,64,1,'2024-03-02',111,47),
(806,158,124,4,'2024-06-08',159,83),
(807,123,41,2,'2024-06-25',170,98),
(808,108,134,1,'2024-10-11',145,98),
(809,203,99,4,'2024-05-08',91,50),
(810,41,62,3,'2024-07-03',162,13),
(811,156,22,1,'2024-11-06',137,82),
(812,161,54,3,'2024-12-27',122,26),
(813,12,119,1,'2024-10-23',1,70),
(814,216,22,2,'2024-04-13',29,28),
(815,98,145,2,'2024-10-28',111,23),
(816,44,93,2,'2024-01-15',93,85),
(817,229,93,4,'2024-10-13',76,79),
(818,162,57,4,'2024-05-19',116,63),
(819,36,87,4,'2024-11-01',179,95),
(820,166,18,1,'2024-01-17',44,43),
(821,64,43,4,'2024-07-21',44,58),
(822,155,54,1,'2024-01-15',98,79),
(823,198,24,1,'2024-08-24',131,93),
(824,229,58,2,'2024-02-18',87,54),
(825,244,142,3,'2024-02-17',53,26),
(826,213,111,1,'2024-09-11',11,32),
(827,119,139,4,'2024-11-10',78,53),
(828,202,128,4,'2024-05-28',102,39),
(829,198,48,1,'2024-12-11',76,78),
(830,200,150,1,'2024-07-26',41,85),
(831,86,110,1,'2024-01-25',102,56),
(832,108,126,3,'2024-06-05',81,14),
(833,18,18,3,'2024-11-18',20,44),
(834,81,136,1,'2024-09-04',178,40),
(835,165,107,1,'2024-06-12',8,38),
(836,73,142,1,'2024-10-10',112,64),
(837,119,141,3,'2024-01-06',102,42),
(838,113,85,3,'2024-04-20',148,58),
(839,195,141,4,'2024-07-08',52,16),
(840,10,46,1,'2024-02-21',179,61),
(841,64,86,1,'2024-02-13',48,86),
(842,241,135,2,'2024-05-13',29,83),
(843,183,3,4,'2024-10-03',66,71),
(844,107,132,3,'2024-08-20',111,62),
(845,40,80,3,'2024-08-15',67,32),
(846,183,92,2,'2024-01-05',94,14),
(847,235,1,2,'2024-01-03',56,61),
(848,228,134,1,'2024-05-05',24,44),
(849,28,127,2,'2024-04-04',33,12),
(850,2,1,1,'2024-07-12',31,37),
(851,103,142,4,'2024-06-07',4,60),
(852,112,129,4,'2024-01-24',150,24),
(853,168,95,2,'2024-08-21',150,90),
(854,178,22,1,'2024-02-16',44,50),
(855,8,47,3,'2024-10-17',167,21),
(856,18,35,1,'2024-08-28',17,93),
(857,13,140,1,'2024-12-03',103,17),
(858,212,67,3,'2024-09-02',41,46),
(859,192,71,1,'2024-03-03',102,54),
(860,39,72,3,'2024-04-19',173,76),
(861,41,60,1,'2024-02-02',8,67),
(862,110,121,4,'2024-02-05',21,98),
(863,155,113,2,'2024-10-25',12,32),
(864,127,32,1,'2024-08-19',111,81),
(865,25,120,2,'2024-09-27',120,38),
(866,180,108,3,'2024-05-26',154,63),
(867,31,75,1,'2024-03-15',129,58),
(868,78,117,3,'2024-08-19',20,25),
(869,151,46,3,'2024-01-12',39,19),
(870,30,120,2,'2024-04-28',127,47),
(871,163,118,4,'2024-08-14',149,91),
(872,86,71,1,'2024-07-24',57,48),
(873,11,68,3,'2024-01-05',151,18),
(874,33,72,3,'2024-12-22',31,66),
(875,170,100,3,'2024-02-01',178,77),
(876,90,127,1,'2024-10-04',127,44),
(877,163,20,1,'2024-04-04',28,86),
(878,112,76,4,'2024-03-10',8,69),
(879,42,23,3,'2024-12-19',176,30),
(880,45,27,2,'2024-02-07',94,64),
(881,193,63,2,'2024-05-14',174,33),
(882,230,14,2,'2024-05-10',67,10),
(883,136,130,3,'2024-10-27',109,70),
(884,105,88,1,'2024-03-09',120,23),
(885,168,95,1,'2024-04-10',112,83),
(886,207,15,3,'2024-06-16',103,16),
(887,5,146,2,'2024-01-01',178,31),
(888,158,68,4,'2024-05-07',98,34),
(889,25,40,1,'2024-03-20',98,92),
(890,81,56,1,'2024-07-01',26,57),
(891,219,83,4,'2024-06-01',77,41),
(892,89,60,1,'2024-07-20',53,12),
(893,74,62,2,'2024-06-21',174,84),
(894,128,108,1,'2024-08-21',11,33),
(895,69,71,2,'2024-02-18',97,98),
(896,21,3,2,'2024-02-02',125,94),
(897,100,138,2,'2024-07-11',45,75),
(898,45,14,2,'2024-03-02',21,14),
(899,219,72,2,'2024-02-07',58,40),
(900,135,80,4,'2024-09-07',163,30),
(901,98,49,2,'2024-07-14',142,81),
(902,229,69,2,'2024-01-24',100,88),
(903,148,30,3,'2024-03-10',10,99),
(904,224,35,2,'2024-07-25',57,25),
(905,10,150,4,'2024-09-02',79,48),
(906,75,33,4,'2024-03-09',112,76),
(907,215,30,2,'2024-09-05',48,84),
(908,237,91,3,'2024-08-25',80,61),
(909,144,91,3,'2024-07-08',80,28),
(910,135,29,3,'2024-06-23',155,87),
(911,40,125,1,'2024-06-20',38,35),
(912,25,131,1,'2024-06-25',131,10),
(913,125,122,2,'2024-01-11',63,21),
(914,204,73,3,'2024-05-27',45,76),
(915,203,66,2,'2024-01-05',154,52),
(916,70,93,2,'2024-06-22',127,53),
(917,89,74,3,'2024-02-21',21,52),
(918,171,140,4,'2024-05-13',177,57),
(919,97,22,1,'2024-07-09',165,84),
(920,176,47,3,'2024-09-19',159,71),
(921,67,105,4,'2024-10-27',96,80),
(922,217,99,4,'2024-07-12',74,100),
(923,133,150,3,'2024-10-06',106,14),
(924,51,78,1,'2024-01-06',141,28),
(925,66,145,3,'2024-09-10',150,52),
(926,214,60,1,'2024-08-21',24,30),
(927,231,39,4,'2024-12-25',158,36),
(928,105,74,3,'2024-03-10',130,46),
(929,106,99,4,'2024-10-23',92,13),
(930,63,124,4,'2024-05-17',144,32),
(931,97,79,2,'2024-09-26',53,66),
(932,18,136,1,'2024-09-22',77,14),
(933,232,92,2,'2024-11-11',180,67),
(934,225,128,3,'2024-09-25',149,50),
(935,203,93,2,'2024-04-22',151,22),
(936,71,48,3,'2024-09-24',49,10),
(937,84,75,4,'2024-07-17',140,59),
(938,242,29,4,'2024-08-04',37,57),
(939,23,13,1,'2024-07-09',157,60),
(940,186,45,3,'2024-02-17',17,85),
(941,79,107,2,'2024-12-20',77,43),
(942,182,15,4,'2024-05-08',98,17),
(943,27,139,3,'2024-01-14',110,62),
(944,1,29,1,'2024-10-26',47,34),
(945,241,82,2,'2024-05-20',73,19),
(946,45,82,2,'2024-02-14',172,25),
(947,78,104,1,'2024-08-27',176,83),
(948,244,78,2,'2024-09-10',36,28),
(949,70,47,4,'2024-04-09',106,46),
(950,158,41,4,'2024-07-07',50,60),
(951,40,107,3,'2024-09-28',55,21),
(952,178,11,3,'2024-09-20',39,82),
(953,177,75,1,'2024-07-04',180,26),
(954,59,59,4,'2024-08-11',114,36),
(955,76,73,4,'2024-02-27',28,11),
(956,215,87,1,'2024-06-19',89,90),
(957,96,132,4,'2024-01-19',156,70),
(958,37,112,1,'2024-05-25',53,45),
(959,210,149,2,'2024-02-27',118,82),
(960,156,13,1,'2024-10-24',11,77),
(961,87,88,1,'2024-03-07',125,64),
(962,75,45,4,'2024-08-11',65,75),
(963,108,147,2,'2024-06-06',162,80),
(964,37,83,4,'2024-08-24',38,65),
(965,204,106,1,'2024-05-10',112,99),
(966,24,65,2,'2024-01-26',172,40),
(967,55,68,3,'2024-02-05',54,47),
(968,175,103,3,'2024-09-04',2,85),
(969,66,94,2,'2024-10-16',51,17),
(970,3,120,2,'2024-04-24',158,16),
(971,146,126,3,'2024-10-03',69,11),
(972,193,49,1,'2024-11-16',146,95),
(973,47,31,3,'2024-02-16',105,43),
(974,152,70,4,'2024-07-21',34,57),
(975,231,97,3,'2024-06-23',149,84),
(976,142,77,4,'2024-10-26',98,47),
(977,120,71,3,'2024-07-04',177,77),
(978,218,126,2,'2024-07-09',121,91),
(979,110,4,1,'2024-07-20',113,51),
(980,237,77,4,'2024-04-22',133,68),
(981,176,123,2,'2024-04-01',100,50),
(982,2,82,3,'2024-07-20',104,71),
(983,96,140,4,'2024-06-21',134,15),
(984,29,147,4,'2024-06-15',97,52),
(985,213,62,2,'2024-07-21',119,95),
(986,179,96,4,'2024-07-04',101,66),
(987,108,99,1,'2024-11-03',151,14),
(988,185,31,1,'2024-07-13',71,40),
(989,182,67,4,'2024-06-28',62,95),
(990,145,68,2,'2024-02-25',125,13),
(991,157,5,1,'2024-05-27',57,56),
(992,182,42,4,'2024-04-23',10,86),
(993,33,99,4,'2024-11-09',171,93),
(994,209,102,1,'2024-03-04',138,58),
(995,224,14,2,'2024-07-17',25,70),
(996,117,141,1,'2024-10-04',6,10),
(997,31,105,4,'2024-04-23',143,20),
(998,43,113,2,'2024-03-13',144,100),
(999,164,70,1,'2024-05-21',172,25),
(1000,237,67,2,'2024-01-08',45,83);
INSERT INTO watch_history VALUES
(1001,28,109,1,'2024-05-12',159,46),
(1002,54,35,1,'2024-09-26',2,44),
(1003,57,131,1,'2024-04-14',58,75),
(1004,74,141,3,'2024-03-10',73,79),
(1005,111,130,2,'2024-02-01',22,55),
(1006,10,11,4,'2024-01-20',20,80),
(1007,76,108,1,'2024-01-03',10,19),
(1008,72,44,3,'2024-04-11',71,98),
(1009,112,64,2,'2024-06-19',40,17),
(1010,102,80,3,'2024-03-11',6,95),
(1011,198,136,4,'2024-06-05',5,50),
(1012,50,64,4,'2024-11-10',158,14),
(1013,125,146,1,'2024-11-24',110,59),
(1014,152,115,4,'2024-04-20',54,72),
(1015,23,73,3,'2024-07-26',12,86),
(1016,213,56,2,'2024-10-24',81,33),
(1017,75,133,3,'2024-08-14',137,90),
(1018,166,134,2,'2024-02-10',34,16),
(1019,243,2,2,'2024-01-18',116,79),
(1020,223,131,2,'2024-07-12',78,60),
(1021,87,76,1,'2024-04-23',37,20),
(1022,70,120,2,'2024-09-12',39,46),
(1023,126,67,2,'2024-12-12',137,86),
(1024,162,11,1,'2024-09-17',144,86),
(1025,151,60,4,'2024-09-07',169,34),
(1026,222,119,4,'2024-01-15',154,16),
(1027,105,38,1,'2024-12-19',175,89),
(1028,99,119,4,'2024-11-09',52,34),
(1029,218,87,2,'2024-02-28',12,85),
(1030,60,2,4,'2024-03-03',149,73),
(1031,221,49,1,'2024-05-13',111,82),
(1032,81,61,1,'2024-10-02',77,39),
(1033,151,1,1,'2024-08-15',87,78),
(1034,101,14,1,'2024-06-13',31,79),
(1035,155,147,2,'2024-02-06',53,33),
(1036,53,76,3,'2024-12-18',32,44),
(1037,69,15,3,'2024-02-08',167,23),
(1038,151,117,1,'2024-11-28',120,19),
(1039,184,3,4,'2024-01-24',156,52),
(1040,154,7,3,'2024-12-25',22,52),
(1041,232,7,3,'2024-02-07',2,36),
(1042,186,69,2,'2024-08-24',73,94),
(1043,165,17,1,'2024-06-16',132,51),
(1044,138,61,2,'2024-05-25',61,78),
(1045,250,38,4,'2024-04-22',143,62),
(1046,139,52,1,'2024-12-12',56,54),
(1047,157,59,2,'2024-11-16',154,27),
(1048,182,71,3,'2024-02-02',83,94),
(1049,54,98,4,'2024-10-02',43,76),
(1050,141,102,2,'2024-08-20',7,18),
(1051,141,28,1,'2024-07-27',34,29),
(1052,55,133,1,'2024-09-09',115,55),
(1053,74,4,2,'2024-12-06',76,30),
(1054,108,67,3,'2024-03-21',20,80),
(1055,32,88,2,'2024-05-15',32,29),
(1056,120,31,3,'2024-03-22',79,37),
(1057,32,72,1,'2024-04-01',130,69),
(1058,97,134,4,'2024-04-21',110,60),
(1059,104,14,1,'2024-07-02',164,81),
(1060,152,88,2,'2024-06-03',73,45),
(1061,54,10,3,'2024-04-01',40,63),
(1062,157,128,2,'2024-02-27',5,64),
(1063,98,119,4,'2024-09-15',54,18),
(1064,38,17,1,'2024-11-04',79,32),
(1065,56,9,3,'2024-08-21',18,50),
(1066,247,42,3,'2024-11-18',12,52),
(1067,232,6,1,'2024-07-13',119,16),
(1068,119,116,1,'2024-03-10',48,93),
(1069,63,44,3,'2024-08-27',21,15),
(1070,150,52,3,'2024-08-26',31,19),
(1071,145,109,1,'2024-03-14',81,12),
(1072,45,84,3,'2024-02-06',58,95),
(1073,11,83,3,'2024-06-22',60,25),
(1074,142,94,3,'2024-02-01',138,55),
(1075,137,113,3,'2024-05-05',154,50),
(1076,1,141,1,'2024-02-02',110,86),
(1077,50,23,4,'2024-06-10',11,29),
(1078,127,33,3,'2024-02-28',29,82),
(1079,249,60,1,'2024-12-08',73,55),
(1080,227,5,3,'2024-08-21',87,35),
(1081,72,3,4,'2024-03-27',64,76),
(1082,41,72,1,'2024-11-14',139,19),
(1083,17,138,4,'2024-06-24',14,27),
(1084,231,75,3,'2024-11-08',165,32),
(1085,67,6,4,'2024-04-02',62,38),
(1086,151,102,4,'2024-03-14',173,80),
(1087,248,73,2,'2024-04-11',48,98),
(1088,77,125,4,'2024-05-02',163,82),
(1089,119,138,1,'2024-12-15',111,91),
(1090,61,80,4,'2024-08-16',83,100),
(1091,112,130,1,'2024-02-28',113,17),
(1092,115,110,2,'2024-07-11',81,61),
(1093,33,135,4,'2024-02-19',99,12),
(1094,25,73,2,'2024-01-27',59,44),
(1095,6,108,3,'2024-05-04',172,19),
(1096,56,35,1,'2024-02-03',169,21),
(1097,61,88,1,'2024-05-19',50,54),
(1098,239,80,2,'2024-11-11',43,60),
(1099,14,35,3,'2024-12-18',13,70),
(1100,194,71,3,'2024-04-16',52,60),
(1101,16,109,4,'2024-01-01',168,76),
(1102,108,86,3,'2024-01-21',48,91),
(1103,153,144,1,'2024-05-18',42,15),
(1104,97,18,4,'2024-02-27',1,98),
(1105,231,61,4,'2024-11-13',113,36),
(1106,123,135,3,'2024-04-25',7,65),
(1107,54,118,1,'2024-12-19',164,60),
(1108,149,124,1,'2024-01-24',25,45),
(1109,227,145,4,'2024-09-25',39,93),
(1110,223,88,4,'2024-10-28',81,60),
(1111,207,56,1,'2024-09-14',96,82),
(1112,205,104,2,'2024-04-04',33,95),
(1113,30,56,2,'2024-04-26',176,12),
(1114,26,79,2,'2024-05-20',30,13),
(1115,99,92,2,'2024-04-01',105,98),
(1116,133,40,1,'2024-12-28',58,89),
(1117,183,70,3,'2024-04-14',18,46),
(1118,210,115,4,'2024-03-24',16,61),
(1119,118,97,2,'2024-01-15',150,41),
(1120,184,16,4,'2024-12-10',133,11),
(1121,95,147,2,'2024-06-10',33,87),
(1122,220,25,1,'2024-05-06',152,27),
(1123,239,69,2,'2024-01-08',28,99),
(1124,97,53,3,'2024-02-27',67,66),
(1125,89,51,2,'2024-04-07',56,35),
(1126,169,40,2,'2024-10-06',51,64),
(1127,71,150,1,'2024-09-07',90,40),
(1128,169,34,4,'2024-05-22',95,51),
(1129,11,108,4,'2024-01-28',149,94),
(1130,172,120,4,'2024-12-23',134,15),
(1131,26,45,4,'2024-12-15',130,82),
(1132,74,110,2,'2024-06-12',176,91),
(1133,43,150,2,'2024-08-20',72,96),
(1134,153,128,2,'2024-08-28',152,89),
(1135,116,116,4,'2024-04-09',18,10),
(1136,143,64,1,'2024-04-27',170,31),
(1137,74,102,1,'2024-06-08',5,19),
(1138,50,55,2,'2024-03-27',76,16),
(1139,178,61,3,'2024-11-05',52,35),
(1140,243,52,1,'2024-04-11',169,79),
(1141,45,96,2,'2024-08-13',117,10),
(1142,114,16,1,'2024-11-06',70,32),
(1143,223,131,2,'2024-12-07',26,56),
(1144,110,107,1,'2024-02-28',83,37),
(1145,54,84,3,'2024-08-05',60,79),
(1146,112,17,1,'2024-04-22',131,92),
(1147,178,6,1,'2024-12-26',175,41),
(1148,186,57,1,'2024-10-08',69,50),
(1149,138,22,3,'2024-11-27',115,67),
(1150,16,64,4,'2024-12-01',76,38),
(1151,134,36,4,'2024-12-03',143,66),
(1152,203,52,4,'2024-11-19',98,83),
(1153,42,129,2,'2024-08-28',76,22),
(1154,239,99,2,'2024-09-28',159,63),
(1155,22,57,2,'2024-10-04',51,40),
(1156,117,84,4,'2024-10-21',108,77),
(1157,75,123,1,'2024-06-22',29,64),
(1158,191,66,4,'2024-12-02',150,97),
(1159,197,30,3,'2024-07-03',75,40),
(1160,55,75,2,'2024-12-12',19,72),
(1161,210,9,2,'2024-04-27',136,36),
(1162,109,108,3,'2024-08-26',121,69),
(1163,80,31,1,'2024-10-27',155,54),
(1164,95,111,3,'2024-11-22',166,54),
(1165,126,123,4,'2024-09-27',29,88),
(1166,163,26,2,'2024-09-13',87,78),
(1167,157,45,3,'2024-09-12',103,46),
(1168,221,133,2,'2024-06-05',47,66),
(1169,137,8,1,'2024-04-19',116,32),
(1170,179,14,2,'2024-10-19',137,27),
(1171,151,115,4,'2024-11-26',90,63),
(1172,163,114,2,'2024-02-05',18,37),
(1173,105,42,2,'2024-06-09',61,50),
(1174,118,130,1,'2024-05-19',88,34),
(1175,59,26,2,'2024-02-22',148,78),
(1176,35,136,2,'2024-02-20',4,42),
(1177,248,128,2,'2024-02-24',92,12),
(1178,51,44,2,'2024-01-22',28,57),
(1179,216,101,2,'2024-12-21',37,93),
(1180,172,130,2,'2024-06-18',34,25),
(1181,172,60,1,'2024-10-13',179,95),
(1182,96,15,4,'2024-02-01',137,59),
(1183,80,59,3,'2024-12-05',79,49),
(1184,219,13,4,'2024-10-07',102,25),
(1185,80,42,3,'2024-07-01',10,28),
(1186,63,19,4,'2024-02-02',58,72),
(1187,25,111,1,'2024-02-27',52,77),
(1188,189,136,4,'2024-02-19',36,43),
(1189,13,41,1,'2024-03-26',70,64),
(1190,242,12,1,'2024-01-24',116,47),
(1191,28,95,3,'2024-09-17',112,70),
(1192,218,134,3,'2024-11-18',122,88),
(1193,98,53,1,'2024-05-21',17,49),
(1194,243,121,2,'2024-03-24',22,70),
(1195,164,82,1,'2024-08-09',15,12),
(1196,112,91,4,'2024-11-10',115,35),
(1197,9,58,1,'2024-07-05',31,25),
(1198,96,76,3,'2024-08-28',124,71),
(1199,170,149,1,'2024-05-23',93,33),
(1200,242,128,4,'2024-06-12',11,81);
INSERT INTO watch_history VALUES
(1201,25,26,3,'2024-11-22',167,19),
(1202,99,32,2,'2024-10-04',124,13),
(1203,46,67,2,'2024-09-12',113,40),
(1204,188,149,2,'2024-11-27',119,11),
(1205,110,4,2,'2024-01-23',98,74),
(1206,148,28,2,'2024-08-23',55,82),
(1207,101,134,4,'2024-04-20',26,85),
(1208,13,33,3,'2024-04-26',114,73),
(1209,50,77,4,'2024-10-01',150,31),
(1210,249,19,2,'2024-05-16',104,81),
(1211,8,96,3,'2024-01-22',151,25),
(1212,133,69,2,'2024-06-13',64,28),
(1213,235,101,3,'2024-12-02',48,17),
(1214,44,18,2,'2024-10-24',106,94),
(1215,127,47,2,'2024-10-20',144,28),
(1216,111,47,2,'2024-10-12',124,92),
(1217,249,108,3,'2024-01-18',103,82),
(1218,46,31,4,'2024-08-12',82,72),
(1219,74,126,1,'2024-12-09',160,62),
(1220,209,40,1,'2024-03-12',121,37),
(1221,149,111,4,'2024-04-24',75,11),
(1222,127,85,2,'2024-06-14',12,17),
(1223,43,126,3,'2024-04-09',38,51),
(1224,111,143,4,'2024-09-20',20,66),
(1225,30,83,4,'2024-09-02',135,23),
(1226,43,56,4,'2024-06-27',69,49),
(1227,115,28,2,'2024-01-20',18,37),
(1228,17,16,1,'2024-03-13',111,48),
(1229,52,64,1,'2024-03-14',34,23),
(1230,49,58,4,'2024-06-13',89,59),
(1231,151,91,2,'2024-12-28',170,85),
(1232,48,20,1,'2024-09-25',64,64),
(1233,38,108,3,'2024-12-18',133,46),
(1234,213,87,2,'2024-04-24',111,96),
(1235,245,147,4,'2024-12-11',180,13),
(1236,133,117,1,'2024-03-27',75,15),
(1237,174,93,3,'2024-07-02',87,33),
(1238,169,132,4,'2024-02-04',111,51),
(1239,106,81,4,'2024-02-25',175,52),
(1240,173,106,1,'2024-07-22',99,73),
(1241,17,18,4,'2024-04-09',47,62),
(1242,186,128,2,'2024-11-01',39,13),
(1243,161,28,3,'2024-04-26',90,32),
(1244,234,137,3,'2024-08-24',176,90),
(1245,84,103,1,'2024-02-15',64,40),
(1246,108,111,1,'2024-03-10',117,39),
(1247,195,49,2,'2024-09-15',75,72),
(1248,156,47,1,'2024-02-23',143,29),
(1249,150,35,2,'2024-10-08',95,13),
(1250,87,141,2,'2024-05-11',176,81),
(1251,102,42,1,'2024-11-02',140,56),
(1252,32,38,3,'2024-01-15',14,16),
(1253,3,3,3,'2024-09-26',57,63),
(1254,241,78,3,'2024-01-10',158,21),
(1255,144,143,2,'2024-04-27',39,76),
(1256,198,72,1,'2024-01-16',37,89),
(1257,233,110,4,'2024-01-03',167,83),
(1258,122,120,2,'2024-09-12',155,51),
(1259,64,49,1,'2024-03-07',149,53),
(1260,79,103,1,'2024-11-10',67,73),
(1261,179,52,2,'2024-11-15',91,25),
(1262,127,102,4,'2024-10-19',7,64),
(1263,123,59,3,'2024-01-09',40,57),
(1264,52,108,1,'2024-01-20',54,53),
(1265,67,58,2,'2024-06-06',80,35),
(1266,224,53,3,'2024-11-17',46,12),
(1267,161,90,3,'2024-01-24',30,99),
(1268,94,79,1,'2024-05-11',173,13),
(1269,6,82,3,'2024-03-09',179,65),
(1270,82,106,4,'2024-07-24',91,90),
(1271,76,142,1,'2024-03-28',89,50),
(1272,123,7,2,'2024-08-23',110,11),
(1273,18,107,3,'2024-10-08',49,50),
(1274,82,17,4,'2024-01-03',86,34),
(1275,169,9,4,'2024-12-12',97,15),
(1276,199,79,1,'2024-10-05',90,74),
(1277,98,121,4,'2024-03-16',109,37),
(1278,198,91,2,'2024-02-17',160,12),
(1279,158,112,1,'2024-12-28',10,50),
(1280,145,60,2,'2024-09-20',125,94),
(1281,134,54,3,'2024-08-04',167,44),
(1282,159,150,2,'2024-03-18',138,15),
(1283,128,26,3,'2024-10-04',61,21),
(1284,177,94,1,'2024-03-28',19,59),
(1285,13,7,1,'2024-02-05',49,47),
(1286,18,17,1,'2024-05-26',168,96),
(1287,76,127,1,'2024-01-20',39,25),
(1288,43,127,1,'2024-12-28',112,95),
(1289,199,23,2,'2024-12-16',76,25),
(1290,207,137,2,'2024-07-01',141,48),
(1291,213,73,1,'2024-01-24',161,91),
(1292,196,96,1,'2024-02-14',174,30),
(1293,235,143,1,'2024-11-13',151,67),
(1294,181,81,2,'2024-09-09',55,88),
(1295,233,74,4,'2024-06-14',138,14),
(1296,250,6,1,'2024-04-25',81,76),
(1297,122,149,1,'2024-03-21',21,42),
(1298,110,139,3,'2024-05-06',93,72),
(1299,14,54,1,'2024-02-20',61,49),
(1300,207,64,1,'2024-06-26',141,32),
(1301,200,56,3,'2024-04-12',99,31),
(1302,114,111,3,'2024-08-21',131,86),
(1303,245,131,3,'2024-05-23',1,19),
(1304,208,119,1,'2024-07-25',48,15),
(1305,28,109,3,'2024-05-28',60,10),
(1306,241,63,2,'2024-07-15',99,77),
(1307,226,49,4,'2024-07-15',8,12),
(1308,146,15,3,'2024-05-09',28,83),
(1309,139,99,4,'2024-02-13',62,29),
(1310,98,15,3,'2024-01-01',5,90),
(1311,64,61,4,'2024-11-14',139,23),
(1312,223,117,2,'2024-12-04',32,75),
(1313,218,104,1,'2024-09-15',142,90),
(1314,154,5,1,'2024-08-20',120,47),
(1315,64,18,4,'2024-07-22',1,28),
(1316,5,147,4,'2024-05-06',140,98),
(1317,31,117,2,'2024-05-14',25,61),
(1318,215,20,1,'2024-11-05',134,26),
(1319,166,53,4,'2024-01-08',138,94),
(1320,67,83,3,'2024-08-28',83,97),
(1321,65,6,3,'2024-10-20',96,25),
(1322,104,64,1,'2024-11-19',153,98),
(1323,234,9,2,'2024-07-11',167,76),
(1324,2,122,4,'2024-11-22',113,39),
(1325,220,145,4,'2024-04-27',82,63),
(1326,8,72,4,'2024-03-23',133,59),
(1327,8,80,3,'2024-03-27',131,57),
(1328,5,86,3,'2024-02-13',143,38),
(1329,143,124,3,'2024-09-16',21,34),
(1330,182,112,1,'2024-12-20',12,65),
(1331,94,148,1,'2024-08-09',54,75),
(1332,5,83,1,'2024-02-01',178,75),
(1333,111,79,4,'2024-03-17',48,13),
(1334,223,51,3,'2024-08-17',50,90),
(1335,191,19,1,'2024-03-25',70,85),
(1336,132,139,3,'2024-01-04',113,38),
(1337,62,83,1,'2024-10-09',145,84),
(1338,48,104,3,'2024-07-13',108,98),
(1339,76,55,3,'2024-01-18',100,76),
(1340,219,92,3,'2024-11-22',126,50),
(1341,144,70,2,'2024-04-08',123,88),
(1342,77,126,4,'2024-10-05',98,99),
(1343,35,55,1,'2024-12-17',113,79),
(1344,197,77,1,'2024-03-17',81,29),
(1345,144,32,2,'2024-06-09',102,46),
(1346,238,83,4,'2024-07-26',112,81),
(1347,120,84,2,'2024-07-03',20,14),
(1348,16,40,3,'2024-03-19',49,17),
(1349,18,25,4,'2024-12-01',2,45),
(1350,9,65,1,'2024-04-28',2,65),
(1351,154,55,2,'2024-07-15',153,49),
(1352,235,97,1,'2024-05-04',118,98),
(1353,23,75,3,'2024-01-13',85,83),
(1354,65,93,3,'2024-03-09',94,50),
(1355,118,44,2,'2024-07-15',65,61),
(1356,127,61,1,'2024-08-09',71,60),
(1357,99,50,2,'2024-11-24',152,67),
(1358,71,148,2,'2024-08-06',147,29),
(1359,93,39,2,'2024-01-25',89,68),
(1360,88,132,4,'2024-12-17',98,32),
(1361,233,121,3,'2024-06-06',130,89),
(1362,173,131,2,'2024-03-06',28,60),
(1363,127,120,3,'2024-10-08',171,96),
(1364,17,116,4,'2024-02-28',144,22),
(1365,175,29,1,'2024-01-24',19,51),
(1366,186,32,1,'2024-12-15',13,87),
(1367,139,107,2,'2024-10-15',33,93),
(1368,197,131,1,'2024-01-19',94,39),
(1369,125,6,1,'2024-12-22',85,87),
(1370,39,105,4,'2024-05-01',24,91),
(1371,234,110,1,'2024-02-05',129,53),
(1372,76,112,1,'2024-08-09',116,18),
(1373,46,82,4,'2024-07-16',53,96),
(1374,129,79,3,'2024-09-06',141,15),
(1375,104,131,3,'2024-10-04',101,65),
(1376,249,15,1,'2024-07-21',106,22),
(1377,137,50,4,'2024-05-02',34,36),
(1378,142,6,4,'2024-05-22',65,43),
(1379,183,24,2,'2024-04-18',99,100),
(1380,122,82,1,'2024-01-17',155,47),
(1381,1,94,3,'2024-01-19',41,96),
(1382,93,104,3,'2024-07-04',109,94),
(1383,104,113,2,'2024-05-22',66,30),
(1384,75,82,4,'2024-05-10',57,57),
(1385,139,33,3,'2024-02-18',1,42),
(1386,179,46,1,'2024-12-27',25,79),
(1387,230,138,1,'2024-12-28',1,85),
(1388,165,52,3,'2024-10-27',40,74),
(1389,195,50,1,'2024-01-04',6,33),
(1390,9,22,4,'2024-10-06',4,67),
(1391,166,134,4,'2024-01-28',86,67),
(1392,165,144,2,'2024-04-21',49,69),
(1393,156,131,1,'2024-07-17',94,18),
(1394,205,12,1,'2024-02-22',122,30),
(1395,204,75,4,'2024-04-10',132,48),
(1396,16,21,2,'2024-10-22',76,55),
(1397,131,106,1,'2024-10-17',113,75),
(1398,59,42,2,'2024-06-26',102,61),
(1399,15,35,4,'2024-04-09',99,84),
(1400,32,113,3,'2024-03-02',107,61);
INSERT INTO watch_history VALUES
(1401,235,38,3,'2024-12-26',77,45),
(1402,103,117,1,'2024-04-10',129,64),
(1403,118,121,4,'2024-06-18',69,97),
(1404,231,45,3,'2024-03-03',12,72),
(1405,59,102,1,'2024-01-16',95,75),
(1406,155,48,3,'2024-07-22',148,67),
(1407,60,68,3,'2024-03-15',177,77),
(1408,185,77,3,'2024-03-23',113,10),
(1409,23,15,1,'2024-04-24',131,55),
(1410,51,35,2,'2024-07-03',85,23),
(1411,109,40,1,'2024-03-15',116,30),
(1412,58,115,4,'2024-11-10',162,31),
(1413,21,2,4,'2024-07-22',159,89),
(1414,88,101,1,'2024-09-08',147,62),
(1415,29,101,3,'2024-12-28',178,81),
(1416,247,56,4,'2024-12-06',36,52),
(1417,70,38,3,'2024-10-23',66,84),
(1418,75,24,4,'2024-04-06',162,75),
(1419,213,86,4,'2024-10-19',118,89),
(1420,44,137,1,'2024-04-06',155,33),
(1421,56,30,3,'2024-05-01',160,68),
(1422,200,69,4,'2024-03-08',52,74),
(1423,191,91,2,'2024-03-01',62,10),
(1424,17,125,4,'2024-02-08',71,75),
(1425,34,15,2,'2024-10-27',66,77),
(1426,99,79,2,'2024-11-14',67,14),
(1427,66,142,2,'2024-02-24',35,63),
(1428,123,1,1,'2024-03-27',43,76),
(1429,42,63,4,'2024-02-21',161,38),
(1430,131,123,1,'2024-09-14',2,13),
(1431,58,15,4,'2024-08-26',11,67),
(1432,21,119,3,'2024-01-04',98,77),
(1433,112,50,2,'2024-02-28',31,38),
(1434,33,77,3,'2024-11-10',44,61),
(1435,30,66,2,'2024-05-16',68,71),
(1436,56,18,4,'2024-11-11',104,95),
(1437,93,141,3,'2024-07-18',19,76),
(1438,64,31,2,'2024-12-26',11,50),
(1439,240,117,2,'2024-02-11',83,66),
(1440,165,86,2,'2024-01-15',139,54),
(1441,113,48,3,'2024-02-26',17,55),
(1442,189,114,3,'2024-05-23',15,55),
(1443,112,11,2,'2024-11-22',1,79),
(1444,214,138,1,'2024-06-07',82,65),
(1445,133,51,1,'2024-03-18',152,91),
(1446,94,144,2,'2024-08-11',100,62),
(1447,15,125,4,'2024-08-25',125,97),
(1448,182,108,2,'2024-12-11',15,72),
(1449,193,37,2,'2024-11-23',155,10),
(1450,152,27,2,'2024-04-04',46,50),
(1451,32,59,2,'2024-01-27',66,80),
(1452,12,123,2,'2024-06-22',45,95),
(1453,182,3,1,'2024-08-15',142,38),
(1454,137,21,4,'2024-07-04',112,80),
(1455,17,109,1,'2024-06-04',87,18),
(1456,53,10,3,'2024-11-15',144,77),
(1457,231,42,4,'2024-07-04',23,31),
(1458,68,119,1,'2024-06-25',159,15),
(1459,81,145,1,'2024-12-26',116,93),
(1460,40,141,3,'2024-03-06',118,59),
(1461,20,90,2,'2024-04-12',168,17),
(1462,120,53,2,'2024-04-24',126,85),
(1463,48,117,2,'2024-10-22',167,94),
(1464,103,67,4,'2024-11-04',146,42),
(1465,37,38,1,'2024-05-03',140,56),
(1466,39,69,4,'2024-12-17',26,88),
(1467,18,117,2,'2024-10-24',131,65),
(1468,120,70,2,'2024-05-27',139,93),
(1469,2,90,1,'2024-11-04',92,54),
(1470,121,52,2,'2024-12-09',147,24),
(1471,41,95,4,'2024-03-15',130,22),
(1472,237,29,1,'2024-02-10',119,89),
(1473,221,104,3,'2024-02-25',108,82),
(1474,137,133,1,'2024-05-26',43,57),
(1475,105,42,4,'2024-10-20',39,13),
(1476,48,29,2,'2024-02-27',40,31),
(1477,134,72,4,'2024-01-12',132,61),
(1478,10,84,1,'2024-02-04',24,49),
(1479,1,116,4,'2024-08-13',118,77),
(1480,147,47,2,'2024-02-23',105,13),
(1481,247,60,2,'2024-12-22',155,10),
(1482,132,90,2,'2024-10-11',55,42),
(1483,184,130,4,'2024-12-01',135,48),
(1484,217,31,2,'2024-07-13',72,93),
(1485,181,6,4,'2024-03-12',142,26),
(1486,161,23,2,'2024-02-16',13,53),
(1487,110,92,1,'2024-06-12',21,36),
(1488,51,123,4,'2024-11-21',102,34),
(1489,51,17,2,'2024-09-07',65,87),
(1490,118,27,2,'2024-09-03',91,99),
(1491,205,3,4,'2024-03-12',56,80),
(1492,217,14,3,'2024-11-26',109,36),
(1493,244,95,1,'2024-03-26',2,68),
(1494,112,7,2,'2024-12-19',177,73),
(1495,85,84,3,'2024-03-21',76,43),
(1496,209,25,3,'2024-09-06',42,87),
(1497,183,1,1,'2024-08-07',145,74),
(1498,86,8,2,'2024-06-27',51,49),
(1499,136,89,4,'2024-03-22',33,21),
(1500,109,24,3,'2024-04-03',145,15);

CREATE TABLE ratings (rating_id INT PRIMARY KEY, user_id INT, content_id INT, score INT, rated_date DATE);

INSERT INTO ratings VALUES
(1,233,128,1,'2024-02-16'),
(2,33,119,2,'2024-04-06'),
(3,53,79,1,'2024-02-04'),
(4,232,136,3,'2024-04-21'),
(5,240,97,1,'2024-10-07'),
(6,151,135,2,'2024-03-19'),
(7,18,135,4,'2024-06-21'),
(8,155,24,3,'2024-04-26'),
(9,150,4,5,'2024-05-18'),
(10,114,95,2,'2024-10-03'),
(11,85,45,4,'2024-01-05'),
(12,131,150,1,'2024-03-13'),
(13,55,98,1,'2024-07-05'),
(14,114,96,3,'2024-03-13'),
(15,192,127,2,'2024-08-14'),
(16,244,42,3,'2024-06-26'),
(17,162,20,4,'2024-04-18'),
(18,133,20,2,'2024-12-14'),
(19,221,102,2,'2024-05-24'),
(20,75,121,5,'2024-12-27'),
(21,152,4,4,'2024-07-23'),
(22,60,58,2,'2024-05-23'),
(23,90,74,3,'2024-04-02'),
(24,100,78,5,'2024-06-09'),
(25,234,125,3,'2024-06-07'),
(26,67,126,3,'2024-12-13'),
(27,165,148,1,'2024-01-17'),
(28,29,2,3,'2024-12-19'),
(29,164,24,5,'2024-07-09'),
(30,82,94,2,'2024-08-21'),
(31,250,84,1,'2024-10-04'),
(32,124,93,5,'2024-10-07'),
(33,182,61,1,'2024-10-07'),
(34,12,9,3,'2024-11-24'),
(35,84,147,1,'2024-04-06'),
(36,220,15,1,'2024-05-15'),
(37,73,41,4,'2024-06-20'),
(38,62,112,2,'2024-12-16'),
(39,70,36,1,'2024-06-23'),
(40,185,85,2,'2024-05-04'),
(41,189,10,4,'2024-06-17'),
(42,103,87,3,'2024-01-13'),
(43,3,2,1,'2024-04-11'),
(44,2,20,3,'2024-03-08'),
(45,101,45,5,'2024-08-07'),
(46,3,73,3,'2024-10-03'),
(47,81,35,5,'2024-12-28'),
(48,35,101,5,'2024-04-03'),
(49,99,114,5,'2024-04-19'),
(50,239,102,2,'2024-11-04'),
(51,8,84,2,'2024-12-01'),
(52,173,88,1,'2024-02-18'),
(53,83,48,2,'2024-10-18'),
(54,134,29,4,'2024-05-26'),
(55,178,144,3,'2024-08-23'),
(56,73,106,4,'2024-03-27'),
(57,121,46,5,'2024-07-26'),
(58,24,27,5,'2024-06-15'),
(59,99,125,3,'2024-09-22'),
(60,248,129,2,'2024-05-01'),
(61,250,131,3,'2024-04-03'),
(62,57,113,1,'2024-06-21'),
(63,49,140,5,'2024-01-12'),
(64,106,66,2,'2024-01-04'),
(65,23,70,2,'2024-05-26'),
(66,54,44,4,'2024-11-27'),
(67,67,148,1,'2024-10-14'),
(68,142,33,3,'2024-06-21'),
(69,157,46,1,'2024-02-20'),
(70,21,14,4,'2024-02-20'),
(71,27,55,5,'2024-08-27'),
(72,44,74,1,'2024-12-09'),
(73,39,90,3,'2024-08-18'),
(74,32,47,4,'2024-12-10'),
(75,218,77,4,'2024-06-23'),
(76,105,53,5,'2024-07-09'),
(77,192,121,1,'2024-12-14'),
(78,94,121,2,'2024-02-18'),
(79,104,53,2,'2024-09-25'),
(80,135,102,1,'2024-09-09'),
(81,69,71,1,'2024-03-03'),
(82,94,75,2,'2024-07-06'),
(83,178,14,4,'2024-02-11'),
(84,234,5,5,'2024-02-23'),
(85,16,70,4,'2024-01-18'),
(86,172,150,2,'2024-04-10'),
(87,185,73,3,'2024-08-05'),
(88,218,20,5,'2024-10-01'),
(89,6,122,5,'2024-11-16'),
(90,212,14,5,'2024-02-26'),
(91,159,106,1,'2024-07-10'),
(92,112,23,1,'2024-05-08'),
(93,171,127,1,'2024-02-23'),
(94,110,129,2,'2024-08-26'),
(95,160,69,2,'2024-08-06'),
(96,135,50,4,'2024-04-05'),
(97,187,66,5,'2024-07-15'),
(98,240,133,4,'2024-01-25'),
(99,243,1,1,'2024-07-07'),
(100,177,84,1,'2024-07-19'),
(101,66,83,5,'2024-06-18'),
(102,41,20,2,'2024-04-04'),
(103,174,33,2,'2024-05-09'),
(104,44,65,1,'2024-10-24'),
(105,36,140,2,'2024-06-27'),
(106,175,90,5,'2024-08-08'),
(107,6,16,5,'2024-07-19'),
(108,137,20,2,'2024-04-11'),
(109,123,35,1,'2024-10-16'),
(110,86,63,5,'2024-06-17'),
(111,210,81,5,'2024-01-15'),
(112,145,92,5,'2024-05-15'),
(113,11,138,4,'2024-05-20'),
(114,186,64,1,'2024-03-14'),
(115,94,29,1,'2024-03-04'),
(116,135,88,5,'2024-03-26'),
(117,168,145,1,'2024-08-28'),
(118,212,103,4,'2024-02-18'),
(119,93,99,1,'2024-12-19'),
(120,205,61,1,'2024-11-11'),
(121,109,126,2,'2024-09-06'),
(122,119,100,1,'2024-01-12'),
(123,93,56,3,'2024-06-05'),
(124,89,144,2,'2024-05-20'),
(125,23,4,4,'2024-09-07'),
(126,139,23,3,'2024-07-15'),
(127,117,74,1,'2024-01-27'),
(128,180,3,2,'2024-09-14'),
(129,86,98,1,'2024-02-09'),
(130,19,92,5,'2024-08-25'),
(131,36,144,5,'2024-09-07'),
(132,148,22,4,'2024-06-04'),
(133,102,84,3,'2024-09-17'),
(134,17,27,4,'2024-07-18'),
(135,238,100,5,'2024-08-11'),
(136,190,36,5,'2024-03-12'),
(137,132,70,2,'2024-11-23'),
(138,160,78,5,'2024-08-23'),
(139,59,106,5,'2024-04-02'),
(140,244,69,1,'2024-05-02'),
(141,118,49,3,'2024-05-09'),
(142,224,54,5,'2024-10-05'),
(143,221,108,3,'2024-04-19'),
(144,90,82,3,'2024-07-01'),
(145,132,47,4,'2024-11-14'),
(146,81,9,3,'2024-12-12'),
(147,79,138,5,'2024-05-26'),
(148,74,108,3,'2024-04-03'),
(149,192,27,3,'2024-10-22'),
(150,24,1,3,'2024-08-13'),
(151,137,115,1,'2024-03-06'),
(152,127,138,5,'2024-04-24'),
(153,147,49,1,'2024-05-01'),
(154,224,77,4,'2024-08-24'),
(155,83,12,1,'2024-04-23'),
(156,216,51,1,'2024-02-25'),
(157,6,77,4,'2024-01-15'),
(158,99,101,3,'2024-01-01'),
(159,189,94,4,'2024-05-18'),
(160,69,133,1,'2024-03-22'),
(161,105,14,2,'2024-04-20'),
(162,201,78,3,'2024-10-16'),
(163,180,33,5,'2024-01-14'),
(164,30,69,5,'2024-09-22'),
(165,73,84,5,'2024-09-06'),
(166,15,43,1,'2024-09-01'),
(167,115,107,3,'2024-08-22'),
(168,113,20,3,'2024-08-23'),
(169,235,72,3,'2024-04-04'),
(170,132,126,5,'2024-12-23'),
(171,117,67,3,'2024-02-04'),
(172,141,99,4,'2024-04-25'),
(173,19,83,5,'2024-09-02'),
(174,105,121,4,'2024-11-04'),
(175,81,104,1,'2024-05-27'),
(176,108,143,2,'2024-12-06'),
(177,82,31,5,'2024-12-08'),
(178,248,119,5,'2024-04-09'),
(179,142,21,4,'2024-06-16'),
(180,232,73,5,'2024-09-09'),
(181,39,128,3,'2024-06-03'),
(182,93,97,3,'2024-05-21'),
(183,137,39,4,'2024-08-09'),
(184,165,121,4,'2024-11-22'),
(185,138,71,4,'2024-05-17'),
(186,10,89,5,'2024-04-28'),
(187,181,45,3,'2024-04-11'),
(188,190,29,5,'2024-07-18'),
(189,133,18,5,'2024-12-01'),
(190,188,64,5,'2024-07-11'),
(191,32,143,3,'2024-05-25'),
(192,44,110,2,'2024-10-10'),
(193,36,13,1,'2024-03-02'),
(194,118,55,3,'2024-12-27'),
(195,242,62,1,'2024-07-24'),
(196,49,150,3,'2024-12-22'),
(197,44,67,2,'2024-08-15'),
(198,196,28,3,'2024-02-20'),
(199,75,124,5,'2024-05-01'),
(200,22,24,1,'2024-08-10');
INSERT INTO ratings VALUES
(201,190,95,2,'2024-12-04'),
(202,47,51,3,'2024-10-10'),
(203,81,70,3,'2024-08-22'),
(204,164,14,2,'2024-11-09'),
(205,56,68,4,'2024-04-16'),
(206,105,21,4,'2024-08-21'),
(207,227,102,1,'2024-11-19'),
(208,51,73,4,'2024-11-11'),
(209,76,100,1,'2024-12-17'),
(210,150,115,1,'2024-09-22'),
(211,80,77,5,'2024-02-04'),
(212,197,142,5,'2024-01-24'),
(213,181,43,5,'2024-07-04'),
(214,189,19,3,'2024-07-21'),
(215,167,1,2,'2024-05-14'),
(216,228,141,1,'2024-01-15'),
(217,48,101,4,'2024-03-05'),
(218,246,75,3,'2024-09-12'),
(219,224,130,4,'2024-03-23'),
(220,58,95,5,'2024-04-14'),
(221,246,113,3,'2024-01-08'),
(222,11,10,2,'2024-01-22'),
(223,57,107,3,'2024-06-10'),
(224,207,51,2,'2024-08-24'),
(225,248,7,1,'2024-08-10'),
(226,243,33,2,'2024-11-28'),
(227,24,51,3,'2024-06-13'),
(228,178,119,3,'2024-09-21'),
(229,193,127,4,'2024-03-17'),
(230,153,42,3,'2024-08-21'),
(231,20,42,2,'2024-08-01'),
(232,99,111,1,'2024-03-24'),
(233,185,24,3,'2024-06-07'),
(234,93,74,5,'2024-11-26'),
(235,54,49,2,'2024-07-04'),
(236,27,113,1,'2024-03-12'),
(237,97,114,4,'2024-06-27'),
(238,194,134,2,'2024-05-09'),
(239,173,81,5,'2024-10-01'),
(240,157,24,2,'2024-09-14'),
(241,14,69,5,'2024-03-09'),
(242,234,38,3,'2024-04-08'),
(243,181,149,4,'2024-09-05'),
(244,37,73,5,'2024-06-08'),
(245,21,94,3,'2024-07-14'),
(246,64,92,3,'2024-04-16'),
(247,244,140,4,'2024-04-19'),
(248,247,55,4,'2024-11-24'),
(249,175,87,1,'2024-03-01'),
(250,228,32,1,'2024-09-25'),
(251,174,80,2,'2024-05-16'),
(252,30,36,2,'2024-01-03'),
(253,29,83,1,'2024-11-07'),
(254,26,91,4,'2024-06-10'),
(255,212,130,4,'2024-10-20'),
(256,166,142,4,'2024-11-18'),
(257,14,31,3,'2024-05-08'),
(258,38,6,4,'2024-04-12'),
(259,172,53,1,'2024-11-13'),
(260,168,42,2,'2024-12-10'),
(261,51,98,1,'2024-04-20'),
(262,164,123,1,'2024-09-25'),
(263,202,112,5,'2024-05-05'),
(264,230,137,5,'2024-04-16'),
(265,167,85,3,'2024-01-26'),
(266,38,34,2,'2024-07-12'),
(267,37,34,2,'2024-02-09'),
(268,48,5,3,'2024-10-21'),
(269,207,106,5,'2024-09-04'),
(270,3,132,5,'2024-08-06'),
(271,40,123,1,'2024-08-25'),
(272,139,9,5,'2024-07-09'),
(273,87,24,2,'2024-01-27'),
(274,141,24,4,'2024-07-17'),
(275,246,133,2,'2024-07-20'),
(276,111,113,2,'2024-02-28'),
(277,118,84,3,'2024-06-15'),
(278,158,30,3,'2024-06-06'),
(279,223,36,3,'2024-08-18'),
(280,99,86,3,'2024-06-28'),
(281,223,51,5,'2024-08-25'),
(282,237,126,2,'2024-12-23'),
(283,29,141,4,'2024-02-18'),
(284,91,137,3,'2024-08-14'),
(285,240,87,1,'2024-07-14'),
(286,180,92,4,'2024-10-01'),
(287,239,127,5,'2024-08-03'),
(288,102,48,4,'2024-03-23'),
(289,162,9,4,'2024-04-22'),
(290,201,128,1,'2024-01-26'),
(291,206,147,2,'2024-11-13'),
(292,41,35,5,'2024-02-15'),
(293,130,23,2,'2024-08-20'),
(294,16,58,2,'2024-06-16'),
(295,13,148,3,'2024-10-08'),
(296,170,80,1,'2024-02-16'),
(297,245,8,4,'2024-05-01'),
(298,221,149,2,'2024-01-26'),
(299,73,137,1,'2024-08-13'),
(300,103,116,4,'2024-12-20'),
(301,204,51,5,'2024-01-11'),
(302,137,89,2,'2024-01-21'),
(303,6,137,3,'2024-12-23'),
(304,156,86,5,'2024-04-08'),
(305,80,67,1,'2024-08-07'),
(306,42,137,2,'2024-09-03'),
(307,41,145,2,'2024-06-02'),
(308,51,97,4,'2024-03-21'),
(309,90,15,2,'2024-05-02'),
(310,129,31,1,'2024-09-07'),
(311,92,61,4,'2024-12-24'),
(312,54,141,3,'2024-06-09'),
(313,142,57,3,'2024-10-17'),
(314,62,36,5,'2024-04-13'),
(315,55,20,1,'2024-10-23'),
(316,73,124,4,'2024-08-25'),
(317,172,97,4,'2024-10-28'),
(318,117,60,1,'2024-10-09'),
(319,19,142,4,'2024-07-22'),
(320,177,136,4,'2024-06-03'),
(321,171,111,5,'2024-03-10'),
(322,114,128,5,'2024-02-16'),
(323,133,42,2,'2024-07-01'),
(324,185,51,1,'2024-10-01'),
(325,44,59,1,'2024-03-09'),
(326,139,129,1,'2024-11-24'),
(327,126,59,3,'2024-04-17'),
(328,19,58,1,'2024-12-03'),
(329,161,100,3,'2024-08-11'),
(330,157,56,3,'2024-09-09'),
(331,149,117,5,'2024-04-02'),
(332,65,150,5,'2024-12-12'),
(333,64,119,2,'2024-12-06'),
(334,127,145,1,'2024-05-23'),
(335,141,93,5,'2024-08-21'),
(336,247,21,4,'2024-06-28'),
(337,123,70,3,'2024-06-15'),
(338,39,67,2,'2024-05-17'),
(339,232,105,2,'2024-02-17'),
(340,148,50,4,'2024-02-09'),
(341,205,121,3,'2024-03-22'),
(342,120,66,2,'2024-10-23'),
(343,58,89,5,'2024-07-15'),
(344,81,97,1,'2024-12-07'),
(345,12,41,4,'2024-11-19'),
(346,136,92,3,'2024-12-05'),
(347,96,30,1,'2024-01-22'),
(348,48,80,1,'2024-06-13'),
(349,54,105,5,'2024-02-28'),
(350,145,70,3,'2024-10-18'),
(351,121,3,1,'2024-05-23'),
(352,148,10,2,'2024-06-22'),
(353,189,56,5,'2024-04-17'),
(354,116,136,2,'2024-06-14'),
(355,202,113,5,'2024-02-20'),
(356,75,142,4,'2024-04-03'),
(357,97,68,5,'2024-11-01'),
(358,41,49,2,'2024-07-05'),
(359,237,143,2,'2024-04-11'),
(360,113,145,1,'2024-09-18'),
(361,201,19,4,'2024-11-21'),
(362,244,63,1,'2024-09-16'),
(363,16,84,3,'2024-11-04'),
(364,101,129,5,'2024-01-16'),
(365,49,129,4,'2024-10-19'),
(366,39,4,4,'2024-11-15'),
(367,232,110,5,'2024-08-26'),
(368,172,12,2,'2024-04-26'),
(369,9,116,3,'2024-12-22'),
(370,51,7,5,'2024-07-17'),
(371,162,38,2,'2024-07-19'),
(372,62,42,5,'2024-04-13'),
(373,27,42,1,'2024-09-05'),
(374,194,60,4,'2024-02-21'),
(375,87,79,3,'2024-04-22'),
(376,109,125,1,'2024-02-06'),
(377,232,124,5,'2024-06-07'),
(378,59,7,5,'2024-03-24'),
(379,242,63,3,'2024-06-14'),
(380,226,48,1,'2024-01-05'),
(381,200,30,5,'2024-02-27'),
(382,74,34,2,'2024-04-16'),
(383,203,13,5,'2024-03-19'),
(384,38,19,3,'2024-07-01'),
(385,193,128,3,'2024-04-21'),
(386,105,63,5,'2024-02-28'),
(387,242,17,2,'2024-10-23'),
(388,144,84,2,'2024-01-28'),
(389,33,11,1,'2024-06-05'),
(390,205,59,5,'2024-09-23'),
(391,10,133,4,'2024-10-13'),
(392,147,118,2,'2024-06-17'),
(393,48,103,5,'2024-07-10'),
(394,193,38,2,'2024-12-04'),
(395,67,109,3,'2024-04-04'),
(396,203,127,1,'2024-03-09'),
(397,247,87,5,'2024-09-01'),
(398,80,148,3,'2024-12-05'),
(399,166,75,5,'2024-03-14'),
(400,113,59,4,'2024-04-12');
INSERT INTO ratings VALUES
(401,126,63,5,'2024-01-06'),
(402,109,7,1,'2024-11-11'),
(403,151,125,5,'2024-09-14'),
(404,203,72,3,'2024-09-18'),
(405,74,9,4,'2024-05-13'),
(406,244,127,5,'2024-01-15'),
(407,223,2,3,'2024-02-13'),
(408,246,44,2,'2024-04-23'),
(409,69,63,5,'2024-05-25'),
(410,235,66,2,'2024-10-04'),
(411,38,144,3,'2024-04-05'),
(412,77,28,5,'2024-07-10'),
(413,114,9,3,'2024-07-14'),
(414,33,101,3,'2024-05-27'),
(415,51,108,5,'2024-07-19'),
(416,73,121,1,'2024-12-25'),
(417,43,31,5,'2024-09-08'),
(418,102,150,2,'2024-02-08'),
(419,114,57,1,'2024-01-12'),
(420,113,29,2,'2024-01-14'),
(421,9,53,3,'2024-03-09'),
(422,123,31,3,'2024-05-27'),
(423,173,97,4,'2024-11-28'),
(424,239,81,2,'2024-03-22'),
(425,79,49,1,'2024-06-06'),
(426,213,12,1,'2024-11-21'),
(427,18,142,4,'2024-09-01'),
(428,158,110,5,'2024-08-11'),
(429,40,119,1,'2024-06-17'),
(430,15,104,5,'2024-09-25'),
(431,117,68,4,'2024-06-12'),
(432,38,67,4,'2024-04-09'),
(433,34,104,3,'2024-09-04'),
(434,16,52,3,'2024-03-25'),
(435,162,46,2,'2024-07-13'),
(436,67,4,4,'2024-06-11'),
(437,238,6,3,'2024-03-08'),
(438,238,114,4,'2024-09-19'),
(439,203,91,4,'2024-12-22'),
(440,90,97,4,'2024-11-23'),
(441,89,65,1,'2024-02-02'),
(442,164,3,4,'2024-05-13'),
(443,111,135,2,'2024-09-22'),
(444,227,84,2,'2024-05-14'),
(445,187,9,5,'2024-10-05'),
(446,71,145,4,'2024-09-14'),
(447,46,55,3,'2024-06-01'),
(448,45,14,5,'2024-11-26'),
(449,95,116,5,'2024-12-05'),
(450,15,138,5,'2024-05-22'),
(451,192,53,1,'2024-01-07'),
(452,197,75,1,'2024-03-13'),
(453,191,89,1,'2024-09-22'),
(454,73,90,1,'2024-03-19'),
(455,56,103,5,'2024-06-08'),
(456,185,68,3,'2024-06-06'),
(457,47,27,3,'2024-07-25'),
(458,205,47,1,'2024-10-14'),
(459,82,59,5,'2024-03-09'),
(460,100,4,2,'2024-09-08'),
(461,95,72,4,'2024-11-07'),
(462,229,69,4,'2024-10-08'),
(463,162,69,4,'2024-04-26'),
(464,124,134,3,'2024-11-13'),
(465,85,147,4,'2024-09-09'),
(466,47,111,3,'2024-02-10'),
(467,49,31,5,'2024-05-22'),
(468,51,45,2,'2024-05-09'),
(469,76,103,2,'2024-09-12'),
(470,51,9,4,'2024-11-03'),
(471,191,15,3,'2024-09-03'),
(472,236,84,2,'2024-01-22'),
(473,131,89,1,'2024-09-17'),
(474,230,108,3,'2024-09-09'),
(475,121,35,1,'2024-08-23'),
(476,163,87,3,'2024-04-23'),
(477,158,103,1,'2024-08-18'),
(478,50,99,5,'2024-03-24'),
(479,62,43,3,'2024-11-16'),
(480,52,68,4,'2024-06-06'),
(481,187,99,5,'2024-04-01'),
(482,95,77,1,'2024-03-14'),
(483,141,122,5,'2024-04-07'),
(484,208,42,4,'2024-02-26'),
(485,52,70,4,'2024-06-14'),
(486,16,102,5,'2024-08-15'),
(487,34,13,4,'2024-02-16'),
(488,42,62,2,'2024-05-15'),
(489,199,57,1,'2024-10-15'),
(490,192,60,4,'2024-09-16'),
(491,209,129,2,'2024-08-26'),
(492,249,11,3,'2024-06-28'),
(493,225,48,5,'2024-01-21'),
(494,199,106,5,'2024-03-17'),
(495,238,97,3,'2024-06-18'),
(496,127,8,3,'2024-05-16'),
(497,18,4,4,'2024-02-13'),
(498,111,70,1,'2024-03-11'),
(499,179,65,1,'2024-05-17'),
(500,111,25,4,'2024-08-20'),
(501,80,42,4,'2024-03-16'),
(502,48,95,4,'2024-12-16'),
(503,245,92,1,'2024-10-26'),
(504,209,46,3,'2024-12-10'),
(505,140,140,4,'2024-10-09'),
(506,60,71,3,'2024-11-24'),
(507,205,30,2,'2024-05-02'),
(508,66,87,1,'2024-09-12'),
(509,116,127,3,'2024-05-25'),
(510,248,49,3,'2024-07-14'),
(511,212,15,3,'2024-05-23'),
(512,210,137,3,'2024-08-01'),
(513,180,134,4,'2024-04-25'),
(514,228,12,2,'2024-11-04'),
(515,62,51,2,'2024-12-01'),
(516,129,86,3,'2024-06-08'),
(517,68,89,1,'2024-12-21'),
(518,213,16,2,'2024-12-25'),
(519,17,89,5,'2024-01-09'),
(520,125,98,1,'2024-12-27'),
(521,83,17,1,'2024-12-01'),
(522,190,98,2,'2024-03-14'),
(523,194,98,4,'2024-10-24'),
(524,112,34,1,'2024-09-04'),
(525,99,56,1,'2024-06-15'),
(526,103,96,3,'2024-08-19'),
(527,246,63,4,'2024-03-07'),
(528,157,101,4,'2024-09-17'),
(529,189,88,4,'2024-09-02'),
(530,145,56,4,'2024-06-19'),
(531,222,17,3,'2024-06-10'),
(532,127,52,4,'2024-05-02'),
(533,194,39,3,'2024-07-03'),
(534,79,76,2,'2024-10-03'),
(535,27,20,3,'2024-02-16'),
(536,209,124,5,'2024-06-16'),
(537,238,61,2,'2024-09-03'),
(538,68,141,5,'2024-12-28'),
(539,241,104,1,'2024-05-26'),
(540,147,147,4,'2024-08-23'),
(541,45,131,2,'2024-04-28'),
(542,225,91,3,'2024-11-03'),
(543,112,79,2,'2024-06-01'),
(544,218,110,4,'2024-11-18'),
(545,229,41,1,'2024-09-04'),
(546,104,133,5,'2024-10-06'),
(547,59,127,3,'2024-07-10'),
(548,220,98,4,'2024-02-15'),
(549,150,150,1,'2024-08-28'),
(550,45,80,1,'2024-04-06'),
(551,223,103,1,'2024-01-09'),
(552,196,103,4,'2024-07-13'),
(553,202,23,3,'2024-05-12'),
(554,81,79,4,'2024-02-18'),
(555,113,30,1,'2024-11-01'),
(556,109,54,2,'2024-06-02'),
(557,124,146,4,'2024-04-02'),
(558,138,25,1,'2024-06-10'),
(559,205,94,2,'2024-06-17'),
(560,121,70,4,'2024-10-22'),
(561,81,89,5,'2024-03-01'),
(562,88,130,2,'2024-04-24'),
(563,195,46,2,'2024-11-13'),
(564,160,13,2,'2024-01-11'),
(565,153,107,2,'2024-03-17'),
(566,197,97,3,'2024-08-14'),
(567,239,73,2,'2024-05-10'),
(568,210,146,2,'2024-11-18'),
(569,143,116,5,'2024-11-27'),
(570,7,7,1,'2024-03-15'),
(571,221,122,4,'2024-06-15'),
(572,226,49,2,'2024-01-05'),
(573,200,25,3,'2024-01-27'),
(574,238,122,4,'2024-01-22'),
(575,157,100,4,'2024-07-20'),
(576,169,64,2,'2024-07-27'),
(577,5,7,2,'2024-06-15'),
(578,226,40,4,'2024-10-03'),
(579,46,137,4,'2024-08-23'),
(580,14,59,3,'2024-06-14'),
(581,53,36,4,'2024-03-10'),
(582,26,31,4,'2024-11-23'),
(583,157,114,4,'2024-08-26'),
(584,92,16,3,'2024-02-21'),
(585,186,42,3,'2024-03-17'),
(586,166,47,3,'2024-04-20'),
(587,14,72,2,'2024-04-09'),
(588,119,96,1,'2024-07-17'),
(589,81,108,1,'2024-07-09'),
(590,247,29,1,'2024-02-08'),
(591,227,117,2,'2024-02-23'),
(592,20,132,4,'2024-07-27'),
(593,132,146,4,'2024-01-02'),
(594,46,26,2,'2024-05-06'),
(595,157,69,4,'2024-11-26'),
(596,60,147,5,'2024-10-27'),
(597,110,79,4,'2024-04-22'),
(598,236,137,4,'2024-06-02'),
(599,238,131,3,'2024-08-16'),
(600,89,121,2,'2024-05-13');
INSERT INTO ratings VALUES
(601,147,145,2,'2024-05-08'),
(602,102,65,1,'2024-02-13'),
(603,247,2,4,'2024-12-04'),
(604,189,80,4,'2024-09-20'),
(605,215,68,1,'2024-02-22'),
(606,207,148,5,'2024-01-14'),
(607,161,80,2,'2024-06-17'),
(608,195,36,5,'2024-05-13'),
(609,91,53,1,'2024-03-18'),
(610,102,96,3,'2024-06-23'),
(611,62,33,5,'2024-04-08'),
(612,10,21,5,'2024-06-15'),
(613,178,71,4,'2024-11-08'),
(614,192,92,3,'2024-10-26'),
(615,164,104,5,'2024-07-21'),
(616,136,80,4,'2024-08-04'),
(617,27,4,5,'2024-03-03'),
(618,31,81,2,'2024-01-28'),
(619,10,53,4,'2024-09-24'),
(620,23,56,4,'2024-09-01'),
(621,5,58,1,'2024-08-28'),
(622,214,140,4,'2024-02-13'),
(623,17,77,1,'2024-01-23'),
(624,109,9,3,'2024-08-12'),
(625,75,67,1,'2024-12-06'),
(626,34,106,4,'2024-09-24'),
(627,11,51,4,'2024-08-25'),
(628,90,56,1,'2024-01-12'),
(629,16,113,3,'2024-08-21'),
(630,231,16,5,'2024-02-05'),
(631,194,107,5,'2024-02-01'),
(632,121,141,5,'2024-09-16'),
(633,42,148,1,'2024-05-03'),
(634,208,17,3,'2024-06-22'),
(635,88,87,5,'2024-07-01'),
(636,124,94,2,'2024-01-22'),
(637,167,59,5,'2024-09-25'),
(638,2,143,4,'2024-12-21'),
(639,243,142,5,'2024-06-27'),
(640,35,17,1,'2024-03-17'),
(641,132,148,1,'2024-05-17'),
(642,242,79,1,'2024-06-03'),
(643,12,51,1,'2024-05-25'),
(644,92,149,4,'2024-02-17'),
(645,235,8,4,'2024-11-20'),
(646,201,3,4,'2024-11-25'),
(647,199,58,5,'2024-02-20'),
(648,186,145,1,'2024-11-22'),
(649,110,8,4,'2024-05-11'),
(650,8,110,3,'2024-11-28'),
(651,69,74,3,'2024-01-07'),
(652,199,113,3,'2024-08-24'),
(653,158,107,1,'2024-07-22'),
(654,210,136,5,'2024-01-02'),
(655,217,85,5,'2024-01-08'),
(656,228,85,4,'2024-11-19'),
(657,48,100,1,'2024-09-19'),
(658,186,48,1,'2024-03-12'),
(659,202,34,2,'2024-10-05'),
(660,244,108,1,'2024-06-04'),
(661,233,66,5,'2024-10-25'),
(662,188,15,4,'2024-08-26'),
(663,143,86,4,'2024-02-20'),
(664,183,109,3,'2024-02-28'),
(665,23,120,5,'2024-05-28'),
(666,6,109,4,'2024-03-05'),
(667,37,56,5,'2024-11-07'),
(668,61,8,1,'2024-09-12'),
(669,248,58,2,'2024-01-09'),
(670,4,65,3,'2024-11-04'),
(671,63,121,5,'2024-07-04'),
(672,76,135,5,'2024-06-05'),
(673,132,12,2,'2024-01-05'),
(674,141,117,4,'2024-03-05'),
(675,114,86,1,'2024-01-18'),
(676,4,40,4,'2024-09-22'),
(677,19,9,2,'2024-09-01'),
(678,199,13,1,'2024-11-14'),
(679,229,127,2,'2024-05-04'),
(680,154,72,2,'2024-10-16'),
(681,23,80,4,'2024-12-01'),
(682,174,119,2,'2024-09-15'),
(683,112,147,1,'2024-08-06'),
(684,62,88,1,'2024-02-17'),
(685,161,14,4,'2024-08-11'),
(686,176,22,3,'2024-05-15'),
(687,119,76,3,'2024-04-22'),
(688,177,1,1,'2024-09-28'),
(689,230,98,1,'2024-08-04'),
(690,207,112,4,'2024-12-09'),
(691,101,33,3,'2024-09-01'),
(692,32,120,3,'2024-09-23');
