-- ============================================================
-- 병원 진료 (Hospital / Clinic)
-- 현대백화점 기본반 · 미니프로젝트 연습용 데이터셋 (MySQL)
-- ============================================================
SET NAMES utf8mb4;

SET FOREIGN_KEY_CHECKS = 0;
DROP TABLE IF EXISTS departments;
DROP TABLE IF EXISTS doctors;
DROP TABLE IF EXISTS patients;
DROP TABLE IF EXISTS rooms;
DROP TABLE IF EXISTS diagnoses;
DROP TABLE IF EXISTS treatments;
DROP TABLE IF EXISTS medications;
DROP TABLE IF EXISTS appointments;
DROP TABLE IF EXISTS appointment_diagnoses;
DROP TABLE IF EXISTS appointment_treatments;
DROP TABLE IF EXISTS prescriptions;
DROP TABLE IF EXISTS billings;
SET FOREIGN_KEY_CHECKS = 1;

CREATE TABLE departments (dept_id INT PRIMARY KEY, dept_name VARCHAR(20), floor INT);

INSERT INTO departments VALUES
(1,'내과',1),
(2,'외과',4),
(3,'정형외과',4),
(4,'소아청소년과',2),
(5,'피부과',5),
(6,'이비인후과',7),
(7,'안과',3),
(8,'신경과',7),
(9,'산부인과',8),
(10,'정신건강의학과',2),
(11,'재활의학과',5),
(12,'응급의학과',1);

CREATE TABLE doctors (doctor_id INT PRIMARY KEY, doctor_name VARCHAR(20), dept_id INT, position VARCHAR(10), joined_date DATE);

INSERT INTO doctors VALUES
(1,'홍하은',12,'임상강사','2004-03-01'),
(2,'황지호',1,'임상강사','2008-03-01'),
(3,'이수아',4,'교수','2004-03-01'),
(4,'강예준',10,'교수','2003-03-01'),
(5,'윤윤서',12,'교수','2016-03-01'),
(6,'윤은우',1,'교수','2008-03-01'),
(7,'정은우',6,'전문의','2020-03-01'),
(8,'황지우',5,'전공의','2003-03-01'),
(9,'강현우',2,'전공의','2012-03-01'),
(10,'이채원',10,'전공의','2005-03-01'),
(11,'박윤서',7,'전문의','2003-03-01'),
(12,'한시우',3,'교수','2006-03-01'),
(13,'김시윤',9,'전문의','2008-03-01'),
(14,'송윤서',1,'전문의','2008-03-01'),
(15,'조가은',12,'전공의','2012-03-01'),
(16,'이현우',9,'전공의','2018-03-01'),
(17,'강준서',10,'전문의','2002-03-01'),
(18,'황우진',3,'전공의','2016-03-01'),
(19,'권하린',6,'임상강사','2010-03-01'),
(20,'이현우',11,'임상강사','2013-03-01'),
(21,'김가은',5,'임상강사','2013-03-01'),
(22,'박예준',8,'전공의','2010-03-01'),
(23,'송지훈',8,'전문의','2008-03-01'),
(24,'정시우',6,'교수','2020-03-01'),
(25,'한준서',12,'전공의','2011-03-01'),
(26,'권주원',1,'교수','2007-03-01'),
(27,'한하린',5,'전공의','2017-03-01'),
(28,'한주원',7,'전문의','2004-03-01'),
(29,'김준서',11,'전문의','2008-03-01'),
(30,'장시윤',1,'임상강사','2012-03-01');

CREATE TABLE patients (patient_id INT PRIMARY KEY, patient_name VARCHAR(20), gender CHAR(1), age INT, city VARCHAR(20), insurance_type VARCHAR(20), registered_date DATE);

INSERT INTO patients VALUES
(1,'조서연','M',21,'천안','자동차보험','2023-03-13'),
(2,'한하은','F',86,'창원','산재','2019-09-12'),
(3,'강윤서','M',44,'성남','의료급여','2024-07-03'),
(4,'김서연','F',63,'천안','자동차보험','2021-09-24'),
(5,'송수아','M',10,'수원','자동차보험','2019-03-13'),
(6,'권서윤','F',85,'인천','비급여','2018-01-23'),
(7,'최현우','F',15,'천안','국민건강보험','2022-06-19'),
(8,'신채원','F',10,'부산','자동차보험','2022-03-03'),
(9,'서지아','M',81,'청주','자동차보험','2015-09-22'),
(10,'장수아','M',81,'수원','자동차보험','2016-10-24'),
(11,'김도윤','F',42,'인천','국민건강보험','2024-03-22'),
(12,'홍준서','F',27,'부산','국민건강보험','2019-05-20'),
(13,'홍유진','M',55,'고양','산재','2017-04-26'),
(14,'오현우','M',82,'전주','의료급여','2022-07-12'),
(15,'홍건우','F',42,'창원','자동차보험','2020-08-06'),
(16,'조가은','M',87,'광주','산재','2024-05-02'),
(17,'오주원','M',81,'인천','비급여','2021-01-16'),
(18,'정가은','F',5,'광주','산재','2016-12-14'),
(19,'정하린','M',12,'창원','국민건강보험','2017-10-22'),
(20,'안서연','F',45,'대구','자동차보험','2021-02-06'),
(21,'홍현우','F',37,'천안','의료급여','2024-08-28'),
(22,'장하린','F',8,'광주','산재','2015-08-21'),
(23,'장지호','F',36,'인천','국민건강보험','2023-12-01'),
(24,'안우진','F',43,'울산','산재','2015-01-19'),
(25,'박하은','F',86,'청주','산재','2019-05-03'),
(26,'박민준','F',56,'성남','산재','2017-07-17'),
(27,'송유진','F',33,'대구','자동차보험','2018-06-24'),
(28,'홍준서','M',69,'전주','비급여','2018-12-11'),
(29,'오민준','M',61,'창원','의료급여','2015-05-12'),
(30,'서가은','M',37,'창원','국민건강보험','2020-08-01'),
(31,'박윤서','F',72,'광주','의료급여','2024-12-09'),
(32,'신유진','M',27,'대구','비급여','2019-09-16'),
(33,'김은우','M',45,'전주','의료급여','2024-02-26'),
(34,'임채원','F',47,'대전','국민건강보험','2024-05-04'),
(35,'권도윤','F',43,'청주','의료급여','2015-11-01'),
(36,'박현우','M',93,'천안','의료급여','2019-09-24'),
(37,'서지우','M',59,'고양','국민건강보험','2024-12-10'),
(38,'오지우','F',68,'수원','국민건강보험','2016-03-26'),
(39,'조현우','F',86,'서울','산재','2023-06-18'),
(40,'신지호','M',89,'고양','의료급여','2019-06-03'),
(41,'안지호','M',15,'전주','비급여','2016-01-08'),
(42,'윤지아','M',82,'천안','의료급여','2024-11-12'),
(43,'권도윤','M',24,'대구','의료급여','2022-09-12'),
(44,'홍은우','F',88,'성남','국민건강보험','2020-03-09'),
(45,'장윤서','F',73,'울산','자동차보험','2022-12-08'),
(46,'김민준','M',94,'울산','의료급여','2021-07-12'),
(47,'임서연','F',80,'대구','산재','2018-04-28'),
(48,'정수아','M',67,'청주','비급여','2023-10-16'),
(49,'강지아','F',41,'대구','산재','2016-10-07'),
(50,'정지우','F',62,'인천','비급여','2022-09-25'),
(51,'안시우','M',90,'청주','의료급여','2019-06-14'),
(52,'류현우','F',38,'대구','의료급여','2020-01-27'),
(53,'박예준','M',28,'대구','비급여','2017-05-21'),
(54,'황채원','M',60,'용인','의료급여','2020-06-04'),
(55,'김주원','M',71,'부산','비급여','2021-08-20'),
(56,'임하은','M',87,'인천','의료급여','2022-03-04'),
(57,'장건우','M',30,'용인','자동차보험','2023-05-24'),
(58,'장도윤','M',17,'청주','국민건강보험','2018-02-23'),
(59,'강다은','F',31,'대전','의료급여','2021-01-05'),
(60,'강하은','F',22,'창원','산재','2024-04-07'),
(61,'최수아','M',52,'부산','자동차보험','2017-02-20'),
(62,'오민준','M',82,'대전','의료급여','2024-07-18'),
(63,'류서연','M',17,'서울','의료급여','2021-06-27'),
(64,'이지훈','F',43,'전주','국민건강보험','2023-03-28'),
(65,'장유진','M',18,'고양','산재','2023-02-25'),
(66,'서주원','M',58,'수원','비급여','2022-06-25'),
(67,'신지훈','M',93,'청주','의료급여','2019-10-11'),
(68,'안수아','M',83,'창원','비급여','2023-04-03'),
(69,'안지훈','F',62,'용인','국민건강보험','2024-04-24'),
(70,'박서연','M',7,'부산','국민건강보험','2021-08-25'),
(71,'김시윤','F',86,'서울','자동차보험','2017-08-07'),
(72,'신준서','M',38,'대구','국민건강보험','2018-06-15'),
(73,'서유진','M',24,'울산','국민건강보험','2022-09-17'),
(74,'오주원','F',59,'창원','국민건강보험','2017-07-28'),
(75,'윤시윤','M',72,'용인','국민건강보험','2018-02-07'),
(76,'오도윤','M',34,'청주','국민건강보험','2020-06-21'),
(77,'이채원','F',24,'부산','비급여','2022-03-15'),
(78,'윤건우','M',67,'청주','비급여','2017-08-22'),
(79,'정예준','F',35,'인천','국민건강보험','2020-03-28'),
(80,'신도윤','F',3,'서울','자동차보험','2023-02-11'),
(81,'류건우','M',6,'광주','비급여','2017-03-12'),
(82,'안은우','F',23,'대구','비급여','2015-05-01'),
(83,'강지호','F',69,'부산','자동차보험','2015-11-25'),
(84,'최시우','F',33,'전주','산재','2016-01-14'),
(85,'권지우','M',55,'인천','의료급여','2019-11-11'),
(86,'신은우','M',67,'서울','비급여','2018-05-11'),
(87,'한윤서','F',68,'성남','국민건강보험','2018-11-09'),
(88,'정도윤','M',19,'광주','의료급여','2017-06-10'),
(89,'장주원','M',18,'서울','국민건강보험','2018-11-27'),
(90,'신서연','M',37,'대전','국민건강보험','2018-02-13'),
(91,'최준서','F',35,'천안','국민건강보험','2020-03-13'),
(92,'정윤서','M',85,'수원','비급여','2016-07-15'),
(93,'한시윤','M',54,'대전','비급여','2018-01-02'),
(94,'오시우','F',44,'성남','의료급여','2016-12-01'),
(95,'신민준','M',14,'용인','의료급여','2023-03-12'),
(96,'박서연','M',76,'전주','산재','2019-08-19'),
(97,'홍가은','M',7,'성남','비급여','2023-04-18'),
(98,'오서윤','F',10,'수원','국민건강보험','2016-02-03'),
(99,'안수아','M',37,'수원','자동차보험','2019-11-05'),
(100,'황하린','M',83,'용인','비급여','2017-03-15'),
(101,'황지우','M',69,'대구','자동차보험','2024-02-02'),
(102,'안시우','F',5,'수원','비급여','2019-03-11'),
(103,'박서연','F',46,'고양','자동차보험','2024-08-03'),
(104,'이도윤','F',90,'울산','국민건강보험','2022-11-02'),
(105,'이준서','F',78,'창원','국민건강보험','2021-09-10'),
(106,'임현우','F',23,'대전','산재','2019-10-28'),
(107,'김도윤','M',4,'고양','의료급여','2015-05-28'),
(108,'최민준','M',71,'창원','산재','2024-09-25'),
(109,'한채원','M',56,'울산','자동차보험','2022-10-08'),
(110,'한지훈','M',48,'대구','산재','2015-11-01'),
(111,'윤도윤','F',42,'서울','비급여','2018-09-18'),
(112,'한윤서','F',66,'용인','비급여','2020-04-22'),
(113,'류수아','F',29,'광주','산재','2017-12-21'),
(114,'류서연','F',9,'울산','의료급여','2023-12-26'),
(115,'오예준','M',77,'인천','국민건강보험','2020-05-05'),
(116,'황지우','F',72,'용인','자동차보험','2022-09-09'),
(117,'정도윤','M',66,'창원','국민건강보험','2016-10-20'),
(118,'장유진','F',68,'울산','산재','2023-07-17'),
(119,'정도윤','F',87,'고양','국민건강보험','2023-01-05'),
(120,'김가은','M',6,'창원','자동차보험','2019-03-16'),
(121,'장지아','F',32,'용인','국민건강보험','2016-01-25'),
(122,'박지훈','F',54,'수원','자동차보험','2015-05-11'),
(123,'강수아','M',52,'청주','국민건강보험','2017-04-04'),
(124,'이지우','F',76,'부산','비급여','2023-12-06'),
(125,'임민준','M',29,'창원','비급여','2019-08-01'),
(126,'정도윤','F',50,'수원','의료급여','2024-09-01'),
(127,'김하은','M',31,'청주','비급여','2015-05-03'),
(128,'이지훈','M',7,'인천','비급여','2020-09-20'),
(129,'권가은','F',93,'수원','국민건강보험','2022-09-22'),
(130,'권서연','F',18,'창원','비급여','2022-09-28'),
(131,'안시윤','F',84,'울산','의료급여','2023-04-11'),
(132,'정시우','M',44,'창원','자동차보험','2020-04-07'),
(133,'송지아','F',57,'대구','비급여','2015-03-21'),
(134,'장현우','M',56,'용인','국민건강보험','2016-11-28'),
(135,'황시우','M',8,'수원','국민건강보험','2020-01-13'),
(136,'오주원','F',53,'수원','국민건강보험','2023-08-01'),
(137,'황민준','F',21,'고양','의료급여','2015-03-24'),
(138,'임시윤','M',94,'광주','산재','2017-01-27'),
(139,'최주원','M',40,'인천','자동차보험','2018-01-19'),
(140,'조지호','M',10,'대구','국민건강보험','2021-08-02'),
(141,'이다은','F',25,'천안','국민건강보험','2021-12-21'),
(142,'윤수아','F',49,'대전','국민건강보험','2023-08-01'),
(143,'류도윤','F',56,'고양','산재','2015-08-04'),
(144,'신지우','M',38,'청주','산재','2019-06-22'),
(145,'류건우','M',30,'성남','산재','2017-03-27'),
(146,'강예준','F',30,'창원','산재','2017-04-03'),
(147,'박지훈','F',2,'청주','비급여','2016-09-19'),
(148,'서은우','M',57,'광주','비급여','2016-07-17'),
(149,'최은우','F',75,'고양','국민건강보험','2022-07-22'),
(150,'윤은우','F',30,'서울','국민건강보험','2022-01-03'),
(151,'김민준','M',21,'천안','비급여','2018-06-01'),
(152,'황채원','M',14,'인천','비급여','2016-02-09'),
(153,'강예준','F',13,'전주','산재','2024-07-05'),
(154,'오예준','F',32,'수원','의료급여','2022-09-14'),
(155,'정건우','M',76,'천안','국민건강보험','2020-01-27'),
(156,'신주원','M',58,'광주','비급여','2018-02-11'),
(157,'임예준','F',8,'울산','산재','2024-08-14'),
(158,'서도윤','M',80,'서울','자동차보험','2015-04-24'),
(159,'임서윤','F',25,'성남','국민건강보험','2015-06-26'),
(160,'최채원','F',73,'인천','비급여','2018-01-26'),
(161,'홍지훈','F',36,'광주','자동차보험','2024-03-25'),
(162,'황하은','F',10,'대구','자동차보험','2017-04-07'),
(163,'송은우','F',59,'대구','국민건강보험','2018-10-01'),
(164,'류우진','M',62,'성남','산재','2018-01-16'),
(165,'최서연','M',1,'성남','산재','2019-12-02'),
(166,'서하은','F',30,'수원','자동차보험','2020-03-09'),
(167,'임지호','F',4,'수원','국민건강보험','2020-07-08'),
(168,'홍유진','F',10,'대전','자동차보험','2020-04-19'),
(169,'최지호','M',19,'천안','비급여','2018-11-24'),
(170,'정우진','F',85,'광주','자동차보험','2018-08-16'),
(171,'임채원','M',54,'인천','자동차보험','2022-08-10'),
(172,'정지우','M',58,'용인','산재','2020-04-11'),
(173,'신서연','F',52,'대전','비급여','2020-06-21'),
(174,'박현우','M',17,'용인','비급여','2018-05-04'),
(175,'임은우','F',51,'대구','산재','2021-06-16'),
(176,'권예준','M',45,'서울','비급여','2020-06-01'),
(177,'정도윤','M',86,'창원','의료급여','2023-12-03'),
(178,'홍준서','M',16,'수원','산재','2015-01-01'),
(179,'조하린','F',58,'울산','의료급여','2015-02-05'),
(180,'김수아','F',46,'전주','비급여','2019-06-16'),
(181,'안현우','M',73,'광주','의료급여','2024-02-09'),
(182,'송유진','F',59,'수원','비급여','2021-05-12'),
(183,'안주원','F',68,'울산','자동차보험','2021-01-20'),
(184,'정채원','M',25,'수원','자동차보험','2015-02-20'),
(185,'황하은','M',70,'대전','자동차보험','2020-06-25'),
(186,'권하린','M',78,'수원','비급여','2022-05-27'),
(187,'강하린','M',84,'성남','의료급여','2018-02-28'),
(188,'한준서','F',82,'광주','산재','2021-01-23'),
(189,'황수아','F',22,'용인','비급여','2015-09-26'),
(190,'장지훈','M',63,'서울','산재','2017-10-05'),
(191,'윤시윤','F',41,'용인','자동차보험','2016-03-17'),
(192,'김채원','M',51,'성남','자동차보험','2024-08-02'),
(193,'신지아','M',63,'고양','국민건강보험','2017-11-17'),
(194,'안은우','F',49,'인천','산재','2019-01-28'),
(195,'서수아','M',62,'고양','자동차보험','2016-07-12'),
(196,'류유진','F',51,'용인','자동차보험','2024-08-18'),
(197,'임윤서','F',72,'부산','자동차보험','2024-11-05'),
(198,'정민준','F',83,'수원','비급여','2020-06-14'),
(199,'서윤서','F',62,'전주','자동차보험','2015-07-12'),
(200,'윤서윤','M',59,'고양','비급여','2023-07-20');

CREATE TABLE rooms (room_id INT PRIMARY KEY, room_no VARCHAR(10), dept_id INT, bed_count INT);

INSERT INTO rooms VALUES
(1,'703호',1,6),
(2,'405호',1,1),
(3,'308호',11,4),
(4,'103호',12,1),
(5,'307호',12,1),
(6,'409호',5,2),
(7,'207호',7,2),
(8,'602호',3,6),
(9,'302호',1,1),
(10,'307호',2,6),
(11,'107호',8,6),
(12,'401호',4,6),
(13,'807호',3,2),
(14,'606호',2,2),
(15,'601호',1,6),
(16,'705호',9,2),
(17,'203호',9,6),
(18,'104호',10,1),
(19,'208호',12,4),
(20,'302호',5,6),
(21,'205호',4,6),
(22,'202호',3,4),
(23,'607호',11,2),
(24,'705호',10,4),
(25,'307호',1,4),
(26,'801호',12,1),
(27,'608호',7,1),
(28,'802호',7,4),
(29,'701호',2,6),
(30,'207호',12,4);

CREATE TABLE diagnoses (diagnosis_id INT PRIMARY KEY, diagnosis_name VARCHAR(30), icd_code VARCHAR(10));

INSERT INTO diagnoses VALUES
(1,'고혈압','K81'),
(2,'당뇨병','K44'),
(3,'감기','K20'),
(4,'위염','K64'),
(5,'골절','K42'),
(6,'아토피','K78'),
(7,'비염','K49'),
(8,'편두통','K80'),
(9,'천식','K55'),
(10,'빈혈','K85'),
(11,'우울증','K95'),
(12,'요통','K16'),
(13,'폐렴','K53'),
(14,'결막염','K66'),
(15,'갑상선기능저하','K98');

CREATE TABLE treatments (treatment_id INT PRIMARY KEY, treatment_name VARCHAR(30), base_cost INT);

INSERT INTO treatments VALUES
(1,'기본진찰',15000),
(2,'혈액검사',35000),
(3,'X-ray',45000),
(4,'초음파',80000),
(5,'물리치료',25000),
(6,'드레싱',20000),
(7,'주사',12000),
(8,'내시경',150000),
(9,'MRI',450000),
(10,'심전도',30000),
(11,'도수치료',90000),
(12,'예방접종',40000);

CREATE TABLE medications (medication_id INT PRIMARY KEY, medication_name VARCHAR(30), unit_price INT);

INSERT INTO medications VALUES
(1,'타이레놀',2000),
(2,'아목시실린',1200),
(3,'오메프라졸',1200),
(4,'메트포르민',800),
(5,'로사르탄',1500),
(6,'세티리진',3500),
(7,'이부프로펜',3500),
(8,'아스피린',800),
(9,'레보플록사신',1500),
(10,'판토프라졸',2000),
(11,'아토르바스타틴',1200),
(12,'프레드니솔론',1200);

CREATE TABLE appointments (appointment_id INT PRIMARY KEY, patient_id INT, doctor_id INT, appointment_date DATE, appointment_time VARCHAR(6), status VARCHAR(10));

INSERT INTO appointments VALUES
(1,62,18,'2024-06-10','16:00','완료'),
(2,29,30,'2024-02-06','09:00','완료'),
(3,149,4,'2024-07-07','09:00','완료'),
(4,80,1,'2024-07-17','16:00','완료'),
(5,195,2,'2024-06-25','14:00','완료'),
(6,9,15,'2024-03-08','13:00','취소'),
(7,24,20,'2024-05-26','09:00','완료'),
(8,113,22,'2024-04-16','16:00','예약'),
(9,19,11,'2024-05-17','11:00','예약'),
(10,42,12,'2024-04-10','14:00','완료'),
(11,115,24,'2024-03-06','11:00','완료'),
(12,169,20,'2024-07-04','13:00','완료'),
(13,194,28,'2024-01-13','14:00','예약'),
(14,70,24,'2024-06-27','11:00','완료'),
(15,114,13,'2024-02-11','16:00','취소'),
(16,8,19,'2024-05-13','09:00','완료'),
(17,184,29,'2024-10-25','16:00','예약'),
(18,82,12,'2024-12-01','11:00','취소'),
(19,159,3,'2024-10-10','16:00','예약'),
(20,67,24,'2024-07-03','13:00','완료'),
(21,61,9,'2024-03-15','08:00','완료'),
(22,177,11,'2024-07-27','15:00','완료'),
(23,196,8,'2024-11-12','09:00','예약'),
(24,196,7,'2024-11-12','11:00','완료'),
(25,196,15,'2024-09-24','08:00','취소'),
(26,61,5,'2024-05-08','11:00','완료'),
(27,73,11,'2024-02-10','08:00','예약'),
(28,111,28,'2024-08-12','09:00','완료'),
(29,137,1,'2024-11-20','11:00','완료'),
(30,37,23,'2024-09-15','14:00','취소'),
(31,176,14,'2024-06-11','14:00','완료'),
(32,86,17,'2024-08-11','14:00','완료'),
(33,194,5,'2024-01-28','10:00','완료'),
(34,125,20,'2024-04-27','09:00','완료'),
(35,5,2,'2024-10-22','15:00','완료'),
(36,125,26,'2024-09-27','11:00','취소'),
(37,98,27,'2024-02-12','15:00','완료'),
(38,148,7,'2024-12-26','11:00','완료'),
(39,34,21,'2024-06-04','10:00','예약'),
(40,132,18,'2024-09-07','14:00','예약'),
(41,192,7,'2024-10-25','16:00','완료'),
(42,187,17,'2024-01-03','14:00','완료'),
(43,167,20,'2024-04-28','13:00','완료'),
(44,121,18,'2024-05-16','14:00','예약'),
(45,35,20,'2024-01-05','10:00','완료'),
(46,76,2,'2024-12-18','14:00','완료'),
(47,111,12,'2024-10-26','09:00','완료'),
(48,128,8,'2024-09-08','10:00','완료'),
(49,131,5,'2024-10-23','10:00','완료'),
(50,73,8,'2024-08-27','14:00','취소'),
(51,122,30,'2024-02-12','08:00','완료'),
(52,56,5,'2024-01-10','15:00','완료'),
(53,37,6,'2024-02-23','08:00','취소'),
(54,111,11,'2024-03-13','14:00','완료'),
(55,71,25,'2024-08-05','14:00','완료'),
(56,103,27,'2024-09-02','08:00','취소'),
(57,23,23,'2024-06-02','16:00','취소'),
(58,139,5,'2024-09-05','16:00','완료'),
(59,10,26,'2024-07-23','13:00','예약'),
(60,94,13,'2024-09-20','11:00','완료'),
(61,10,16,'2024-08-09','14:00','취소'),
(62,130,26,'2024-12-20','10:00','완료'),
(63,163,2,'2024-02-16','16:00','완료'),
(64,143,27,'2024-08-07','16:00','완료'),
(65,141,5,'2024-12-15','10:00','예약'),
(66,122,26,'2024-09-11','09:00','완료'),
(67,105,10,'2024-01-01','08:00','취소'),
(68,52,10,'2024-10-23','11:00','완료'),
(69,199,3,'2024-07-24','10:00','완료'),
(70,154,1,'2024-01-21','13:00','취소'),
(71,192,14,'2024-07-01','13:00','예약'),
(72,48,18,'2024-11-23','16:00','완료'),
(73,81,12,'2024-10-05','10:00','완료'),
(74,158,8,'2024-01-09','16:00','완료'),
(75,1,26,'2024-09-27','11:00','예약'),
(76,158,28,'2024-10-14','09:00','예약'),
(77,51,5,'2024-07-24','08:00','취소'),
(78,63,17,'2024-07-01','08:00','예약'),
(79,160,21,'2024-09-16','14:00','취소'),
(80,35,3,'2024-12-13','16:00','예약'),
(81,69,3,'2024-01-26','15:00','예약'),
(82,185,14,'2024-03-09','14:00','완료'),
(83,72,3,'2024-02-03','09:00','취소'),
(84,106,3,'2024-05-07','16:00','완료'),
(85,171,29,'2024-12-22','16:00','취소'),
(86,19,10,'2024-03-06','11:00','완료'),
(87,56,15,'2024-11-11','08:00','완료'),
(88,179,20,'2024-11-14','11:00','완료'),
(89,21,22,'2024-08-13','16:00','취소'),
(90,75,12,'2024-08-18','15:00','완료'),
(91,168,29,'2024-07-22','15:00','예약'),
(92,127,17,'2024-07-20','13:00','취소'),
(93,145,9,'2024-11-16','16:00','취소'),
(94,14,7,'2024-06-25','09:00','예약'),
(95,175,17,'2024-12-28','10:00','예약'),
(96,62,2,'2024-05-02','10:00','완료'),
(97,25,19,'2024-02-24','16:00','완료'),
(98,2,9,'2024-03-07','13:00','완료'),
(99,147,27,'2024-05-12','11:00','완료'),
(100,119,25,'2024-12-07','11:00','예약'),
(101,124,7,'2024-06-15','16:00','완료'),
(102,78,4,'2024-01-03','14:00','완료'),
(103,148,1,'2024-02-21','16:00','취소'),
(104,69,12,'2024-08-01','08:00','취소'),
(105,190,20,'2024-04-11','08:00','예약'),
(106,196,30,'2024-07-27','16:00','완료'),
(107,101,21,'2024-09-04','13:00','완료'),
(108,80,27,'2024-01-23','08:00','취소'),
(109,53,13,'2024-08-04','08:00','완료'),
(110,45,22,'2024-10-17','13:00','취소'),
(111,21,5,'2024-11-06','09:00','예약'),
(112,104,17,'2024-04-17','14:00','완료'),
(113,93,17,'2024-01-16','10:00','완료'),
(114,133,11,'2024-07-02','08:00','예약'),
(115,119,14,'2024-11-13','11:00','취소'),
(116,182,26,'2024-11-10','15:00','완료'),
(117,139,14,'2024-12-10','15:00','완료'),
(118,77,5,'2024-09-05','16:00','완료'),
(119,194,17,'2024-11-18','13:00','완료'),
(120,11,26,'2024-01-28','16:00','완료'),
(121,10,15,'2024-07-28','09:00','예약'),
(122,36,29,'2024-10-15','13:00','완료'),
(123,85,27,'2024-11-23','11:00','취소'),
(124,9,6,'2024-03-04','15:00','완료'),
(125,40,18,'2024-11-20','16:00','완료'),
(126,154,26,'2024-01-12','13:00','완료'),
(127,164,20,'2024-07-18','14:00','완료'),
(128,63,22,'2024-04-09','09:00','예약'),
(129,43,25,'2024-07-14','13:00','예약'),
(130,20,21,'2024-09-08','10:00','취소'),
(131,45,9,'2024-07-16','16:00','예약'),
(132,48,28,'2024-10-20','08:00','완료'),
(133,85,26,'2024-07-28','08:00','취소'),
(134,98,1,'2024-01-22','13:00','취소'),
(135,188,17,'2024-11-10','15:00','완료'),
(136,22,21,'2024-05-28','10:00','예약'),
(137,162,7,'2024-07-26','15:00','완료'),
(138,176,9,'2024-03-18','13:00','완료'),
(139,38,5,'2024-02-26','14:00','취소'),
(140,134,2,'2024-12-13','15:00','완료'),
(141,132,22,'2024-08-17','10:00','완료'),
(142,47,24,'2024-11-22','14:00','완료'),
(143,146,10,'2024-11-25','14:00','완료'),
(144,55,14,'2024-08-10','10:00','취소'),
(145,169,18,'2024-03-15','10:00','완료'),
(146,196,28,'2024-10-10','09:00','취소'),
(147,49,10,'2024-10-01','09:00','완료'),
(148,114,1,'2024-04-13','16:00','완료'),
(149,165,21,'2024-03-14','10:00','완료'),
(150,200,2,'2024-05-25','14:00','완료'),
(151,171,12,'2024-09-21','16:00','예약'),
(152,180,28,'2024-06-10','16:00','완료'),
(153,145,23,'2024-12-05','15:00','완료'),
(154,57,15,'2024-12-16','15:00','완료'),
(155,121,18,'2024-03-05','11:00','예약'),
(156,137,3,'2024-10-02','09:00','완료'),
(157,103,13,'2024-12-23','10:00','취소'),
(158,42,26,'2024-04-27','14:00','완료'),
(159,139,12,'2024-04-02','09:00','완료'),
(160,82,6,'2024-08-22','10:00','완료'),
(161,144,25,'2024-06-16','15:00','완료'),
(162,160,8,'2024-03-28','09:00','완료'),
(163,172,15,'2024-01-18','15:00','취소'),
(164,88,13,'2024-07-07','08:00','취소'),
(165,78,25,'2024-12-16','10:00','완료'),
(166,164,25,'2024-04-06','15:00','완료'),
(167,73,15,'2024-06-23','10:00','예약'),
(168,86,11,'2024-08-09','08:00','완료'),
(169,83,9,'2024-08-17','16:00','취소'),
(170,6,12,'2024-07-10','13:00','완료'),
(171,134,13,'2024-09-05','14:00','완료'),
(172,48,30,'2024-10-06','16:00','예약'),
(173,133,11,'2024-12-17','09:00','완료'),
(174,112,1,'2024-08-11','15:00','취소'),
(175,200,27,'2024-12-23','09:00','완료'),
(176,68,24,'2024-11-04','15:00','예약'),
(177,66,16,'2024-12-27','16:00','완료'),
(178,61,25,'2024-02-18','14:00','예약'),
(179,130,26,'2024-08-11','13:00','예약'),
(180,184,13,'2024-10-05','11:00','완료'),
(181,104,17,'2024-10-20','09:00','완료'),
(182,41,20,'2024-04-03','14:00','완료'),
(183,200,25,'2024-08-03','09:00','예약'),
(184,194,29,'2024-04-22','08:00','완료'),
(185,14,29,'2024-03-21','16:00','완료'),
(186,187,25,'2024-03-04','16:00','완료'),
(187,30,18,'2024-12-10','14:00','완료'),
(188,150,10,'2024-03-23','10:00','완료'),
(189,2,11,'2024-01-14','14:00','예약'),
(190,137,4,'2024-09-07','11:00','예약'),
(191,72,13,'2024-06-13','14:00','완료'),
(192,106,13,'2024-06-11','10:00','취소'),
(193,12,7,'2024-12-28','13:00','완료'),
(194,155,16,'2024-07-02','08:00','완료'),
(195,188,5,'2024-11-11','14:00','완료'),
(196,7,11,'2024-05-17','09:00','완료'),
(197,94,7,'2024-07-27','15:00','취소'),
(198,66,30,'2024-12-15','14:00','완료'),
(199,128,16,'2024-02-13','16:00','완료'),
(200,84,5,'2024-07-11','10:00','예약');
INSERT INTO appointments VALUES
(201,92,18,'2024-10-25','16:00','취소'),
(202,56,26,'2024-03-12','08:00','완료'),
(203,12,12,'2024-10-27','13:00','취소'),
(204,1,20,'2024-06-28','15:00','완료'),
(205,154,25,'2024-09-06','16:00','취소'),
(206,157,16,'2024-04-27','08:00','완료'),
(207,159,20,'2024-03-12','08:00','취소'),
(208,99,21,'2024-08-15','11:00','완료'),
(209,83,21,'2024-04-15','09:00','완료'),
(210,14,4,'2024-12-20','09:00','완료'),
(211,103,19,'2024-08-08','13:00','예약'),
(212,56,16,'2024-02-06','09:00','예약'),
(213,94,17,'2024-06-20','09:00','완료'),
(214,160,20,'2024-08-27','11:00','완료'),
(215,80,28,'2024-07-11','11:00','완료'),
(216,75,16,'2024-05-09','13:00','완료'),
(217,146,1,'2024-08-15','08:00','취소'),
(218,76,15,'2024-09-17','10:00','예약'),
(219,12,22,'2024-04-26','09:00','완료'),
(220,168,3,'2024-08-18','13:00','예약'),
(221,80,30,'2024-01-05','09:00','완료'),
(222,171,11,'2024-12-10','13:00','예약'),
(223,195,2,'2024-01-09','13:00','완료'),
(224,13,24,'2024-03-17','16:00','완료'),
(225,158,1,'2024-03-10','08:00','완료'),
(226,102,15,'2024-02-11','10:00','예약'),
(227,17,18,'2024-04-17','16:00','완료'),
(228,166,2,'2024-04-24','10:00','예약'),
(229,17,24,'2024-07-22','15:00','완료'),
(230,85,16,'2024-01-09','14:00','완료'),
(231,63,27,'2024-03-06','08:00','완료'),
(232,139,27,'2024-10-19','15:00','취소'),
(233,55,27,'2024-06-04','14:00','취소'),
(234,145,27,'2024-04-14','14:00','완료'),
(235,95,27,'2024-12-16','10:00','예약'),
(236,28,1,'2024-04-24','13:00','완료'),
(237,160,11,'2024-05-23','10:00','완료'),
(238,196,11,'2024-06-09','14:00','예약'),
(239,18,16,'2024-03-09','08:00','완료'),
(240,99,28,'2024-12-17','10:00','완료'),
(241,122,22,'2024-01-09','08:00','완료'),
(242,133,7,'2024-12-18','14:00','취소'),
(243,133,20,'2024-06-12','08:00','취소'),
(244,44,18,'2024-12-16','08:00','완료'),
(245,15,29,'2024-03-20','13:00','완료'),
(246,129,16,'2024-04-24','08:00','완료'),
(247,12,13,'2024-06-18','08:00','완료'),
(248,192,1,'2024-08-09','11:00','완료'),
(249,40,20,'2024-02-04','10:00','취소'),
(250,161,3,'2024-06-27','13:00','예약'),
(251,41,4,'2024-01-13','09:00','완료'),
(252,187,23,'2024-02-28','11:00','취소'),
(253,139,18,'2024-12-02','16:00','완료'),
(254,52,30,'2024-12-15','14:00','취소'),
(255,7,26,'2024-08-26','15:00','완료'),
(256,76,21,'2024-09-13','08:00','완료'),
(257,51,25,'2024-04-15','14:00','완료'),
(258,128,18,'2024-07-17','13:00','완료'),
(259,117,23,'2024-11-23','11:00','완료'),
(260,82,1,'2024-03-25','09:00','완료'),
(261,180,11,'2024-11-21','15:00','취소'),
(262,150,28,'2024-12-22','16:00','완료'),
(263,34,25,'2024-07-05','13:00','취소'),
(264,45,8,'2024-12-12','11:00','예약'),
(265,37,27,'2024-07-12','16:00','완료'),
(266,149,4,'2024-07-23','16:00','예약'),
(267,86,13,'2024-11-23','16:00','예약'),
(268,172,25,'2024-03-28','10:00','예약'),
(269,130,11,'2024-06-13','16:00','예약'),
(270,65,4,'2024-05-28','16:00','완료'),
(271,75,7,'2024-12-06','15:00','취소'),
(272,179,4,'2024-08-20','14:00','완료'),
(273,165,19,'2024-12-10','10:00','완료'),
(274,5,26,'2024-12-28','15:00','완료'),
(275,2,2,'2024-10-27','09:00','예약'),
(276,116,16,'2024-08-05','11:00','완료'),
(277,16,25,'2024-03-27','10:00','완료'),
(278,8,2,'2024-08-01','11:00','완료'),
(279,72,20,'2024-08-10','08:00','완료'),
(280,67,1,'2024-07-22','13:00','완료'),
(281,189,24,'2024-08-22','11:00','예약'),
(282,164,22,'2024-02-07','11:00','취소'),
(283,16,27,'2024-02-12','14:00','취소'),
(284,128,10,'2024-10-04','13:00','완료'),
(285,122,22,'2024-12-04','08:00','예약'),
(286,75,4,'2024-04-01','13:00','취소'),
(287,17,19,'2024-04-25','15:00','취소'),
(288,104,11,'2024-01-25','11:00','완료'),
(289,62,25,'2024-06-28','14:00','취소'),
(290,149,2,'2024-04-22','10:00','취소'),
(291,41,18,'2024-10-17','11:00','완료'),
(292,116,26,'2024-09-01','15:00','완료'),
(293,42,8,'2024-02-02','09:00','완료'),
(294,125,5,'2024-06-13','11:00','완료'),
(295,125,19,'2024-07-04','11:00','예약'),
(296,123,20,'2024-05-14','09:00','완료'),
(297,148,16,'2024-09-22','14:00','완료'),
(298,31,14,'2024-09-19','08:00','완료'),
(299,48,9,'2024-05-07','08:00','완료'),
(300,3,13,'2024-10-13','13:00','완료'),
(301,56,29,'2024-01-22','15:00','완료'),
(302,28,15,'2024-06-16','09:00','완료'),
(303,63,4,'2024-07-10','13:00','완료'),
(304,81,27,'2024-07-10','11:00','완료'),
(305,1,17,'2024-03-21','09:00','완료'),
(306,160,5,'2024-02-10','10:00','완료'),
(307,200,10,'2024-05-06','15:00','완료'),
(308,193,30,'2024-08-24','09:00','완료'),
(309,49,20,'2024-06-24','16:00','예약'),
(310,126,15,'2024-04-15','08:00','취소'),
(311,92,30,'2024-06-20','11:00','완료'),
(312,109,14,'2024-01-23','10:00','예약'),
(313,79,27,'2024-03-03','08:00','예약'),
(314,150,23,'2024-04-26','11:00','예약'),
(315,60,21,'2024-10-20','11:00','완료'),
(316,99,11,'2024-09-18','10:00','취소'),
(317,120,2,'2024-04-01','08:00','취소'),
(318,118,12,'2024-05-08','15:00','완료'),
(319,23,22,'2024-09-03','14:00','완료'),
(320,73,5,'2024-11-01','11:00','완료'),
(321,82,22,'2024-10-21','11:00','취소'),
(322,190,6,'2024-05-22','15:00','예약'),
(323,87,26,'2024-01-02','09:00','완료'),
(324,42,15,'2024-08-17','15:00','완료'),
(325,15,4,'2024-03-02','14:00','취소'),
(326,30,18,'2024-06-12','09:00','완료'),
(327,196,1,'2024-02-06','08:00','완료'),
(328,144,27,'2024-01-05','11:00','완료'),
(329,134,22,'2024-07-07','14:00','완료'),
(330,58,8,'2024-09-22','09:00','취소'),
(331,67,29,'2024-05-20','15:00','예약'),
(332,17,3,'2024-10-04','16:00','예약'),
(333,200,11,'2024-02-15','14:00','완료'),
(334,67,18,'2024-04-20','13:00','예약'),
(335,182,8,'2024-10-20','13:00','완료'),
(336,122,22,'2024-11-08','10:00','취소'),
(337,174,23,'2024-11-03','16:00','완료'),
(338,173,15,'2024-02-03','16:00','취소'),
(339,97,26,'2024-04-28','14:00','완료'),
(340,12,16,'2024-03-12','13:00','완료'),
(341,13,8,'2024-05-22','09:00','완료'),
(342,116,11,'2024-07-26','10:00','완료'),
(343,162,3,'2024-08-13','15:00','취소'),
(344,58,21,'2024-07-08','14:00','취소'),
(345,138,16,'2024-07-13','16:00','완료'),
(346,170,19,'2024-04-12','13:00','완료'),
(347,106,13,'2024-04-13','08:00','완료'),
(348,7,7,'2024-11-25','08:00','완료'),
(349,136,27,'2024-01-12','16:00','완료'),
(350,100,28,'2024-02-22','11:00','완료'),
(351,111,12,'2024-06-03','13:00','완료'),
(352,65,17,'2024-07-24','13:00','예약'),
(353,148,14,'2024-06-10','08:00','완료'),
(354,43,26,'2024-04-01','13:00','완료'),
(355,51,22,'2024-04-07','08:00','완료'),
(356,37,4,'2024-05-01','15:00','완료'),
(357,137,2,'2024-02-15','08:00','취소'),
(358,116,18,'2024-10-26','09:00','완료'),
(359,87,24,'2024-04-08','10:00','취소'),
(360,87,14,'2024-07-10','08:00','취소'),
(361,103,26,'2024-01-03','08:00','취소'),
(362,4,4,'2024-02-24','08:00','완료'),
(363,163,21,'2024-09-28','11:00','취소'),
(364,175,28,'2024-08-09','10:00','예약'),
(365,17,21,'2024-05-14','13:00','완료'),
(366,77,28,'2024-10-07','11:00','완료'),
(367,46,13,'2024-11-11','09:00','완료'),
(368,96,25,'2024-07-11','09:00','완료'),
(369,164,20,'2024-04-25','08:00','취소'),
(370,79,15,'2024-10-13','15:00','완료'),
(371,88,8,'2024-10-11','09:00','완료'),
(372,10,20,'2024-02-13','08:00','완료'),
(373,155,10,'2024-11-26','10:00','완료'),
(374,103,8,'2024-11-14','11:00','완료'),
(375,185,23,'2024-07-04','10:00','예약'),
(376,54,19,'2024-07-08','13:00','예약'),
(377,25,30,'2024-01-04','08:00','취소'),
(378,32,24,'2024-10-24','09:00','취소'),
(379,19,24,'2024-01-21','16:00','완료'),
(380,185,10,'2024-12-19','15:00','취소'),
(381,166,1,'2024-06-02','14:00','취소'),
(382,106,4,'2024-08-10','16:00','완료'),
(383,171,21,'2024-09-16','09:00','완료'),
(384,168,18,'2024-07-11','14:00','완료'),
(385,45,17,'2024-08-25','15:00','완료'),
(386,162,9,'2024-07-20','14:00','완료'),
(387,72,26,'2024-06-22','08:00','취소'),
(388,88,11,'2024-03-10','16:00','취소'),
(389,155,28,'2024-10-23','15:00','완료'),
(390,175,19,'2024-05-01','16:00','예약'),
(391,87,3,'2024-07-06','15:00','완료'),
(392,34,6,'2024-03-04','11:00','취소'),
(393,32,29,'2024-12-04','11:00','완료'),
(394,31,29,'2024-05-04','10:00','완료'),
(395,55,3,'2024-05-07','14:00','완료'),
(396,65,16,'2024-09-17','11:00','취소'),
(397,139,21,'2024-06-24','16:00','완료'),
(398,77,2,'2024-04-14','15:00','완료'),
(399,157,14,'2024-10-04','16:00','완료'),
(400,9,23,'2024-08-02','15:00','취소');
INSERT INTO appointments VALUES
(401,103,11,'2024-06-15','14:00','예약'),
(402,163,26,'2024-01-24','16:00','완료'),
(403,185,25,'2024-08-12','08:00','취소'),
(404,168,2,'2024-07-12','14:00','완료'),
(405,2,4,'2024-01-18','16:00','취소'),
(406,189,27,'2024-06-21','08:00','완료'),
(407,93,23,'2024-03-11','16:00','완료'),
(408,86,8,'2024-02-03','14:00','완료'),
(409,159,22,'2024-12-07','09:00','취소'),
(410,100,28,'2024-11-01','11:00','완료'),
(411,173,15,'2024-08-24','13:00','완료'),
(412,179,16,'2024-08-23','09:00','완료'),
(413,99,3,'2024-11-10','10:00','완료'),
(414,78,6,'2024-09-09','11:00','완료'),
(415,128,9,'2024-01-17','09:00','취소'),
(416,176,1,'2024-01-09','13:00','취소'),
(417,82,27,'2024-07-14','11:00','예약'),
(418,4,27,'2024-03-10','14:00','완료'),
(419,152,11,'2024-01-12','15:00','완료'),
(420,6,4,'2024-11-13','15:00','완료'),
(421,172,29,'2024-04-11','13:00','완료'),
(422,175,8,'2024-03-28','11:00','완료'),
(423,105,15,'2024-11-23','11:00','완료'),
(424,150,16,'2024-04-05','13:00','완료'),
(425,148,1,'2024-05-27','09:00','완료'),
(426,183,23,'2024-11-12','16:00','예약'),
(427,80,26,'2024-11-18','15:00','예약'),
(428,119,14,'2024-03-28','10:00','예약'),
(429,139,28,'2024-07-22','09:00','취소'),
(430,55,13,'2024-02-27','14:00','취소'),
(431,135,29,'2024-09-09','13:00','완료'),
(432,79,21,'2024-06-21','14:00','완료'),
(433,3,27,'2024-11-16','10:00','완료'),
(434,95,16,'2024-06-25','15:00','완료'),
(435,51,27,'2024-12-03','13:00','완료'),
(436,138,25,'2024-07-23','13:00','취소'),
(437,82,6,'2024-10-08','16:00','완료'),
(438,104,6,'2024-01-24','10:00','완료'),
(439,118,19,'2024-09-02','16:00','취소'),
(440,189,4,'2024-10-07','16:00','예약'),
(441,72,2,'2024-07-21','10:00','취소'),
(442,156,12,'2024-02-01','14:00','완료'),
(443,107,5,'2024-06-22','09:00','취소'),
(444,192,13,'2024-12-25','11:00','완료'),
(445,56,29,'2024-06-08','15:00','완료'),
(446,42,10,'2024-08-22','11:00','취소'),
(447,124,10,'2024-06-13','08:00','완료'),
(448,8,2,'2024-06-06','15:00','완료'),
(449,75,12,'2024-02-23','08:00','완료'),
(450,76,2,'2024-10-22','14:00','완료'),
(451,186,21,'2024-07-14','10:00','완료'),
(452,100,22,'2024-01-19','08:00','예약'),
(453,193,23,'2024-11-07','15:00','완료'),
(454,113,11,'2024-03-26','11:00','완료'),
(455,92,26,'2024-01-20','13:00','예약'),
(456,9,5,'2024-05-05','13:00','완료'),
(457,96,19,'2024-05-06','11:00','예약'),
(458,181,5,'2024-12-15','11:00','예약'),
(459,41,3,'2024-09-04','08:00','완료'),
(460,147,16,'2024-11-13','10:00','취소'),
(461,167,23,'2024-06-17','11:00','완료'),
(462,108,22,'2024-12-11','09:00','예약'),
(463,184,9,'2024-01-15','09:00','완료'),
(464,36,1,'2024-09-06','10:00','완료'),
(465,164,29,'2024-03-03','10:00','완료'),
(466,137,15,'2024-05-22','16:00','완료'),
(467,140,22,'2024-04-10','11:00','취소'),
(468,171,26,'2024-05-15','08:00','완료'),
(469,17,8,'2024-07-12','15:00','완료'),
(470,107,27,'2024-10-08','13:00','완료'),
(471,62,24,'2024-08-24','14:00','예약'),
(472,22,9,'2024-02-18','11:00','완료'),
(473,21,13,'2024-01-23','08:00','예약'),
(474,119,25,'2024-04-15','11:00','완료'),
(475,118,9,'2024-12-13','13:00','완료'),
(476,85,7,'2024-09-14','10:00','완료'),
(477,144,15,'2024-01-27','10:00','완료'),
(478,184,22,'2024-01-13','14:00','완료'),
(479,111,18,'2024-06-09','16:00','완료'),
(480,197,24,'2024-12-14','15:00','완료'),
(481,11,18,'2024-04-24','14:00','취소'),
(482,36,27,'2024-02-01','10:00','예약'),
(483,39,23,'2024-02-19','15:00','취소'),
(484,9,26,'2024-05-10','13:00','완료'),
(485,30,30,'2024-07-02','15:00','완료'),
(486,73,12,'2024-12-17','16:00','완료'),
(487,46,14,'2024-07-02','14:00','취소'),
(488,188,26,'2024-12-12','10:00','완료'),
(489,171,22,'2024-03-13','10:00','완료'),
(490,55,10,'2024-01-05','16:00','취소'),
(491,116,6,'2024-09-15','08:00','예약'),
(492,95,19,'2024-06-20','14:00','완료'),
(493,50,7,'2024-04-15','08:00','완료'),
(494,147,16,'2024-03-25','11:00','완료'),
(495,141,2,'2024-10-03','16:00','완료'),
(496,175,19,'2024-08-11','13:00','취소'),
(497,86,4,'2024-11-03','08:00','완료'),
(498,98,26,'2024-11-10','14:00','예약'),
(499,10,1,'2024-12-01','10:00','완료'),
(500,92,27,'2024-06-11','14:00','완료'),
(501,175,30,'2024-05-01','09:00','완료'),
(502,34,9,'2024-09-25','08:00','예약'),
(503,137,12,'2024-09-16','13:00','예약'),
(504,183,7,'2024-03-25','15:00','취소'),
(505,48,17,'2024-09-15','08:00','완료'),
(506,82,23,'2024-10-14','15:00','완료'),
(507,189,25,'2024-08-16','08:00','완료'),
(508,34,9,'2024-11-28','09:00','완료'),
(509,50,14,'2024-02-05','15:00','완료'),
(510,94,9,'2024-01-24','14:00','완료'),
(511,127,26,'2024-12-18','11:00','완료'),
(512,51,30,'2024-06-11','13:00','예약'),
(513,155,1,'2024-04-20','10:00','완료'),
(514,127,4,'2024-10-01','16:00','완료'),
(515,48,13,'2024-01-18','10:00','완료'),
(516,160,21,'2024-07-19','10:00','취소'),
(517,137,4,'2024-03-20','10:00','완료'),
(518,176,21,'2024-03-20','11:00','취소'),
(519,160,28,'2024-09-21','09:00','예약'),
(520,83,29,'2024-05-21','11:00','예약'),
(521,136,26,'2024-05-21','16:00','완료'),
(522,108,23,'2024-07-18','09:00','예약'),
(523,184,6,'2024-11-27','13:00','취소'),
(524,169,1,'2024-11-26','09:00','완료'),
(525,149,1,'2024-06-23','11:00','완료'),
(526,89,12,'2024-09-18','14:00','완료'),
(527,90,19,'2024-09-02','15:00','완료'),
(528,57,4,'2024-04-25','15:00','예약'),
(529,155,7,'2024-06-01','14:00','예약'),
(530,1,24,'2024-09-26','15:00','완료'),
(531,13,4,'2024-06-26','11:00','완료'),
(532,26,18,'2024-04-20','16:00','완료'),
(533,61,8,'2024-03-05','14:00','완료'),
(534,173,20,'2024-03-01','11:00','완료'),
(535,90,10,'2024-10-23','15:00','예약'),
(536,74,21,'2024-03-13','10:00','완료'),
(537,125,28,'2024-11-22','16:00','완료'),
(538,180,16,'2024-05-20','16:00','완료'),
(539,71,13,'2024-07-27','13:00','완료'),
(540,148,12,'2024-05-22','10:00','취소'),
(541,53,21,'2024-01-22','16:00','완료'),
(542,163,4,'2024-07-20','14:00','예약'),
(543,22,13,'2024-03-22','16:00','완료'),
(544,113,11,'2024-02-27','11:00','완료'),
(545,46,4,'2024-07-04','08:00','완료'),
(546,189,4,'2024-12-27','13:00','완료'),
(547,176,3,'2024-01-07','11:00','예약'),
(548,113,3,'2024-07-18','10:00','완료'),
(549,86,21,'2024-10-10','14:00','완료'),
(550,109,6,'2024-06-22','10:00','취소'),
(551,22,27,'2024-08-10','14:00','취소'),
(552,125,7,'2024-08-24','15:00','완료'),
(553,99,24,'2024-08-08','11:00','완료'),
(554,159,18,'2024-05-09','09:00','취소'),
(555,53,9,'2024-11-06','09:00','완료'),
(556,136,29,'2024-01-22','16:00','예약'),
(557,114,3,'2024-09-14','09:00','완료'),
(558,160,11,'2024-09-09','10:00','완료'),
(559,107,24,'2024-08-04','16:00','완료'),
(560,105,22,'2024-02-25','10:00','완료'),
(561,127,24,'2024-03-03','10:00','완료'),
(562,64,22,'2024-04-20','15:00','취소'),
(563,24,13,'2024-05-21','08:00','취소'),
(564,103,23,'2024-08-26','08:00','완료'),
(565,178,21,'2024-12-22','16:00','완료'),
(566,154,28,'2024-08-07','11:00','완료'),
(567,155,11,'2024-11-26','10:00','취소'),
(568,1,7,'2024-10-08','15:00','완료'),
(569,86,27,'2024-04-27','15:00','취소'),
(570,50,28,'2024-01-25','11:00','완료'),
(571,17,12,'2024-03-17','16:00','완료'),
(572,47,29,'2024-11-24','09:00','완료'),
(573,83,25,'2024-09-11','15:00','완료'),
(574,168,13,'2024-06-14','11:00','완료'),
(575,143,11,'2024-10-02','11:00','완료'),
(576,191,7,'2024-06-11','08:00','완료'),
(577,121,13,'2024-06-20','11:00','완료'),
(578,11,24,'2024-08-25','15:00','완료'),
(579,20,21,'2024-10-25','11:00','예약'),
(580,70,4,'2024-12-09','13:00','취소'),
(581,38,20,'2024-03-13','14:00','예약'),
(582,85,21,'2024-07-22','08:00','취소'),
(583,67,19,'2024-10-04','10:00','완료'),
(584,113,17,'2024-09-13','09:00','취소'),
(585,174,10,'2024-03-06','16:00','완료'),
(586,20,30,'2024-03-28','10:00','취소'),
(587,86,15,'2024-09-21','15:00','완료'),
(588,101,21,'2024-07-28','13:00','완료'),
(589,92,1,'2024-01-15','15:00','완료'),
(590,194,29,'2024-10-25','15:00','예약'),
(591,122,24,'2024-10-23','09:00','예약'),
(592,128,6,'2024-05-12','09:00','예약'),
(593,116,5,'2024-05-26','14:00','완료'),
(594,64,4,'2024-04-26','14:00','완료'),
(595,36,25,'2024-08-06','13:00','완료'),
(596,52,14,'2024-03-18','10:00','완료'),
(597,74,1,'2024-12-07','09:00','취소'),
(598,54,5,'2024-12-23','10:00','예약'),
(599,139,10,'2024-09-08','10:00','예약'),
(600,6,20,'2024-08-10','14:00','완료');
INSERT INTO appointments VALUES
(601,108,10,'2024-09-13','13:00','완료'),
(602,84,25,'2024-11-16','08:00','완료'),
(603,5,13,'2024-11-12','08:00','예약'),
(604,142,8,'2024-12-21','16:00','완료'),
(605,3,29,'2024-03-16','08:00','완료'),
(606,58,2,'2024-08-23','08:00','취소'),
(607,20,26,'2024-06-03','15:00','취소'),
(608,173,23,'2024-12-23','13:00','예약'),
(609,174,20,'2024-07-28','13:00','예약'),
(610,102,27,'2024-02-07','13:00','취소'),
(611,149,16,'2024-05-05','11:00','취소'),
(612,18,7,'2024-11-16','16:00','완료'),
(613,26,25,'2024-08-17','09:00','완료'),
(614,35,17,'2024-02-14','10:00','완료'),
(615,187,1,'2024-04-14','08:00','완료'),
(616,17,26,'2024-08-01','13:00','완료'),
(617,86,7,'2024-02-28','08:00','완료'),
(618,6,30,'2024-09-11','10:00','완료'),
(619,156,21,'2024-06-18','08:00','완료'),
(620,149,9,'2024-03-09','15:00','완료'),
(621,89,1,'2024-02-03','14:00','완료'),
(622,119,17,'2024-05-09','09:00','완료'),
(623,88,28,'2024-11-15','11:00','완료'),
(624,71,24,'2024-06-03','08:00','완료'),
(625,125,24,'2024-02-03','09:00','예약'),
(626,179,11,'2024-01-18','10:00','완료'),
(627,70,19,'2024-07-14','14:00','취소'),
(628,168,3,'2024-02-07','11:00','완료'),
(629,137,16,'2024-12-06','14:00','완료'),
(630,104,17,'2024-09-24','11:00','완료'),
(631,34,26,'2024-01-04','13:00','완료'),
(632,108,25,'2024-12-24','14:00','완료'),
(633,152,9,'2024-02-13','16:00','완료'),
(634,193,3,'2024-03-03','15:00','완료'),
(635,148,27,'2024-05-10','08:00','취소'),
(636,159,21,'2024-11-13','14:00','완료'),
(637,180,12,'2024-08-13','16:00','완료'),
(638,12,23,'2024-09-10','08:00','취소'),
(639,169,2,'2024-11-11','11:00','완료'),
(640,71,24,'2024-08-11','15:00','완료'),
(641,29,24,'2024-06-16','14:00','취소'),
(642,124,12,'2024-09-26','10:00','취소'),
(643,199,26,'2024-12-27','09:00','완료'),
(644,172,14,'2024-11-28','14:00','예약'),
(645,193,20,'2024-07-06','08:00','완료'),
(646,19,16,'2024-01-16','09:00','예약'),
(647,135,20,'2024-10-23','10:00','완료'),
(648,110,22,'2024-12-18','15:00','완료'),
(649,81,29,'2024-04-20','09:00','예약'),
(650,81,13,'2024-08-19','16:00','완료'),
(651,158,8,'2024-01-19','08:00','완료'),
(652,83,30,'2024-02-17','14:00','완료'),
(653,15,3,'2024-10-16','11:00','예약'),
(654,74,19,'2024-01-23','10:00','완료'),
(655,74,21,'2024-09-14','09:00','완료'),
(656,26,8,'2024-09-02','09:00','완료'),
(657,41,30,'2024-01-22','14:00','완료'),
(658,13,8,'2024-05-27','14:00','완료'),
(659,102,19,'2024-10-17','13:00','예약'),
(660,25,15,'2024-12-25','09:00','완료'),
(661,66,16,'2024-02-04','13:00','취소'),
(662,87,24,'2024-12-27','08:00','취소'),
(663,24,20,'2024-08-16','08:00','취소'),
(664,55,8,'2024-12-09','14:00','예약'),
(665,174,26,'2024-11-20','10:00','완료'),
(666,50,1,'2024-12-10','16:00','완료'),
(667,121,28,'2024-10-01','09:00','완료'),
(668,157,30,'2024-06-20','10:00','완료'),
(669,72,22,'2024-12-11','14:00','완료'),
(670,12,13,'2024-11-08','11:00','완료'),
(671,177,12,'2024-03-25','14:00','완료'),
(672,194,30,'2024-09-04','13:00','완료'),
(673,152,21,'2024-12-13','11:00','완료'),
(674,127,10,'2024-12-14','13:00','예약'),
(675,137,11,'2024-05-09','14:00','완료'),
(676,42,4,'2024-12-01','09:00','완료'),
(677,133,13,'2024-11-15','10:00','완료'),
(678,113,7,'2024-09-25','10:00','예약'),
(679,57,23,'2024-11-17','14:00','완료'),
(680,151,17,'2024-03-05','14:00','완료'),
(681,67,19,'2024-04-16','11:00','취소'),
(682,79,11,'2024-12-24','13:00','완료'),
(683,44,12,'2024-03-22','08:00','취소'),
(684,80,5,'2024-05-15','15:00','완료'),
(685,56,9,'2024-11-23','15:00','완료'),
(686,22,15,'2024-10-03','16:00','취소'),
(687,29,23,'2024-01-22','11:00','취소'),
(688,119,2,'2024-02-16','14:00','취소'),
(689,27,22,'2024-02-27','15:00','완료'),
(690,36,19,'2024-02-05','10:00','취소'),
(691,38,15,'2024-01-07','14:00','예약'),
(692,42,17,'2024-03-13','11:00','예약'),
(693,80,26,'2024-11-16','11:00','완료'),
(694,56,14,'2024-11-22','16:00','완료'),
(695,84,18,'2024-08-05','08:00','취소'),
(696,134,15,'2024-11-22','11:00','완료'),
(697,195,19,'2024-02-10','10:00','완료'),
(698,1,30,'2024-10-02','10:00','예약'),
(699,117,26,'2024-12-27','09:00','예약'),
(700,16,27,'2024-07-25','15:00','완료');

CREATE TABLE appointment_diagnoses (id INT PRIMARY KEY, appointment_id INT, diagnosis_id INT);

INSERT INTO appointment_diagnoses VALUES
(1,1,12),
(2,2,13),
(3,2,10),
(4,3,12),
(5,3,11),
(6,4,12),
(7,5,9),
(8,7,3),
(9,7,15),
(10,10,14),
(11,10,13),
(12,11,8),
(13,12,2),
(14,14,15),
(15,14,5),
(16,16,12),
(17,20,11),
(18,20,2),
(19,21,14),
(20,22,14),
(21,22,1),
(22,24,11),
(23,24,14),
(24,26,2),
(25,28,4),
(26,28,10),
(27,29,3),
(28,29,2),
(29,31,6),
(30,31,15),
(31,32,6),
(32,32,9),
(33,33,10),
(34,33,3),
(35,34,4),
(36,34,3),
(37,35,11),
(38,35,8),
(39,37,1),
(40,38,3),
(41,41,5),
(42,42,15),
(43,42,4),
(44,43,5),
(45,45,6),
(46,46,9),
(47,47,8),
(48,47,10),
(49,48,11),
(50,48,3),
(51,49,10),
(52,51,13),
(53,51,15),
(54,52,4),
(55,52,7),
(56,54,8),
(57,55,15),
(58,55,1),
(59,58,12),
(60,60,12),
(61,62,8),
(62,62,9),
(63,63,3),
(64,63,2),
(65,64,12),
(66,66,8),
(67,68,8),
(68,69,1),
(69,69,7),
(70,72,13),
(71,72,12),
(72,73,9),
(73,74,14),
(74,74,15),
(75,82,15),
(76,82,2),
(77,84,12),
(78,86,7),
(79,86,5),
(80,87,3),
(81,88,2),
(82,90,15),
(83,96,11),
(84,97,10),
(85,98,5),
(86,98,7),
(87,99,1),
(88,101,12),
(89,102,11),
(90,102,9),
(91,106,7),
(92,106,12),
(93,107,15),
(94,107,12),
(95,109,11),
(96,109,12),
(97,112,7),
(98,113,6),
(99,116,11),
(100,116,5),
(101,117,5),
(102,117,15),
(103,118,10),
(104,119,13),
(105,120,8),
(106,122,10),
(107,122,15),
(108,124,14),
(109,125,5),
(110,125,6),
(111,126,9),
(112,126,13),
(113,127,2),
(114,127,15),
(115,132,5),
(116,135,1),
(117,137,11),
(118,138,3),
(119,140,1),
(120,140,14),
(121,141,15),
(122,142,12),
(123,143,3),
(124,143,1),
(125,145,1),
(126,147,4),
(127,148,10),
(128,149,12),
(129,150,1),
(130,150,13),
(131,152,13),
(132,152,4),
(133,153,1),
(134,154,1),
(135,156,5),
(136,158,8),
(137,159,14),
(138,160,6),
(139,161,8),
(140,161,4),
(141,162,2),
(142,162,3),
(143,165,5),
(144,165,14),
(145,166,11),
(146,166,10),
(147,168,12),
(148,170,7),
(149,171,13),
(150,173,3),
(151,173,2),
(152,175,11),
(153,177,4),
(154,177,9),
(155,180,12),
(156,180,3),
(157,181,12),
(158,181,5),
(159,182,15),
(160,184,11),
(161,184,7),
(162,185,4),
(163,185,15),
(164,186,7),
(165,187,4),
(166,188,3),
(167,188,14),
(168,191,10),
(169,193,13),
(170,193,2),
(171,194,7),
(172,195,11),
(173,196,5),
(174,196,6),
(175,198,12),
(176,199,9),
(177,199,14),
(178,202,4),
(179,204,5),
(180,204,6),
(181,206,11),
(182,206,12),
(183,208,10),
(184,208,13),
(185,209,7),
(186,210,2),
(187,210,13),
(188,213,13),
(189,214,11),
(190,215,10),
(191,215,4),
(192,216,6),
(193,219,14),
(194,221,6),
(195,223,12),
(196,224,2),
(197,224,5),
(198,225,14),
(199,225,1),
(200,227,9);
INSERT INTO appointment_diagnoses VALUES
(201,227,14),
(202,229,2),
(203,230,3),
(204,231,9),
(205,234,11),
(206,234,5),
(207,236,13),
(208,236,3),
(209,237,11),
(210,239,6),
(211,240,13),
(212,240,10),
(213,241,9),
(214,244,6),
(215,245,12),
(216,245,9),
(217,246,8),
(218,246,2),
(219,247,2),
(220,247,3),
(221,248,6),
(222,248,15),
(223,251,14),
(224,253,5),
(225,253,11),
(226,255,5),
(227,256,13),
(228,257,3),
(229,257,14),
(230,258,2),
(231,259,11),
(232,259,15),
(233,260,12),
(234,260,13),
(235,262,4),
(236,265,14),
(237,270,10),
(238,272,15),
(239,272,12),
(240,273,15),
(241,273,2),
(242,274,8),
(243,276,5),
(244,277,10),
(245,278,8),
(246,278,7),
(247,279,4),
(248,279,8),
(249,280,7),
(250,284,6),
(251,288,12),
(252,291,14),
(253,292,10),
(254,293,8),
(255,294,9),
(256,296,8),
(257,297,13),
(258,297,1),
(259,298,14),
(260,299,13),
(261,299,6),
(262,300,11),
(263,301,5),
(264,301,2),
(265,302,2),
(266,302,10),
(267,303,10),
(268,304,4),
(269,305,6),
(270,305,12),
(271,306,3),
(272,307,13),
(273,307,14),
(274,308,3),
(275,311,4),
(276,315,13),
(277,315,6),
(278,318,15),
(279,319,4),
(280,320,14),
(281,320,3),
(282,323,6),
(283,323,14),
(284,324,6),
(285,324,3),
(286,326,3),
(287,327,10),
(288,328,2),
(289,328,5),
(290,329,4),
(291,329,3),
(292,333,9),
(293,335,15),
(294,337,13),
(295,337,10),
(296,339,10),
(297,339,3),
(298,340,5),
(299,341,6),
(300,342,6),
(301,345,11),
(302,345,5),
(303,346,6),
(304,346,11),
(305,347,2),
(306,347,5),
(307,348,3),
(308,349,13),
(309,349,7),
(310,350,3),
(311,351,2),
(312,351,6),
(313,353,13),
(314,353,1),
(315,354,8),
(316,355,6),
(317,356,11),
(318,356,3),
(319,358,9),
(320,358,4),
(321,362,9),
(322,362,7),
(323,365,7),
(324,365,1),
(325,366,4),
(326,366,9),
(327,367,9),
(328,368,7),
(329,370,6),
(330,371,5),
(331,372,2),
(332,372,10),
(333,373,15),
(334,374,11),
(335,374,7),
(336,379,15),
(337,379,3),
(338,382,5),
(339,383,2),
(340,383,10),
(341,384,9),
(342,385,5),
(343,385,3),
(344,386,4),
(345,389,12),
(346,389,1),
(347,391,11),
(348,393,6),
(349,394,10),
(350,394,4),
(351,395,15),
(352,397,12),
(353,398,14),
(354,398,10),
(355,399,13),
(356,402,11),
(357,402,10),
(358,404,2),
(359,404,11),
(360,406,5),
(361,406,1),
(362,407,2),
(363,408,3),
(364,408,4),
(365,410,10),
(366,410,12),
(367,411,1),
(368,412,11),
(369,413,2),
(370,414,15),
(371,418,8),
(372,418,5),
(373,419,12),
(374,420,7),
(375,421,4),
(376,421,7),
(377,422,1),
(378,423,1),
(379,424,7),
(380,425,4),
(381,431,6),
(382,431,2),
(383,432,2),
(384,432,3),
(385,433,14),
(386,433,1),
(387,434,3),
(388,435,11),
(389,437,5),
(390,438,3),
(391,438,13),
(392,442,12),
(393,444,13),
(394,445,7),
(395,445,9),
(396,447,4),
(397,448,6),
(398,449,2),
(399,449,9),
(400,450,5);
INSERT INTO appointment_diagnoses VALUES
(401,450,1),
(402,451,12),
(403,451,7),
(404,453,10),
(405,453,4),
(406,454,3),
(407,456,14),
(408,459,6),
(409,459,5),
(410,461,5),
(411,461,7),
(412,463,4),
(413,464,15),
(414,464,10),
(415,465,3),
(416,466,10),
(417,468,6),
(418,469,2),
(419,469,10),
(420,470,5),
(421,472,9),
(422,472,15),
(423,474,15),
(424,475,4),
(425,476,7),
(426,476,1),
(427,477,13),
(428,478,9),
(429,479,8),
(430,479,12),
(431,480,4),
(432,484,12),
(433,485,2),
(434,485,10),
(435,486,1),
(436,486,6),
(437,488,4),
(438,489,10),
(439,489,14),
(440,492,1),
(441,492,10),
(442,493,8),
(443,493,12),
(444,494,1),
(445,495,11),
(446,497,6),
(447,499,4),
(448,499,14),
(449,500,10),
(450,501,12),
(451,501,13),
(452,505,3),
(453,506,7),
(454,506,13),
(455,507,5),
(456,508,1),
(457,508,4),
(458,509,6),
(459,509,4),
(460,510,4),
(461,511,8),
(462,513,14),
(463,514,11),
(464,514,3),
(465,515,9),
(466,515,15),
(467,517,2),
(468,517,15),
(469,521,5),
(470,521,8),
(471,524,12),
(472,525,9),
(473,526,10),
(474,527,4),
(475,527,6),
(476,530,11),
(477,531,7),
(478,532,14),
(479,533,4),
(480,533,7),
(481,534,7),
(482,534,4),
(483,536,11),
(484,536,9),
(485,537,13),
(486,538,5),
(487,539,14),
(488,541,12),
(489,541,13),
(490,543,6),
(491,543,4),
(492,544,5),
(493,545,4),
(494,545,9),
(495,546,6),
(496,546,3),
(497,548,15),
(498,549,11),
(499,552,9),
(500,552,8),
(501,553,7),
(502,555,8),
(503,555,6),
(504,557,2),
(505,557,11),
(506,558,8),
(507,558,7),
(508,559,13),
(509,560,1),
(510,561,15),
(511,564,14),
(512,565,6),
(513,566,13),
(514,566,9),
(515,568,7),
(516,570,9),
(517,571,11),
(518,571,4),
(519,572,14),
(520,572,6),
(521,573,8),
(522,573,4),
(523,574,6),
(524,574,3),
(525,575,5),
(526,575,6),
(527,576,14),
(528,576,11),
(529,577,13),
(530,578,9),
(531,583,9),
(532,583,10),
(533,585,4),
(534,587,2),
(535,588,6),
(536,589,13),
(537,593,12),
(538,593,6),
(539,594,4),
(540,595,13),
(541,596,3),
(542,600,8),
(543,600,14),
(544,601,4),
(545,601,8),
(546,602,15),
(547,602,7),
(548,604,2),
(549,604,12),
(550,605,7),
(551,605,1),
(552,612,10),
(553,613,15),
(554,613,8),
(555,614,4),
(556,615,4),
(557,616,4),
(558,617,3),
(559,618,1),
(560,618,9),
(561,619,13),
(562,620,13),
(563,621,13),
(564,621,6),
(565,622,13),
(566,622,6),
(567,623,8),
(568,624,7),
(569,626,15),
(570,626,4),
(571,628,11),
(572,629,11),
(573,630,14),
(574,631,9),
(575,632,11),
(576,633,13),
(577,634,2),
(578,634,15),
(579,636,11),
(580,637,9),
(581,639,9),
(582,639,13),
(583,640,11),
(584,643,2),
(585,645,15),
(586,645,5),
(587,647,1),
(588,647,11),
(589,648,4),
(590,650,3),
(591,651,15),
(592,652,8),
(593,652,13),
(594,654,14),
(595,654,9),
(596,655,15),
(597,656,1),
(598,656,10),
(599,657,11),
(600,658,4);
INSERT INTO appointment_diagnoses VALUES
(601,658,13),
(602,660,4),
(603,660,6),
(604,665,14),
(605,666,14),
(606,666,8),
(607,667,12),
(608,667,5),
(609,668,15),
(610,669,9),
(611,669,4),
(612,670,7),
(613,670,5),
(614,671,5),
(615,671,4),
(616,672,15),
(617,672,6),
(618,673,7),
(619,675,8),
(620,676,2),
(621,676,1),
(622,677,15),
(623,679,12),
(624,680,1),
(625,682,2),
(626,684,8),
(627,684,10),
(628,685,11),
(629,689,2),
(630,689,4),
(631,693,2),
(632,694,8),
(633,694,1),
(634,696,4),
(635,697,11),
(636,697,15),
(637,700,4),
(638,700,8);

CREATE TABLE appointment_treatments (id INT PRIMARY KEY, appointment_id INT, treatment_id INT, qty INT);

INSERT INTO appointment_treatments VALUES
(1,1,1,1),
(2,1,9,1),
(3,2,6,2),
(4,2,8,1),
(5,2,1,2),
(6,3,8,1),
(7,4,4,2),
(8,4,3,1),
(9,5,4,2),
(10,5,9,1),
(11,5,6,2),
(12,7,4,2),
(13,10,1,1),
(14,10,10,2),
(15,11,7,1),
(16,11,9,2),
(17,12,9,1),
(18,12,4,2),
(19,12,5,2),
(20,14,8,1),
(21,14,7,2),
(22,16,3,1),
(23,16,8,2),
(24,20,7,1),
(25,20,3,2),
(26,21,7,1),
(27,21,1,1),
(28,22,2,1),
(29,22,11,2),
(30,24,6,2),
(31,24,4,2),
(32,24,9,2),
(33,26,3,1),
(34,26,12,1),
(35,26,9,2),
(36,28,6,2),
(37,29,2,1),
(38,29,5,2),
(39,31,9,2),
(40,31,3,2),
(41,32,11,1),
(42,32,2,1),
(43,33,11,2),
(44,33,5,1),
(45,33,10,2),
(46,34,12,1),
(47,35,7,2),
(48,37,6,1),
(49,38,11,2),
(50,41,10,1),
(51,41,5,1),
(52,41,12,1),
(53,42,10,2),
(54,42,3,1),
(55,43,1,1),
(56,43,4,2),
(57,45,2,2),
(58,45,4,1),
(59,46,1,1),
(60,46,7,1),
(61,47,8,1),
(62,47,4,1),
(63,47,2,2),
(64,48,11,2),
(65,48,3,2),
(66,49,4,1),
(67,51,2,1),
(68,51,3,1),
(69,51,12,2),
(70,52,4,1),
(71,52,7,2),
(72,54,12,2),
(73,54,4,1),
(74,54,11,1),
(75,55,12,1),
(76,55,6,2),
(77,58,6,1),
(78,58,8,2),
(79,60,1,2),
(80,60,12,2),
(81,62,12,1),
(82,62,1,1),
(83,63,12,1),
(84,63,2,1),
(85,64,7,1),
(86,66,10,2),
(87,66,4,2),
(88,66,6,2),
(89,68,4,1),
(90,68,5,2),
(91,68,7,2),
(92,69,6,1),
(93,69,5,1),
(94,69,10,1),
(95,72,7,2),
(96,73,5,1),
(97,73,3,2),
(98,74,4,1),
(99,82,6,1),
(100,84,9,1),
(101,84,7,2),
(102,84,12,1),
(103,86,5,1),
(104,86,9,2),
(105,87,10,2),
(106,88,9,2),
(107,88,1,1),
(108,90,9,1),
(109,90,1,1),
(110,96,6,1),
(111,97,5,1),
(112,97,6,1),
(113,97,3,2),
(114,98,10,2),
(115,98,11,1),
(116,99,4,1),
(117,101,5,2),
(118,101,2,1),
(119,101,7,2),
(120,102,8,2),
(121,102,1,1),
(122,106,9,1),
(123,106,11,1),
(124,106,4,1),
(125,107,1,2),
(126,109,9,1),
(127,112,6,1),
(128,112,12,2),
(129,113,4,1),
(130,113,12,1),
(131,116,1,2),
(132,116,2,2),
(133,116,5,2),
(134,117,7,2),
(135,117,6,2),
(136,118,3,1),
(137,118,10,1),
(138,119,5,2),
(139,120,12,1),
(140,120,1,2),
(141,122,11,1),
(142,122,6,2),
(143,124,4,1),
(144,124,1,2),
(145,124,3,1),
(146,125,10,2),
(147,125,6,1),
(148,126,12,2),
(149,127,12,1),
(150,127,11,1),
(151,132,2,2),
(152,132,7,1),
(153,135,9,1),
(154,135,11,2),
(155,135,12,1),
(156,137,10,2),
(157,137,3,1),
(158,138,2,1),
(159,138,11,1),
(160,138,9,2),
(161,140,4,1),
(162,141,12,1),
(163,141,10,1),
(164,141,6,2),
(165,142,4,2),
(166,142,12,2),
(167,142,1,2),
(168,143,7,2),
(169,145,10,1),
(170,145,11,2),
(171,145,1,2),
(172,147,4,2),
(173,148,10,1),
(174,148,11,2),
(175,148,8,2),
(176,149,8,2),
(177,150,3,2),
(178,152,12,1),
(179,153,2,2),
(180,153,5,2),
(181,153,7,2),
(182,154,8,2),
(183,156,4,1),
(184,158,2,2),
(185,158,12,2),
(186,159,9,1),
(187,159,3,1),
(188,160,3,2),
(189,160,1,1),
(190,161,9,1),
(191,162,8,1),
(192,162,7,2),
(193,165,9,2),
(194,165,4,2),
(195,166,4,1),
(196,166,11,2),
(197,166,5,2),
(198,168,12,1),
(199,168,4,2),
(200,170,3,1);
INSERT INTO appointment_treatments VALUES
(201,171,8,1),
(202,171,1,2),
(203,171,6,2),
(204,173,11,2),
(205,175,10,1),
(206,175,4,2),
(207,177,4,2),
(208,177,12,2),
(209,180,2,2),
(210,180,8,1),
(211,180,7,1),
(212,181,11,1),
(213,182,4,2),
(214,184,3,1),
(215,184,4,1),
(216,185,12,2),
(217,185,6,1),
(218,185,4,1),
(219,186,12,2),
(220,186,11,2),
(221,186,9,2),
(222,187,11,1),
(223,188,2,1),
(224,191,3,2),
(225,191,6,1),
(226,193,2,1),
(227,194,6,2),
(228,194,11,2),
(229,194,10,2),
(230,195,9,2),
(231,196,1,1),
(232,198,4,1),
(233,199,7,2),
(234,202,7,1),
(235,202,6,1),
(236,202,2,1),
(237,204,5,1),
(238,204,4,1),
(239,206,4,1),
(240,206,10,2),
(241,208,2,2),
(242,209,3,1),
(243,210,10,2),
(244,210,5,2),
(245,210,8,2),
(246,213,2,2),
(247,213,6,1),
(248,214,12,1),
(249,214,4,1),
(250,214,8,1),
(251,215,10,2),
(252,216,10,1),
(253,216,9,2),
(254,219,3,2),
(255,221,5,2),
(256,221,8,1),
(257,223,7,1),
(258,223,1,1),
(259,223,2,1),
(260,224,2,2),
(261,224,4,2),
(262,225,6,1),
(263,225,10,1),
(264,227,5,1),
(265,227,7,1),
(266,227,12,1),
(267,229,5,1),
(268,230,9,1),
(269,230,4,1),
(270,230,3,2),
(271,231,2,1),
(272,231,3,1),
(273,234,6,1),
(274,236,4,2),
(275,236,6,2),
(276,236,11,1),
(277,237,3,1),
(278,239,4,2),
(279,239,9,2),
(280,239,12,2),
(281,240,9,2),
(282,240,3,1),
(283,240,12,1),
(284,241,5,2),
(285,241,8,1),
(286,241,11,1),
(287,244,9,2),
(288,244,11,2),
(289,245,1,2),
(290,245,11,2),
(291,246,12,2),
(292,246,11,2),
(293,246,5,1),
(294,247,2,2),
(295,247,5,1),
(296,248,10,2),
(297,251,7,1),
(298,251,5,1),
(299,251,2,2),
(300,253,6,1),
(301,253,1,2),
(302,253,7,2),
(303,255,6,2),
(304,255,3,1),
(305,255,7,2),
(306,256,10,2),
(307,257,8,2),
(308,257,11,1),
(309,257,9,2),
(310,258,12,1),
(311,258,6,2),
(312,259,3,1),
(313,259,10,1),
(314,259,7,2),
(315,260,1,1),
(316,260,4,1),
(317,260,3,2),
(318,262,4,1),
(319,262,5,2),
(320,265,9,1),
(321,265,1,1),
(322,270,8,2),
(323,270,6,1),
(324,272,12,1),
(325,272,8,2),
(326,273,10,2),
(327,273,5,1),
(328,274,4,1),
(329,276,8,2),
(330,276,10,1),
(331,277,11,2),
(332,278,3,1),
(333,278,10,2),
(334,278,12,1),
(335,279,7,1),
(336,279,9,2),
(337,280,8,2),
(338,284,5,2),
(339,288,2,1),
(340,291,10,1),
(341,291,5,1),
(342,291,2,1),
(343,292,10,1),
(344,293,9,1),
(345,293,10,2),
(346,294,9,2),
(347,296,5,2),
(348,297,6,2),
(349,297,1,2),
(350,298,11,2),
(351,299,5,2),
(352,299,7,1),
(353,300,2,1),
(354,300,8,1),
(355,301,11,1),
(356,301,3,2),
(357,302,8,2),
(358,302,12,2),
(359,303,3,2),
(360,303,5,1),
(361,303,11,1),
(362,304,5,2),
(363,304,3,1),
(364,304,12,1),
(365,305,7,1),
(366,306,2,2),
(367,307,9,2),
(368,307,1,2),
(369,307,2,1),
(370,308,5,2),
(371,311,3,2),
(372,315,7,1),
(373,315,11,2),
(374,315,4,1),
(375,318,1,1),
(376,318,6,2),
(377,318,12,2),
(378,319,10,1),
(379,320,9,2),
(380,323,1,1),
(381,324,5,1),
(382,324,4,1),
(383,324,1,1),
(384,326,7,2),
(385,326,9,2),
(386,326,5,2),
(387,327,3,1),
(388,327,8,1),
(389,328,11,2),
(390,328,12,1),
(391,328,10,2),
(392,329,5,1),
(393,329,1,2),
(394,329,9,1),
(395,333,12,2),
(396,333,11,2),
(397,335,3,2),
(398,335,1,2),
(399,337,9,2),
(400,337,11,1);
INSERT INTO appointment_treatments VALUES
(401,337,2,1),
(402,339,5,1),
(403,340,10,1),
(404,341,5,2),
(405,341,3,1),
(406,342,8,1),
(407,342,10,2),
(408,345,10,1),
(409,345,11,2),
(410,346,2,1),
(411,346,9,2),
(412,346,8,2),
(413,347,12,1),
(414,347,9,2),
(415,348,6,2),
(416,348,12,1),
(417,348,1,2),
(418,349,9,2),
(419,349,5,1),
(420,350,11,2),
(421,351,9,1),
(422,351,7,1),
(423,353,6,2),
(424,353,12,2),
(425,354,2,1),
(426,355,7,2),
(427,355,12,2),
(428,356,8,1),
(429,356,4,1),
(430,356,3,2),
(431,358,6,2),
(432,358,3,1),
(433,362,1,2),
(434,362,5,1),
(435,365,12,1),
(436,365,8,2),
(437,366,2,2),
(438,366,8,1),
(439,366,6,1),
(440,367,2,1),
(441,368,6,1),
(442,368,2,2),
(443,370,9,2),
(444,370,11,2),
(445,370,7,2),
(446,371,11,2),
(447,371,9,1),
(448,372,10,1),
(449,372,4,2),
(450,373,4,1),
(451,373,7,2),
(452,374,1,1),
(453,374,5,1),
(454,379,9,2),
(455,379,12,2),
(456,382,8,2),
(457,382,9,2),
(458,383,11,1),
(459,383,8,1),
(460,384,3,1),
(461,385,11,1),
(462,385,2,2),
(463,386,4,1),
(464,386,11,2),
(465,386,3,1),
(466,389,8,2),
(467,391,4,1),
(468,393,1,1),
(469,393,12,2),
(470,394,5,1),
(471,394,6,2),
(472,394,4,2),
(473,395,11,1),
(474,397,4,2),
(475,398,3,2),
(476,398,9,2),
(477,399,12,1),
(478,402,7,2),
(479,404,6,1),
(480,404,7,2),
(481,406,12,1),
(482,406,11,1),
(483,407,12,2),
(484,408,8,2),
(485,410,5,1),
(486,411,9,2),
(487,412,4,1),
(488,413,6,1),
(489,413,1,1),
(490,414,3,1),
(491,418,7,2),
(492,418,2,1),
(493,418,12,1),
(494,419,12,2),
(495,420,5,1),
(496,420,7,1),
(497,420,11,1),
(498,421,2,1),
(499,421,8,1),
(500,421,5,1),
(501,422,12,1),
(502,423,7,2),
(503,424,4,2),
(504,424,3,1),
(505,425,3,2),
(506,431,3,2),
(507,431,1,2),
(508,432,3,2),
(509,433,4,1),
(510,433,3,2),
(511,434,2,1),
(512,435,9,1),
(513,435,11,2),
(514,435,7,2),
(515,437,12,2),
(516,437,5,2),
(517,438,3,2),
(518,442,9,2),
(519,442,3,1),
(520,442,5,1),
(521,444,9,2),
(522,445,8,2),
(523,447,11,2),
(524,447,5,1),
(525,447,1,1),
(526,448,7,1),
(527,448,2,1),
(528,449,7,1),
(529,449,5,2),
(530,450,5,1),
(531,450,12,1),
(532,450,7,1),
(533,451,10,1),
(534,453,1,1),
(535,453,12,1),
(536,453,2,2),
(537,454,7,2),
(538,454,11,1),
(539,454,3,2),
(540,456,4,2),
(541,456,2,1),
(542,456,12,2),
(543,459,9,1),
(544,459,3,1),
(545,461,2,1),
(546,461,11,1),
(547,461,6,1),
(548,463,3,2),
(549,463,1,1),
(550,463,8,1),
(551,464,10,1),
(552,464,7,1),
(553,465,4,2),
(554,465,9,1),
(555,466,12,1),
(556,466,7,2),
(557,466,3,1),
(558,468,9,2),
(559,469,4,2),
(560,469,11,1),
(561,469,2,2),
(562,470,7,1),
(563,470,10,2),
(564,472,12,1),
(565,472,4,1),
(566,472,3,2),
(567,474,10,2),
(568,475,10,1),
(569,476,7,2),
(570,476,9,1),
(571,477,3,2),
(572,477,10,1),
(573,477,5,1),
(574,478,1,1),
(575,479,9,1),
(576,479,2,1),
(577,480,1,1),
(578,480,4,2),
(579,484,5,1),
(580,485,3,2),
(581,485,5,2),
(582,485,7,2),
(583,486,6,2),
(584,488,9,2),
(585,489,1,1),
(586,489,8,2),
(587,489,4,1),
(588,492,1,1),
(589,493,5,1),
(590,493,6,2),
(591,494,2,2),
(592,494,1,1),
(593,495,10,2),
(594,497,2,1),
(595,497,3,2),
(596,499,11,2),
(597,499,7,1),
(598,500,9,2),
(599,501,5,2),
(600,501,10,1);
INSERT INTO appointment_treatments VALUES
(601,505,4,1),
(602,505,6,2),
(603,505,5,1),
(604,506,11,2),
(605,506,6,2),
(606,506,5,1),
(607,507,1,2),
(608,507,4,2),
(609,507,8,2),
(610,508,8,1),
(611,508,4,2),
(612,509,8,1),
(613,509,6,1),
(614,509,5,2),
(615,510,7,2),
(616,511,4,1),
(617,511,2,2),
(618,513,11,1),
(619,513,12,2),
(620,513,2,1),
(621,514,12,1),
(622,514,1,1),
(623,514,10,1),
(624,515,5,2),
(625,517,11,1),
(626,517,1,1),
(627,517,12,1),
(628,521,10,1),
(629,521,3,1),
(630,521,8,1),
(631,524,9,1),
(632,525,4,2),
(633,525,10,2),
(634,526,5,2),
(635,527,11,1),
(636,527,10,1),
(637,530,9,2),
(638,531,9,1),
(639,531,1,2),
(640,531,8,1),
(641,532,9,1),
(642,532,3,1),
(643,533,3,1),
(644,533,12,2),
(645,533,8,1),
(646,534,11,1),
(647,534,10,2),
(648,534,5,2),
(649,536,4,2),
(650,537,9,1),
(651,537,2,2),
(652,537,3,1),
(653,538,3,1),
(654,538,5,2),
(655,538,12,1),
(656,539,6,1),
(657,539,8,2),
(658,539,9,2),
(659,541,4,1),
(660,541,2,1),
(661,541,3,1),
(662,543,1,1),
(663,543,7,2),
(664,543,3,2),
(665,544,11,1),
(666,544,5,1),
(667,545,7,1),
(668,545,10,1),
(669,545,2,2),
(670,546,12,2),
(671,546,4,2),
(672,546,9,2),
(673,548,12,2),
(674,549,6,2),
(675,549,8,2),
(676,549,9,1),
(677,552,1,2),
(678,552,2,2),
(679,553,8,2),
(680,553,12,2),
(681,555,8,1),
(682,555,11,2),
(683,555,9,2),
(684,557,6,1),
(685,557,5,2),
(686,558,3,2),
(687,558,9,2),
(688,559,1,2),
(689,559,5,2),
(690,560,2,1),
(691,561,4,2),
(692,561,10,2),
(693,564,12,2),
(694,564,4,2),
(695,564,5,1),
(696,565,11,1),
(697,565,5,1),
(698,565,4,2),
(699,566,9,1),
(700,566,12,2),
(701,568,2,2),
(702,568,9,2),
(703,570,2,1),
(704,570,8,1),
(705,571,11,2),
(706,572,5,2),
(707,573,2,2),
(708,573,11,2),
(709,574,11,2),
(710,574,2,2),
(711,575,12,1),
(712,576,8,1),
(713,577,3,2),
(714,578,6,1),
(715,583,1,2),
(716,585,7,2),
(717,587,8,1),
(718,587,11,1),
(719,587,12,1),
(720,588,3,2),
(721,588,2,1),
(722,588,8,1),
(723,589,7,1),
(724,589,12,2),
(725,593,5,2),
(726,593,3,2),
(727,593,4,1),
(728,594,1,1),
(729,594,7,2),
(730,595,2,2),
(731,595,9,1),
(732,595,12,2),
(733,596,9,2),
(734,600,11,1),
(735,601,1,1),
(736,601,5,2),
(737,601,6,2),
(738,602,7,2),
(739,602,2,2),
(740,602,3,2),
(741,604,11,2),
(742,604,10,1),
(743,605,4,1),
(744,605,10,1),
(745,605,9,1),
(746,612,5,1),
(747,612,2,2),
(748,612,3,2),
(749,613,5,1),
(750,613,12,2),
(751,613,1,2),
(752,614,11,1),
(753,615,5,1),
(754,615,8,1),
(755,616,9,1),
(756,616,6,1),
(757,616,12,2),
(758,617,12,2),
(759,617,5,1),
(760,617,4,1),
(761,618,5,1),
(762,618,11,1),
(763,618,9,2),
(764,619,12,2),
(765,620,9,1),
(766,620,3,1),
(767,620,10,1),
(768,621,4,1),
(769,622,11,2),
(770,622,12,2),
(771,622,9,2),
(772,623,3,1),
(773,623,8,1),
(774,624,10,1),
(775,626,1,2),
(776,626,6,2),
(777,626,3,1),
(778,628,12,2),
(779,628,3,1),
(780,628,8,1),
(781,629,4,2),
(782,630,12,1),
(783,631,3,2),
(784,632,6,2),
(785,632,7,1),
(786,632,3,1),
(787,633,3,1),
(788,633,1,2),
(789,634,5,2),
(790,634,8,1),
(791,636,5,1),
(792,636,1,1),
(793,637,9,1),
(794,637,3,2),
(795,639,12,2),
(796,639,7,1),
(797,640,9,2),
(798,640,11,2),
(799,643,9,2),
(800,643,11,1);
INSERT INTO appointment_treatments VALUES
(801,643,7,2),
(802,645,5,1),
(803,647,4,1),
(804,647,1,2),
(805,647,3,2),
(806,648,5,1),
(807,648,3,1),
(808,650,3,1),
(809,650,4,1),
(810,650,1,1),
(811,651,8,2),
(812,652,7,2),
(813,654,6,1),
(814,655,6,1),
(815,655,11,2),
(816,655,7,1),
(817,656,10,2),
(818,656,8,1),
(819,657,6,1),
(820,658,12,1),
(821,658,3,1),
(822,658,1,2),
(823,660,2,2),
(824,660,10,1),
(825,660,6,2),
(826,665,2,1),
(827,665,6,1),
(828,665,1,2),
(829,666,5,1),
(830,666,4,2),
(831,667,5,1),
(832,667,9,2),
(833,668,12,2),
(834,668,10,2),
(835,669,4,1),
(836,669,12,2),
(837,670,4,1),
(838,671,7,1),
(839,671,10,1),
(840,671,6,1),
(841,672,9,2),
(842,673,8,2),
(843,675,11,2),
(844,675,3,1),
(845,675,10,2),
(846,676,12,1),
(847,677,1,2),
(848,677,5,2),
(849,679,4,1),
(850,679,2,1),
(851,679,5,2),
(852,680,6,1),
(853,680,11,2),
(854,682,4,1),
(855,682,1,2),
(856,682,11,2),
(857,684,3,1),
(858,684,8,1),
(859,685,6,1),
(860,685,9,1),
(861,689,10,1),
(862,689,3,2),
(863,689,1,2),
(864,693,2,1),
(865,693,7,1),
(866,694,11,2),
(867,694,1,1),
(868,696,8,1),
(869,696,2,2),
(870,696,10,1),
(871,697,8,2),
(872,700,5,1),
(873,700,9,1),
(874,700,8,1);

CREATE TABLE prescriptions (prescription_id INT PRIMARY KEY, appointment_id INT, medication_id INT, days INT);

INSERT INTO prescriptions VALUES
(1,1,7,7),
(2,3,12,3),
(3,5,6,7),
(4,5,10,3),
(5,7,9,30),
(6,7,12,7),
(7,7,5,5),
(8,12,1,5),
(9,12,3,14),
(10,14,3,7),
(11,14,4,14),
(12,16,2,3),
(13,20,5,30),
(14,20,1,14),
(15,22,11,3),
(16,24,2,14),
(17,24,7,30),
(18,26,8,14),
(19,26,10,14),
(20,31,7,14),
(21,32,7,7),
(22,32,2,14),
(23,33,10,3),
(24,33,4,14),
(25,34,7,14),
(26,35,11,14),
(27,35,6,14),
(28,37,1,14),
(29,38,2,30),
(30,38,6,14),
(31,41,7,14),
(32,41,3,14),
(33,42,8,14),
(34,42,6,3),
(35,43,11,3),
(36,46,2,3),
(37,46,3,5),
(38,47,10,3),
(39,47,2,5),
(40,48,3,5),
(41,48,4,14),
(42,48,5,14),
(43,49,10,14),
(44,51,7,30),
(45,52,1,5),
(46,54,11,30),
(47,55,12,3),
(48,55,7,30),
(49,55,1,3),
(50,58,12,5),
(51,58,5,7),
(52,58,6,14),
(53,60,4,3),
(54,60,12,30),
(55,60,9,3),
(56,62,12,14),
(57,68,10,5),
(58,68,7,30),
(59,68,11,30),
(60,72,8,30),
(61,72,11,5),
(62,73,2,3),
(63,74,7,30),
(64,74,10,5),
(65,82,11,3),
(66,82,3,7),
(67,82,12,3),
(68,84,6,5),
(69,86,8,7),
(70,87,5,5),
(71,88,7,14),
(72,88,10,3),
(73,96,4,5),
(74,97,11,30),
(75,97,12,5),
(76,98,4,7),
(77,98,9,5),
(78,98,8,3),
(79,99,3,5),
(80,99,7,5),
(81,101,8,14),
(82,101,10,3),
(83,102,5,7),
(84,102,6,3),
(85,102,3,5),
(86,107,2,14),
(87,107,8,30),
(88,107,6,14),
(89,109,6,30),
(90,109,9,3),
(91,112,10,7),
(92,113,5,30),
(93,116,7,3),
(94,116,6,5),
(95,116,10,3),
(96,118,5,30),
(97,119,11,3),
(98,120,3,5),
(99,120,10,14),
(100,120,6,7),
(101,122,5,5),
(102,122,9,5),
(103,122,10,3),
(104,124,12,3),
(105,125,4,7),
(106,125,10,5),
(107,125,8,7),
(108,127,5,14),
(109,127,10,7),
(110,132,5,14),
(111,132,7,3),
(112,137,7,7),
(113,137,5,3),
(114,140,2,30),
(115,140,7,3),
(116,140,11,7),
(117,141,11,30),
(118,141,1,7),
(119,141,12,3),
(120,142,10,30),
(121,143,2,3),
(122,143,7,3),
(123,143,8,3),
(124,147,7,3),
(125,147,4,3),
(126,147,9,3),
(127,148,10,7),
(128,148,7,30),
(129,148,12,3),
(130,150,5,5),
(131,152,5,14),
(132,153,1,14),
(133,153,2,5),
(134,154,7,14),
(135,154,2,7),
(136,156,2,7),
(137,156,1,7),
(138,156,7,30),
(139,158,4,3),
(140,158,7,3),
(141,158,12,14),
(142,159,2,30),
(143,159,12,3),
(144,160,11,3),
(145,161,11,30),
(146,161,10,3),
(147,165,2,14),
(148,165,5,14),
(149,165,10,5),
(150,166,8,7),
(151,166,7,7),
(152,166,2,30),
(153,168,5,3),
(154,168,6,7),
(155,170,9,14),
(156,170,5,3),
(157,171,9,5),
(158,173,3,5),
(159,173,8,5),
(160,173,1,7),
(161,175,7,30),
(162,177,12,5),
(163,177,10,7),
(164,180,12,3),
(165,181,8,14),
(166,181,4,7),
(167,184,1,30),
(168,184,2,5),
(169,185,12,7),
(170,186,3,5),
(171,186,5,7),
(172,187,8,3),
(173,187,4,5),
(174,188,8,5),
(175,188,9,7),
(176,188,1,30),
(177,191,1,7),
(178,191,4,30),
(179,194,12,5),
(180,194,11,7),
(181,195,2,3),
(182,195,11,14),
(183,195,9,3),
(184,196,9,3),
(185,196,8,14),
(186,198,5,14),
(187,198,9,14),
(188,199,2,30),
(189,202,2,5),
(190,204,11,14),
(191,204,3,5),
(192,204,7,5),
(193,209,9,14),
(194,209,11,7),
(195,210,5,3),
(196,210,2,14),
(197,210,10,7),
(198,213,5,7),
(199,213,8,5),
(200,213,9,30);
INSERT INTO prescriptions VALUES
(201,214,2,3),
(202,216,3,3),
(203,221,3,3),
(204,224,3,14),
(205,224,2,14),
(206,224,10,30),
(207,225,12,14),
(208,225,3,30),
(209,225,6,30),
(210,227,4,7),
(211,227,12,5),
(212,229,9,7),
(213,229,5,14),
(214,229,3,30),
(215,230,2,5),
(216,230,8,14),
(217,230,7,3),
(218,231,7,5),
(219,231,12,14),
(220,234,2,3),
(221,234,7,30),
(222,237,9,30),
(223,237,7,14),
(224,237,4,3),
(225,240,2,30),
(226,240,9,3),
(227,240,11,5),
(228,241,8,7),
(229,241,2,5),
(230,241,12,5),
(231,245,1,30),
(232,245,6,5),
(233,245,4,30),
(234,246,7,5),
(235,246,8,5),
(236,246,6,30),
(237,247,12,30),
(238,247,10,5),
(239,247,3,14),
(240,248,3,7),
(241,251,7,3),
(242,251,6,30),
(243,251,5,3),
(244,253,11,5),
(245,253,12,30),
(246,253,3,14),
(247,258,4,3),
(248,258,9,3),
(249,258,11,7),
(250,259,3,7),
(251,259,1,3),
(252,260,6,5),
(253,260,5,7),
(254,260,12,30),
(255,262,11,5),
(256,262,1,30),
(257,262,6,7),
(258,265,7,14),
(259,265,5,3),
(260,272,9,30),
(261,272,11,30),
(262,273,8,14),
(263,274,7,7),
(264,274,4,3),
(265,276,11,7),
(266,279,11,5),
(267,279,6,7),
(268,280,5,5),
(269,284,5,14),
(270,284,1,7),
(271,291,2,30),
(272,291,5,14),
(273,293,1,30),
(274,293,8,7),
(275,293,2,7),
(276,296,2,5),
(277,297,10,14),
(278,297,2,30),
(279,300,10,7),
(280,300,9,3),
(281,301,6,30),
(282,301,5,5),
(283,303,5,14),
(284,303,10,5),
(285,304,5,14),
(286,304,4,14),
(287,304,7,3),
(288,305,6,7),
(289,306,7,5),
(290,306,4,5),
(291,306,5,3),
(292,315,6,14),
(293,318,1,30),
(294,318,11,3),
(295,318,8,30),
(296,320,1,7),
(297,320,9,3),
(298,323,3,14),
(299,324,6,3),
(300,324,1,5),
(301,326,1,3),
(302,327,5,14),
(303,327,10,7),
(304,327,2,30),
(305,329,11,5),
(306,329,7,3),
(307,329,3,14),
(308,339,11,14),
(309,339,4,14),
(310,340,9,14),
(311,340,3,30),
(312,340,10,30),
(313,341,5,30),
(314,341,3,30),
(315,341,9,7),
(316,346,9,3),
(317,346,12,3),
(318,347,7,14),
(319,347,11,5),
(320,349,10,7),
(321,353,7,3),
(322,353,10,14),
(323,353,3,14),
(324,354,3,3),
(325,354,8,30),
(326,354,10,3),
(327,355,11,3),
(328,356,6,5),
(329,358,7,30),
(330,362,2,14),
(331,365,8,3),
(332,365,5,7),
(333,366,9,5),
(334,366,7,30),
(335,367,4,7),
(336,368,10,5),
(337,368,3,5),
(338,368,9,14),
(339,371,4,3),
(340,372,10,30),
(341,372,8,5),
(342,373,7,3),
(343,374,11,3),
(344,374,5,3),
(345,379,12,5),
(346,379,8,14),
(347,383,9,14),
(348,383,3,3),
(349,384,11,14),
(350,384,4,30),
(351,384,12,7),
(352,385,1,7),
(353,389,1,30),
(354,389,6,3),
(355,389,10,7),
(356,391,7,7),
(357,391,6,30),
(358,395,9,14),
(359,395,6,5),
(360,398,2,30),
(361,402,12,5),
(362,402,2,5),
(363,406,2,5),
(364,406,12,14),
(365,406,1,14),
(366,407,9,5),
(367,407,11,7),
(368,408,2,30),
(369,410,11,7),
(370,411,12,30),
(371,412,9,5),
(372,412,4,5),
(373,413,11,3),
(374,413,6,14),
(375,413,3,14),
(376,414,5,5),
(377,414,9,30),
(378,414,7,5),
(379,419,9,30),
(380,419,3,30),
(381,419,2,14),
(382,422,7,30),
(383,423,12,14),
(384,423,5,30),
(385,425,3,3),
(386,431,1,14),
(387,432,7,5),
(388,432,4,7),
(389,432,12,5),
(390,433,2,7),
(391,433,7,30),
(392,434,7,30),
(393,434,5,5),
(394,434,12,3),
(395,438,3,30),
(396,442,6,5),
(397,442,10,30),
(398,442,4,5),
(399,444,1,3),
(400,445,12,7);
INSERT INTO prescriptions VALUES
(401,449,3,14),
(402,449,11,7),
(403,449,2,5),
(404,451,5,30),
(405,451,3,14),
(406,454,6,3),
(407,454,10,5),
(408,454,7,5),
(409,456,7,14),
(410,456,11,3),
(411,463,5,30),
(412,464,7,3),
(413,465,7,3),
(414,465,6,3),
(415,465,2,7),
(416,466,1,14),
(417,468,9,30),
(418,468,1,5),
(419,472,8,14),
(420,472,4,3),
(421,472,7,5),
(422,474,7,3),
(423,475,8,3),
(424,476,10,3),
(425,476,7,3),
(426,476,11,3),
(427,477,7,5),
(428,478,2,14),
(429,478,1,14),
(430,478,12,3),
(431,479,12,7),
(432,479,8,7),
(433,479,4,30),
(434,480,4,14),
(435,480,10,7),
(436,484,8,5),
(437,484,7,5),
(438,484,5,30),
(439,485,9,30),
(440,486,6,30),
(441,486,9,14),
(442,488,2,3),
(443,489,5,5),
(444,489,10,30),
(445,489,11,14),
(446,492,3,30),
(447,494,7,30),
(448,495,9,3),
(449,495,8,3),
(450,497,4,30),
(451,497,1,3),
(452,499,10,7),
(453,499,12,3),
(454,500,11,5),
(455,500,10,5),
(456,500,3,7),
(457,505,1,30),
(458,505,4,14),
(459,506,6,3),
(460,508,7,7),
(461,508,3,5),
(462,508,11,3),
(463,510,11,3),
(464,511,2,5),
(465,511,1,5),
(466,511,5,3),
(467,513,5,14),
(468,514,12,30),
(469,514,5,14),
(470,514,11,5),
(471,515,6,7),
(472,515,3,30),
(473,521,7,5),
(474,521,12,7),
(475,521,8,5),
(476,524,10,14),
(477,524,12,5),
(478,524,9,14),
(479,526,6,14),
(480,527,10,5),
(481,527,5,3),
(482,527,7,30),
(483,531,11,5),
(484,531,2,7),
(485,531,4,5),
(486,532,1,14),
(487,532,12,7),
(488,533,3,7),
(489,534,4,30),
(490,534,3,7),
(491,536,8,5),
(492,536,3,7),
(493,536,9,30),
(494,537,8,14),
(495,537,3,5),
(496,537,7,5),
(497,538,4,5),
(498,538,5,7),
(499,538,10,30),
(500,541,12,5),
(501,543,12,7),
(502,546,10,30),
(503,546,11,14),
(504,546,2,3),
(505,549,6,3),
(506,552,12,30),
(507,553,5,3),
(508,553,2,5),
(509,555,9,14),
(510,555,3,30),
(511,560,3,5),
(512,560,1,14),
(513,560,6,7),
(514,566,11,3),
(515,566,4,3),
(516,570,1,14),
(517,570,4,7),
(518,570,12,3),
(519,572,12,3),
(520,573,8,5),
(521,576,1,7),
(522,576,2,3),
(523,577,11,14),
(524,577,7,3),
(525,577,3,14),
(526,578,2,3),
(527,578,3,3),
(528,583,7,30),
(529,583,10,7),
(530,583,4,30),
(531,585,10,30),
(532,585,6,5),
(533,587,6,14),
(534,587,5,30),
(535,587,3,14),
(536,588,6,7),
(537,588,9,7),
(538,588,4,30),
(539,589,12,14),
(540,594,8,7),
(541,600,4,14),
(542,601,10,14),
(543,601,5,30),
(544,602,12,3),
(545,604,2,30),
(546,605,12,5),
(547,605,6,5),
(548,605,8,5),
(549,612,7,30),
(550,612,4,14),
(551,613,5,5),
(552,613,10,5),
(553,613,4,5),
(554,614,1,7),
(555,615,7,30),
(556,615,1,14),
(557,615,2,3),
(558,617,2,3),
(559,617,10,7),
(560,617,3,30),
(561,618,5,7),
(562,618,6,5),
(563,619,5,30),
(564,620,1,3),
(565,620,6,3),
(566,620,8,3),
(567,621,6,14),
(568,621,12,3),
(569,621,9,14),
(570,622,7,7),
(571,623,3,3),
(572,624,10,14),
(573,624,2,30),
(574,628,1,3),
(575,628,12,30),
(576,630,10,7),
(577,630,7,30),
(578,631,9,3),
(579,632,10,3),
(580,632,7,14),
(581,634,1,7),
(582,634,10,30),
(583,634,2,5),
(584,639,2,7),
(585,643,8,30),
(586,645,11,7),
(587,645,8,30),
(588,655,10,14),
(589,655,8,30),
(590,655,1,5),
(591,656,11,5),
(592,656,3,3),
(593,656,8,3),
(594,657,5,3),
(595,658,11,3),
(596,658,6,3),
(597,660,7,7),
(598,666,8,3),
(599,666,9,30),
(600,666,7,5);
INSERT INTO prescriptions VALUES
(601,667,8,30),
(602,668,4,30),
(603,668,1,3),
(604,668,3,5),
(605,669,6,7),
(606,669,9,30),
(607,669,7,30),
(608,671,6,3),
(609,671,10,14),
(610,672,7,14),
(611,672,11,7),
(612,675,2,14),
(613,675,7,5),
(614,675,11,14),
(615,676,3,3),
(616,676,2,30),
(617,677,11,14),
(618,679,11,5),
(619,679,1,30),
(620,679,6,7),
(621,682,7,7),
(622,682,6,7),
(623,684,11,30),
(624,684,9,30),
(625,689,5,30),
(626,693,9,3),
(627,693,2,14),
(628,693,7,14),
(629,694,11,7),
(630,696,5,30),
(631,696,10,7),
(632,697,8,30),
(633,700,4,7),
(634,700,5,3),
(635,700,2,30);

CREATE TABLE billings (appointment_id INT PRIMARY KEY, total_cost INT, payment_method VARCHAR(10), billed_date DATE);

INSERT INTO billings VALUES
(1,250000,'보험청구','2024-06-10'),
(2,55000,'보험청구','2024-02-06'),
(3,250000,'카드','2024-07-07'),
(4,80000,'카드','2024-07-17'),
(5,250000,'보험청구','2024-06-25'),
(7,30000,'현금','2024-05-26'),
(10,120000,'현금','2024-04-10'),
(11,15000,'보험청구','2024-03-06'),
(12,30000,'현금','2024-07-04'),
(14,30000,'카드','2024-06-27'),
(16,250000,'카드','2024-05-13'),
(20,250000,'카드','2024-07-03'),
(21,15000,'카드','2024-03-15'),
(22,15000,'카드','2024-07-27'),
(24,15000,'카드','2024-11-12'),
(26,55000,'현금','2024-05-08'),
(28,15000,'현금','2024-08-12'),
(29,55000,'카드','2024-11-20'),
(31,30000,'보험청구','2024-06-11'),
(32,30000,'현금','2024-08-11'),
(33,80000,'보험청구','2024-01-28'),
(34,30000,'보험청구','2024-04-27'),
(35,30000,'카드','2024-10-22'),
(37,120000,'카드','2024-02-12'),
(38,15000,'카드','2024-12-26'),
(41,15000,'현금','2024-10-25'),
(42,15000,'카드','2024-01-03'),
(43,55000,'현금','2024-04-28'),
(45,55000,'카드','2024-01-05'),
(46,120000,'보험청구','2024-12-18'),
(47,250000,'현금','2024-10-26'),
(48,55000,'카드','2024-09-08'),
(49,30000,'현금','2024-10-23'),
(51,30000,'카드','2024-02-12'),
(52,55000,'현금','2024-01-10'),
(54,15000,'보험청구','2024-03-13'),
(55,250000,'보험청구','2024-08-05'),
(58,55000,'보험청구','2024-09-05'),
(60,250000,'카드','2024-09-20'),
(62,55000,'카드','2024-12-20'),
(63,15000,'현금','2024-02-16'),
(64,55000,'보험청구','2024-08-07'),
(66,250000,'카드','2024-09-11'),
(68,30000,'카드','2024-10-23'),
(69,250000,'보험청구','2024-07-24'),
(72,30000,'카드','2024-11-23'),
(73,55000,'카드','2024-10-05'),
(74,15000,'현금','2024-01-09'),
(82,250000,'현금','2024-03-09'),
(84,55000,'카드','2024-05-07'),
(86,55000,'보험청구','2024-03-06'),
(87,55000,'보험청구','2024-11-11'),
(88,15000,'현금','2024-11-14'),
(90,30000,'보험청구','2024-08-18'),
(96,250000,'카드','2024-05-02'),
(97,55000,'현금','2024-02-24'),
(98,55000,'카드','2024-03-07'),
(99,15000,'보험청구','2024-05-12'),
(101,120000,'현금','2024-06-15'),
(102,15000,'현금','2024-01-03'),
(106,15000,'카드','2024-07-27'),
(107,55000,'보험청구','2024-09-04'),
(109,120000,'보험청구','2024-08-04'),
(112,30000,'카드','2024-04-17'),
(113,30000,'보험청구','2024-01-16'),
(116,15000,'현금','2024-11-10'),
(117,15000,'현금','2024-12-10'),
(118,80000,'카드','2024-09-05'),
(119,120000,'현금','2024-11-18'),
(120,80000,'보험청구','2024-01-28'),
(122,55000,'카드','2024-10-15'),
(124,80000,'현금','2024-03-04'),
(125,55000,'현금','2024-11-20'),
(126,80000,'보험청구','2024-01-12'),
(127,120000,'보험청구','2024-07-18'),
(132,30000,'현금','2024-10-20'),
(135,80000,'보험청구','2024-11-10'),
(137,30000,'카드','2024-07-26'),
(138,55000,'보험청구','2024-03-18'),
(140,30000,'현금','2024-12-13'),
(141,15000,'현금','2024-08-17'),
(142,15000,'현금','2024-11-22'),
(143,120000,'보험청구','2024-11-25'),
(145,120000,'카드','2024-03-15'),
(147,30000,'현금','2024-10-01'),
(148,120000,'카드','2024-04-13'),
(149,120000,'현금','2024-03-14'),
(150,55000,'현금','2024-05-25'),
(152,15000,'현금','2024-06-10'),
(153,250000,'카드','2024-12-05'),
(154,55000,'보험청구','2024-12-16'),
(156,15000,'보험청구','2024-10-02'),
(158,15000,'현금','2024-04-27'),
(159,120000,'현금','2024-04-02'),
(160,55000,'카드','2024-08-22'),
(161,250000,'카드','2024-06-16'),
(162,55000,'보험청구','2024-03-28'),
(165,30000,'카드','2024-12-16'),
(166,30000,'카드','2024-04-06'),
(168,250000,'보험청구','2024-08-09'),
(170,30000,'카드','2024-07-10'),
(171,80000,'현금','2024-09-05'),
(173,30000,'현금','2024-12-17'),
(175,120000,'보험청구','2024-12-23'),
(177,55000,'카드','2024-12-27'),
(180,30000,'카드','2024-10-05'),
(181,250000,'카드','2024-10-20'),
(182,250000,'현금','2024-04-03'),
(184,30000,'현금','2024-04-22'),
(185,30000,'현금','2024-03-21'),
(186,120000,'보험청구','2024-03-04'),
(187,80000,'카드','2024-12-10'),
(188,30000,'보험청구','2024-03-23'),
(191,250000,'현금','2024-06-13'),
(193,250000,'현금','2024-12-28'),
(194,30000,'현금','2024-07-02'),
(195,80000,'현금','2024-11-11'),
(196,80000,'카드','2024-05-17'),
(198,55000,'카드','2024-12-15'),
(199,250000,'현금','2024-02-13'),
(202,15000,'보험청구','2024-03-12'),
(204,250000,'카드','2024-06-28'),
(206,120000,'보험청구','2024-04-27'),
(208,80000,'카드','2024-08-15'),
(209,55000,'카드','2024-04-15'),
(210,120000,'카드','2024-12-20'),
(213,120000,'현금','2024-06-20'),
(214,55000,'보험청구','2024-08-27'),
(215,55000,'보험청구','2024-07-11'),
(216,15000,'카드','2024-05-09'),
(219,30000,'보험청구','2024-04-26'),
(221,30000,'현금','2024-01-05'),
(223,250000,'보험청구','2024-01-09'),
(224,15000,'보험청구','2024-03-17'),
(225,250000,'현금','2024-03-10'),
(227,15000,'현금','2024-04-17'),
(229,15000,'현금','2024-07-22'),
(230,15000,'현금','2024-01-09'),
(231,250000,'현금','2024-03-06'),
(234,30000,'현금','2024-04-14'),
(236,80000,'현금','2024-04-24'),
(237,120000,'현금','2024-05-23'),
(239,55000,'카드','2024-03-09'),
(240,30000,'카드','2024-12-17'),
(241,120000,'보험청구','2024-01-09'),
(244,120000,'현금','2024-12-16'),
(245,55000,'카드','2024-03-20'),
(246,15000,'보험청구','2024-04-24'),
(247,30000,'보험청구','2024-06-18'),
(248,15000,'보험청구','2024-08-09'),
(251,250000,'현금','2024-01-13'),
(253,55000,'현금','2024-12-02'),
(255,250000,'카드','2024-08-26'),
(256,250000,'현금','2024-09-13'),
(257,250000,'카드','2024-04-15'),
(258,120000,'현금','2024-07-17'),
(259,30000,'보험청구','2024-11-23'),
(260,250000,'카드','2024-03-25'),
(262,30000,'보험청구','2024-12-22'),
(265,15000,'현금','2024-07-12'),
(270,250000,'현금','2024-05-28'),
(272,30000,'보험청구','2024-08-20'),
(273,55000,'카드','2024-12-10'),
(274,250000,'현금','2024-12-28'),
(276,80000,'현금','2024-08-05'),
(277,120000,'보험청구','2024-03-27'),
(278,80000,'보험청구','2024-08-01'),
(279,80000,'카드','2024-08-10'),
(280,80000,'보험청구','2024-07-22'),
(284,30000,'카드','2024-10-04'),
(288,15000,'보험청구','2024-01-25'),
(291,120000,'보험청구','2024-10-17'),
(292,250000,'카드','2024-09-01'),
(293,15000,'카드','2024-02-02'),
(294,55000,'현금','2024-06-13'),
(296,250000,'카드','2024-05-14'),
(297,80000,'현금','2024-09-22'),
(298,250000,'보험청구','2024-09-19'),
(299,120000,'보험청구','2024-05-07'),
(300,80000,'카드','2024-10-13'),
(301,120000,'보험청구','2024-01-22'),
(302,15000,'현금','2024-06-16'),
(303,80000,'현금','2024-07-10'),
(304,120000,'카드','2024-07-10'),
(305,250000,'보험청구','2024-03-21'),
(306,80000,'현금','2024-02-10'),
(307,30000,'카드','2024-05-06'),
(308,55000,'보험청구','2024-08-24'),
(311,15000,'보험청구','2024-06-20'),
(315,250000,'보험청구','2024-10-20'),
(318,80000,'카드','2024-05-08'),
(319,80000,'보험청구','2024-09-03'),
(320,120000,'현금','2024-11-01'),
(323,250000,'현금','2024-01-02'),
(324,120000,'보험청구','2024-08-17'),
(326,80000,'현금','2024-06-12'),
(327,80000,'보험청구','2024-02-06'),
(328,15000,'보험청구','2024-01-05'),
(329,30000,'카드','2024-07-07'),
(333,250000,'현금','2024-02-15');
INSERT INTO billings VALUES
(335,250000,'카드','2024-10-20'),
(337,250000,'현금','2024-11-03'),
(339,80000,'보험청구','2024-04-28'),
(340,120000,'보험청구','2024-03-12'),
(341,250000,'보험청구','2024-05-22'),
(342,250000,'카드','2024-07-26'),
(345,120000,'카드','2024-07-13'),
(346,80000,'보험청구','2024-04-12'),
(347,30000,'현금','2024-04-13'),
(348,80000,'카드','2024-11-25'),
(349,15000,'카드','2024-01-12'),
(350,15000,'보험청구','2024-02-22'),
(351,30000,'보험청구','2024-06-03'),
(353,250000,'카드','2024-06-10'),
(354,15000,'보험청구','2024-04-01'),
(355,15000,'보험청구','2024-04-07'),
(356,55000,'현금','2024-05-01'),
(358,15000,'보험청구','2024-10-26'),
(362,120000,'보험청구','2024-02-24'),
(365,15000,'카드','2024-05-14'),
(366,250000,'현금','2024-10-07'),
(367,15000,'카드','2024-11-11'),
(368,250000,'카드','2024-07-11'),
(370,250000,'현금','2024-10-13'),
(371,80000,'카드','2024-10-11'),
(372,250000,'카드','2024-02-13'),
(373,15000,'보험청구','2024-11-26'),
(374,250000,'카드','2024-11-14'),
(379,30000,'현금','2024-01-21'),
(382,30000,'보험청구','2024-08-10'),
(383,120000,'카드','2024-09-16'),
(384,80000,'보험청구','2024-07-11'),
(385,120000,'카드','2024-08-25'),
(386,250000,'보험청구','2024-07-20'),
(389,15000,'카드','2024-10-23'),
(391,30000,'보험청구','2024-07-06'),
(393,55000,'현금','2024-12-04'),
(394,15000,'보험청구','2024-05-04'),
(395,55000,'현금','2024-05-07'),
(397,55000,'카드','2024-06-24'),
(398,15000,'현금','2024-04-14'),
(399,80000,'카드','2024-10-04'),
(402,15000,'카드','2024-01-24'),
(404,30000,'카드','2024-07-12'),
(406,80000,'카드','2024-06-21'),
(407,120000,'카드','2024-03-11'),
(408,250000,'카드','2024-02-03'),
(410,80000,'보험청구','2024-11-01'),
(411,55000,'보험청구','2024-08-24'),
(412,80000,'현금','2024-08-23'),
(413,120000,'카드','2024-11-10'),
(414,80000,'보험청구','2024-09-09'),
(418,55000,'현금','2024-03-10'),
(419,80000,'현금','2024-01-12'),
(420,80000,'카드','2024-11-13'),
(421,120000,'현금','2024-04-11'),
(422,80000,'현금','2024-03-28'),
(423,30000,'카드','2024-11-23'),
(424,55000,'카드','2024-04-05'),
(425,80000,'현금','2024-05-27'),
(431,250000,'카드','2024-09-09'),
(432,80000,'카드','2024-06-21'),
(433,15000,'현금','2024-11-16'),
(434,250000,'보험청구','2024-06-25'),
(435,15000,'보험청구','2024-12-03'),
(437,80000,'카드','2024-10-08'),
(438,55000,'보험청구','2024-01-24'),
(442,250000,'카드','2024-02-01'),
(444,30000,'현금','2024-12-25'),
(445,15000,'보험청구','2024-06-08'),
(447,15000,'보험청구','2024-06-13'),
(448,55000,'보험청구','2024-06-06'),
(449,250000,'현금','2024-02-23'),
(450,30000,'카드','2024-10-22'),
(451,30000,'보험청구','2024-07-14'),
(453,15000,'현금','2024-11-07'),
(454,80000,'보험청구','2024-03-26'),
(456,80000,'보험청구','2024-05-05'),
(459,15000,'현금','2024-09-04'),
(461,250000,'카드','2024-06-17'),
(463,250000,'카드','2024-01-15'),
(464,55000,'보험청구','2024-09-06'),
(465,80000,'보험청구','2024-03-03'),
(466,120000,'보험청구','2024-05-22'),
(468,15000,'카드','2024-05-15'),
(469,250000,'카드','2024-07-12'),
(470,30000,'현금','2024-10-08'),
(472,250000,'카드','2024-02-18'),
(474,120000,'현금','2024-04-15'),
(475,120000,'보험청구','2024-12-13'),
(476,30000,'카드','2024-09-14'),
(477,80000,'카드','2024-01-27'),
(478,80000,'현금','2024-01-13'),
(479,15000,'현금','2024-06-09'),
(480,15000,'카드','2024-12-14'),
(484,120000,'카드','2024-05-10'),
(485,55000,'카드','2024-07-02'),
(486,30000,'현금','2024-12-17'),
(488,80000,'현금','2024-12-12'),
(489,55000,'현금','2024-03-13'),
(492,30000,'카드','2024-06-20'),
(493,250000,'카드','2024-04-15'),
(494,55000,'보험청구','2024-03-25'),
(495,15000,'현금','2024-10-03'),
(497,30000,'카드','2024-11-03'),
(499,80000,'보험청구','2024-12-01'),
(500,120000,'보험청구','2024-06-11'),
(501,30000,'현금','2024-05-01'),
(505,30000,'현금','2024-09-15'),
(506,250000,'보험청구','2024-10-14'),
(507,250000,'보험청구','2024-08-16'),
(508,120000,'현금','2024-11-28'),
(509,120000,'카드','2024-02-05'),
(510,30000,'현금','2024-01-24'),
(511,55000,'현금','2024-12-18'),
(513,250000,'보험청구','2024-04-20'),
(514,80000,'카드','2024-10-01'),
(515,80000,'현금','2024-01-18'),
(517,120000,'카드','2024-03-20'),
(521,120000,'보험청구','2024-05-21'),
(524,15000,'현금','2024-11-26'),
(525,250000,'현금','2024-06-23'),
(526,30000,'보험청구','2024-09-18'),
(527,80000,'현금','2024-09-02'),
(530,15000,'현금','2024-09-26'),
(531,15000,'현금','2024-06-26'),
(532,80000,'현금','2024-04-20'),
(533,120000,'카드','2024-03-05'),
(534,55000,'보험청구','2024-03-01'),
(536,55000,'보험청구','2024-03-13'),
(537,15000,'카드','2024-11-22'),
(538,250000,'카드','2024-05-20'),
(539,15000,'카드','2024-07-27'),
(541,30000,'현금','2024-01-22'),
(543,55000,'현금','2024-03-22'),
(544,80000,'현금','2024-02-27'),
(545,30000,'보험청구','2024-07-04'),
(546,55000,'보험청구','2024-12-27'),
(548,55000,'카드','2024-07-18'),
(549,30000,'보험청구','2024-10-10'),
(552,55000,'현금','2024-08-24'),
(553,80000,'보험청구','2024-08-08'),
(555,80000,'현금','2024-11-06'),
(557,80000,'카드','2024-09-14'),
(558,80000,'현금','2024-09-09'),
(559,120000,'현금','2024-08-04'),
(560,80000,'보험청구','2024-02-25'),
(561,30000,'현금','2024-03-03'),
(564,55000,'카드','2024-08-26'),
(565,15000,'카드','2024-12-22'),
(566,30000,'보험청구','2024-08-07'),
(568,120000,'현금','2024-10-08'),
(570,15000,'카드','2024-01-25'),
(571,15000,'현금','2024-03-17'),
(572,30000,'카드','2024-11-24'),
(573,250000,'카드','2024-09-11'),
(574,120000,'카드','2024-06-14'),
(575,30000,'카드','2024-10-02'),
(576,120000,'카드','2024-06-11'),
(577,120000,'현금','2024-06-20'),
(578,15000,'현금','2024-08-25'),
(583,30000,'보험청구','2024-10-04'),
(585,120000,'보험청구','2024-03-06'),
(587,55000,'카드','2024-09-21'),
(588,250000,'보험청구','2024-07-28'),
(589,15000,'현금','2024-01-15'),
(593,55000,'보험청구','2024-05-26'),
(594,15000,'카드','2024-04-26'),
(595,55000,'카드','2024-08-06'),
(596,55000,'보험청구','2024-03-18'),
(600,80000,'카드','2024-08-10'),
(601,55000,'보험청구','2024-09-13'),
(602,80000,'보험청구','2024-11-16'),
(604,80000,'보험청구','2024-12-21'),
(605,80000,'카드','2024-03-16'),
(612,55000,'카드','2024-11-16'),
(613,250000,'현금','2024-08-17'),
(614,30000,'카드','2024-02-14'),
(615,15000,'현금','2024-04-14'),
(616,120000,'현금','2024-08-01'),
(617,250000,'현금','2024-02-28'),
(618,30000,'현금','2024-09-11'),
(619,80000,'현금','2024-06-18'),
(620,30000,'현금','2024-03-09'),
(621,250000,'카드','2024-02-03'),
(622,80000,'현금','2024-05-09'),
(623,30000,'현금','2024-11-15'),
(624,30000,'카드','2024-06-03'),
(626,250000,'현금','2024-01-18'),
(628,30000,'보험청구','2024-02-07'),
(629,80000,'현금','2024-12-06'),
(630,30000,'보험청구','2024-09-24'),
(631,120000,'보험청구','2024-01-04'),
(632,80000,'보험청구','2024-12-24'),
(633,30000,'현금','2024-02-13'),
(634,30000,'보험청구','2024-03-03'),
(636,250000,'카드','2024-11-13'),
(637,80000,'보험청구','2024-08-13'),
(639,250000,'보험청구','2024-11-11'),
(640,80000,'보험청구','2024-08-11');
INSERT INTO billings VALUES
(643,55000,'카드','2024-12-27'),
(645,80000,'현금','2024-07-06'),
(647,55000,'현금','2024-10-23'),
(648,15000,'카드','2024-12-18'),
(650,30000,'보험청구','2024-08-19'),
(651,80000,'보험청구','2024-01-19'),
(652,55000,'카드','2024-02-17'),
(654,15000,'카드','2024-01-23'),
(655,250000,'보험청구','2024-09-14'),
(656,80000,'현금','2024-09-02'),
(657,30000,'보험청구','2024-01-22'),
(658,30000,'보험청구','2024-05-27'),
(660,120000,'카드','2024-12-25'),
(665,30000,'카드','2024-11-20'),
(666,30000,'카드','2024-12-10'),
(667,120000,'카드','2024-10-01'),
(668,120000,'카드','2024-06-20'),
(669,80000,'현금','2024-12-11'),
(670,120000,'카드','2024-11-08'),
(671,250000,'현금','2024-03-25'),
(672,250000,'카드','2024-09-04'),
(673,250000,'현금','2024-12-13'),
(675,55000,'보험청구','2024-05-09'),
(676,15000,'보험청구','2024-12-01'),
(677,80000,'보험청구','2024-11-15'),
(679,30000,'현금','2024-11-17'),
(680,30000,'보험청구','2024-03-05'),
(682,250000,'현금','2024-12-24'),
(684,15000,'현금','2024-05-15'),
(685,120000,'보험청구','2024-11-23'),
(689,80000,'카드','2024-02-27'),
(693,55000,'카드','2024-11-16'),
(694,55000,'보험청구','2024-11-22'),
(696,55000,'카드','2024-11-22'),
(697,250000,'카드','2024-02-10'),
(700,250000,'카드','2024-07-25');
